-- phpMyAdmin SQL Dump
-- version 4.7.3
-- https://www.phpmyadmin.net/
--
-- 主機: localhost:3306
-- 產生時間： 2018 年 01 月 11 日 15:27
-- 伺服器版本: 5.6.36-cll-lve
-- PHP 版本： 5.6.30

SET SQL_MODE = "NO_AUTO_VALUE_ON_ZERO";
SET AUTOCOMMIT = 0;
START TRANSACTION;
SET time_zone = "+00:00";


/*!40101 SET @OLD_CHARACTER_SET_CLIENT=@@CHARACTER_SET_CLIENT */;
/*!40101 SET @OLD_CHARACTER_SET_RESULTS=@@CHARACTER_SET_RESULTS */;
/*!40101 SET @OLD_COLLATION_CONNECTION=@@COLLATION_CONNECTION */;
/*!40101 SET NAMES utf8mb4 */;

--
-- 資料庫： `bradchao_ bradchao`
--

DELIMITER $$
--
-- Procedure
--
CREATE DEFINER=`bradchao`@`localhost` PROCEDURE `SP_RecomnendList` (IN `p_MemberId` VARCHAR(20), IN `p_LevelNum` SMALLINT)  BEGIN

		declare MemberReferral varchar(20);
        
        SELECT myreferral into MemberReferral
        FROM members
        WHERE id = p_MemberId;

		SELECT * FROM
			(
				SELECT
						0 as leveldiff, referral,
						id, name, email, levelname, regtime, status
					FROM members
					WHERE id = p_MemberId
			) t1
		UNION ALL
		SELECT * FROM
			(
				SELECT
                		b.leveldiff, a.referral,
						a.id, a.name, a.email, a.levelname, a.regtime, a.status
					FROM members AS a 
						INNER JOIN recommendmap AS b
						ON b.referral = MemberReferral
							AND a.id = b.memid
							AND b.leveldiff <= p_LevelNum
						ORDER BY b.leveldiff, a.referral, a.id
			) t2;

END$$

DELIMITER ;

-- --------------------------------------------------------

--
-- 資料表結構 `banners`
--

CREATE TABLE `banners` (
  `no` int(11) NOT NULL COMMENT '流水號(PK)',
  `name` varchar(29) NOT NULL COMMENT '輪播名稱',
  `pic` varchar(50) NOT NULL COMMENT '圖片檔名',
  `url` varchar(200) NOT NULL COMMENT '連結URL',
  `sort` int(11) NOT NULL DEFAULT '1' COMMENT '順序(1最小)',
  `status` char(1) NOT NULL COMMENT '狀態(0:下架，1:上架)',
  `lang` varchar(10) NOT NULL COMMENT '語系代碼',
  `addtime` datetime NOT NULL COMMENT '建立時間',
  `updatetime` datetime NOT NULL COMMENT '修改時間'
) ENGINE=InnoDB DEFAULT CHARSET=utf8 COMMENT='輪播橫幅';

--
-- 資料表的匯出資料 `banners`
--

INSERT INTO `banners` (`no`, `name`, `pic`, `url`, `sort`, `status`, `lang`, `addtime`, `updatetime`) VALUES
(1, 'test1', '201711061159016357.jpg', 'http://advinfo.taironlife.com/index.php', -4, '1', '', '0000-00-00 00:00:00', '2017-11-06 11:59:09'),
(2, 'test2', '201711061200098202.jpg', 'http://advinfo.taironlife.com/index.php', 1, '1', '', '0000-00-00 00:00:00', '2017-11-06 12:00:13'),
(3, 'test3', '201711061200224078.jpg', 'http://advinfo.taironlife.com/index.php', 6, '1', '', '0000-00-00 00:00:00', '2017-11-06 12:00:25'),
(5, '使用者故事', '201711131038269725.png', 'http://advinfo.taironlife.com/pd_page.php?proid=TEEEEEEST', 16, '1', '', '2017-11-13 10:38:29', '2017-11-28 16:22:57'),
(6, '珍菌堂', '201712061556551860.png', '', 21, '1', '', '2017-12-06 15:57:02', '2017-12-06 15:57:02');

-- --------------------------------------------------------

--
-- 資料表結構 `checkout`
--

CREATE TABLE `checkout` (
  `id` int(11) NOT NULL COMMENT '結帳ID (PK)',
  `ordid` int(11) NOT NULL COMMENT '訂單ID',
  `out_date` date NOT NULL COMMENT '出貨日期',
  `return_date` date NOT NULL COMMENT '退貨日期',
  `checkout_date` date NOT NULL COMMENT '結帳日期',
  `pay_date` date NOT NULL COMMENT '撥款日期',
  `members_id` varchar(20) NOT NULL COMMENT '訂購者ID(給PV的會員)',
  `referral` varchar(20) NOT NULL COMMENT '直銷會員ID(得到PV的會員)',
  `referral_type` char(1) NOT NULL COMMENT '1代表公司,2代表直銷會員',
  `bonuce` double NOT NULL COMMENT '分配bonuce值(正數代表取得，負數代表退)',
  `bonuce_percent` double NOT NULL DEFAULT '0' COMMENT '計算bonuce的%數',
  `generation` int(11) NOT NULL DEFAULT '0' COMMENT '第n代',
  `checkout_if` enum('Y','N') NOT NULL DEFAULT 'N' COMMENT '結帳狀態(Y代表已結,N代表未結)',
  `checkout_list_id` int(11) NOT NULL DEFAULT '0',
  `checkout_bonuce` double NOT NULL DEFAULT '0',
  `check_money` double NOT NULL DEFAULT '0',
  `pay_if` enum('Y','N') NOT NULL DEFAULT 'N' COMMENT '撥款狀態(Y代表已發,N代表未發)',
  `pay_list_id` int(11) NOT NULL DEFAULT '0',
  `pay_money` double NOT NULL DEFAULT '0',
  `mktime` datetime NOT NULL COMMENT '建立時間'
) ENGINE=InnoDB DEFAULT CHARSET=utf8;

--
-- 資料表的匯出資料 `checkout`
--

INSERT INTO `checkout` (`id`, `ordid`, `out_date`, `return_date`, `checkout_date`, `pay_date`, `members_id`, `referral`, `referral_type`, `bonuce`, `bonuce_percent`, `generation`, `checkout_if`, `checkout_list_id`, `checkout_bonuce`, `check_money`, `pay_if`, `pay_list_id`, `pay_money`, `mktime`) VALUES
(1, 1513660152, '2017-12-19', '0000-00-00', '2018-01-02', '0000-00-00', 'zjttw_test13', 'zjttw_test13', '2', 168, 20, 0, 'Y', 2, 168, 2000, 'N', 0, 0, '2017-12-19 13:11:14'),
(2, 1513660152, '2017-12-19', '0000-00-00', '2018-01-02', '0000-00-00', 'zjttw_test13', 'zjttw_test12', '2', 67.2, 8, 1, 'Y', 2, 0, 0, 'N', 0, 0, '2017-12-19 13:11:14'),
(3, 1513660152, '2017-12-19', '0000-00-00', '2018-01-02', '0000-00-00', 'zjttw_test13', 'zjttw_test11', '2', 50.4, 6, 2, 'Y', 2, 0, 0, 'N', 0, 0, '2017-12-19 13:11:14'),
(4, 1513660152, '2017-12-19', '0000-00-00', '2018-01-02', '0000-00-00', 'zjttw_test13', 'zjttw_test10', '2', 25.2, 3, 3, 'Y', 2, 0, 0, 'N', 0, 0, '2017-12-19 13:11:14'),
(5, 1513660152, '2017-12-19', '0000-00-00', '2018-01-02', '0000-00-00', 'zjttw_test13', 'zjttw_test9', '2', 4.2, 0.5, 4, 'Y', 2, 0, 0, 'N', 0, 0, '2017-12-19 13:11:14'),
(6, 1513660152, '2017-12-19', '0000-00-00', '2018-01-02', '0000-00-00', 'zjttw_test13', 'zjttw_test8', '2', 4.2, 0.5, 5, 'Y', 2, 0, 0, 'N', 0, 0, '2017-12-19 13:11:14'),
(7, 1513660152, '2017-12-19', '0000-00-00', '2018-01-02', '0000-00-00', 'zjttw_test13', 'zjttw_test7', '2', 4.2, 0.5, 6, 'Y', 2, 0, 0, 'N', 0, 0, '2017-12-19 13:11:14'),
(8, 1513660152, '2017-12-19', '0000-00-00', '2018-01-02', '0000-00-00', 'zjttw_test13', 'zjttw_test6', '2', 4.2, 0.5, 7, 'Y', 2, 0, 0, 'N', 0, 0, '2017-12-19 13:11:14'),
(9, 1513660152, '2017-12-19', '0000-00-00', '2018-01-02', '0000-00-00', 'zjttw_test13', 'zjttw_test5', '2', 4.2, 0.5, 8, 'Y', 2, 0, 0, 'N', 0, 0, '2017-12-19 13:11:14'),
(10, 1513660152, '2017-12-19', '0000-00-00', '2018-01-02', '0000-00-00', 'zjttw_test13', 'zjttw_test4', '2', 4.2, 0.5, 9, 'Y', 2, 0, 0, 'N', 0, 0, '2017-12-19 13:11:14'),
(11, 1513660152, '2017-12-19', '0000-00-00', '2018-01-02', '0000-00-00', 'zjttw_test13', 'zjttw_test3', '2', 4.2, 0.5, 10, 'Y', 2, 0, 0, 'N', 0, 0, '2017-12-19 13:11:14'),
(12, 1513660152, '2017-12-19', '0000-00-00', '2018-01-02', '0000-00-00', 'zjttw_test13', 'zjttw_test2', '2', 4.2, 0.5, 11, 'Y', 2, 0, 0, 'N', 0, 0, '2017-12-19 13:11:14'),
(13, 1513660152, '2017-12-19', '0000-00-00', '2018-01-02', '0000-00-00', 'zjttw_test13', 'zjttw_test1', '2', 4.2, 0.5, 12, 'Y', 2, 4.2, 3000, 'N', 0, 0, '2017-12-19 13:11:14');

-- --------------------------------------------------------

--
-- 資料表結構 `checkout_list`
--

CREATE TABLE `checkout_list` (
  `id` int(11) NOT NULL COMMENT '結帳ID (PK)',
  `s_date` date NOT NULL,
  `e_date` date NOT NULL,
  `total_checkout` double NOT NULL,
  `admin` varchar(20) NOT NULL,
  `mktime` datetime NOT NULL COMMENT '建立時間'
) ENGINE=MyISAM DEFAULT CHARSET=utf8;

--
-- 資料表的匯出資料 `checkout_list`
--

INSERT INTO `checkout_list` (`id`, `s_date`, `e_date`, `total_checkout`, `admin`, `mktime`) VALUES
(1, '2017-12-01', '2018-01-02', 172.2, 'admin', '2018-01-02 09:21:55'),
(2, '2017-12-01', '2018-01-02', 172.2, 'admin', '2018-01-02 09:24:06');

-- --------------------------------------------------------

--
-- 資料表結構 `cstypes`
--

CREATE TABLE `cstypes` (
  `no` int(11) NOT NULL COMMENT '流水號(PK)',
  `name` varchar(20) NOT NULL COMMENT '問題類別名稱',
  `lang` varchar(10) NOT NULL COMMENT '語系代碼',
  `addtime` datetime NOT NULL COMMENT '建立時間',
  `updatetime` datetime NOT NULL COMMENT '修改時間'
) ENGINE=InnoDB DEFAULT CHARSET=utf8 COMMENT='客服問題類別';

--
-- 資料表的匯出資料 `cstypes`
--

INSERT INTO `cstypes` (`no`, `name`, `lang`, `addtime`, `updatetime`) VALUES
(1, '一般問題', '', '2017-11-17 11:13:06', '2017-11-17 11:13:06'),
(2, '商品問題', '', '2017-11-21 16:42:02', '2017-11-21 16:42:02'),
(3, '退貨相關', '', '2017-11-21 16:42:09', '2017-11-21 16:42:09'),
(4, '其他問題', '', '2017-11-28 16:27:32', '2017-12-07 11:08:57');

-- --------------------------------------------------------

--
-- 資料表結構 `customerservices`
--

CREATE TABLE `customerservices` (
  `no` int(11) NOT NULL COMMENT '流水號(PK)',
  `cstype_no` int(11) NOT NULL COMMENT '問題分類編號',
  `content` text NOT NULL COMMENT '問題內容',
  `name` varchar(50) NOT NULL COMMENT '姓名',
  `phone` varchar(20) NOT NULL COMMENT '電話',
  `email` varchar(50) NOT NULL COMMENT '電子信箱',
  `reply` text NOT NULL COMMENT '回電答覆內容',
  `status` char(1) NOT NULL DEFAULT '0' COMMENT '單據狀態',
  `memo` varchar(500) NOT NULL COMMENT '備註',
  `addtime` datetime NOT NULL COMMENT '建立時間',
  `updatetime` datetime NOT NULL COMMENT '修改時間'
) ENGINE=InnoDB DEFAULT CHARSET=utf8 COMMENT='客服資料';

--
-- 資料表的匯出資料 `customerservices`
--

INSERT INTO `customerservices` (`no`, `cstype_no`, `content`, `name`, `phone`, `email`, `reply`, `status`, `memo`, `addtime`, `updatetime`) VALUES
(1, 1, '測試', '趙令文', '0912123456', 'brad@brad.tw', '', '0', '', '0000-00-00 00:00:00', '0000-00-00 00:00:00'),
(2, 1, '', '', '', '', '', '0', '', '0000-00-00 00:00:00', '0000-00-00 00:00:00'),
(3, 1, '', '', '', '', '', '0', '', '0000-00-00 00:00:00', '0000-00-00 00:00:00'),
(4, 2, 'testtesttesttesttesttesttesttesttesttesttesttesttest', 'test', 'test01', 'test01@Gmail.com', '', '0', '', '0000-00-00 00:00:00', '0000-00-00 00:00:00'),
(5, 0, '~TEST~', 'test1', '0912-345678', 'test1@mail.com', '', '0', '', '2017-12-19 00:07:35', '0000-00-00 00:00:00'),
(6, 1, 'ttt', 'ttttt', 'tttt', 'ttttt@tttttttt.tttt', '', '0', '', '2017-12-29 15:47:01', '2017-12-29 15:47:01');

-- --------------------------------------------------------

--
-- 資料表結構 `floginlogs`
--

CREATE TABLE `floginlogs` (
  `no` int(11) NOT NULL COMMENT '流水號(PK)',
  `memid` varchar(20) NOT NULL COMMENT '會員編號',
  `action` varchar(20) NOT NULL COMMENT '動作',
  `addtime` datetime NOT NULL COMMENT '建立時間'
) ENGINE=InnoDB DEFAULT CHARSET=utf8 COMMENT='前台會員登入紀錄';

-- --------------------------------------------------------

--
-- 資料表結構 `languages`
--

CREATE TABLE `languages` (
  `no` int(11) NOT NULL COMMENT '流水號(PK)',
  `lang` varchar(10) NOT NULL COMMENT '語系代碼',
  `name` varchar(10) NOT NULL COMMENT '語系名稱',
  `addtime` datetime NOT NULL COMMENT '建立時間',
  `updatetime` datetime NOT NULL COMMENT '修改時間'
) ENGINE=InnoDB DEFAULT CHARSET=utf8 COMMENT='語系資料';

--
-- 資料表的匯出資料 `languages`
--

INSERT INTO `languages` (`no`, `lang`, `name`, `addtime`, `updatetime`) VALUES
(1, 'zh-hant', '繁體中文', '2017-10-30 09:03:22', '2017-10-30 09:03:22');

-- --------------------------------------------------------

--
-- 資料表結構 `logistics`
--

CREATE TABLE `logistics` (
  `no` int(11) NOT NULL COMMENT '流水號(PK)',
  `name` varchar(50) NOT NULL COMMENT '物流業者名稱',
  `freeprice` int(11) NOT NULL DEFAULT '0' COMMENT '免運金額',
  `pic` varchar(50) NOT NULL COMMENT '圖片檔名',
  `addtime` datetime NOT NULL COMMENT '建立時間',
  `updatetime` datetime NOT NULL COMMENT '修改時間'
) ENGINE=InnoDB DEFAULT CHARSET=utf8 COMMENT='物流業者資料';

--
-- 資料表的匯出資料 `logistics`
--

INSERT INTO `logistics` (`no`, `name`, `freeprice`, `pic`, `addtime`, `updatetime`) VALUES
(1, '便利達康', 1000, '', '0000-00-00 00:00:00', '0000-00-00 00:00:00'),
(2, '新竹物流', 1000, '', '2017-11-20 22:27:10', '2017-11-20 22:27:10');

-- --------------------------------------------------------

--
-- 資料表結構 `managerlogs`
--

CREATE TABLE `managerlogs` (
  `no` int(11) NOT NULL COMMENT '流水號(PK)',
  `account` varchar(20) NOT NULL COMMENT '管理者帳號',
  `main_key` int(11) NOT NULL COMMENT '主功能鍵',
  `fun_key` int(11) NOT NULL COMMENT '副功能鍵',
  `action` int(11) NOT NULL COMMENT '動作',
  `descript` varchar(100) NOT NULL COMMENT '記錄描述',
  `table` varchar(20) NOT NULL COMMENT '資料表名稱',
  `data` text NOT NULL COMMENT '寫入資料內容',
  `ip` char(15) NOT NULL COMMENT '建立IP',
  `addtime` datetime NOT NULL COMMENT '建立時間'
) ENGINE=InnoDB DEFAULT CHARSET=utf8 COMMENT='後台管理者操作紀錄';

--
-- 資料表的匯出資料 `managerlogs`
--

INSERT INTO `managerlogs` (`no`, `account`, `main_key`, `fun_key`, `action`, `descript`, `table`, `data`, `ip`, `addtime`) VALUES
(1, 'admin', 0, 0, 1, 'admin登入成功', '', '', '59.127.37.46', '2017-10-31 17:06:31'),
(2, 'admin', 1, 1, 2, '列表', '', '', '59.127.37.46', '2017-10-31 17:06:47'),
(3, 'admin', 2, 1, 2, '列表', '', '', '59.127.37.46', '2017-10-31 17:06:49'),
(4, 'admin', 2, 2, 2, '列表', '', '', '59.127.37.46', '2017-10-31 17:06:50'),
(5, 'admin', 1, 1, 2, '列表', '', '', '59.127.37.46', '2017-10-31 17:07:05'),
(6, 'admin', 2, 1, 2, '列表', '', '', '59.127.37.46', '2017-10-31 17:07:08'),
(7, 'admin', 1, 1, 2, '列表', '', '', '59.127.37.46', '2017-10-31 17:07:08'),
(8, 'admin', 3, 1, 2, '列表', '', '', '59.127.37.46', '2017-10-31 17:07:27'),
(9, 'admin', 3, 1, 4, '健康食品 id:1', '', '', '59.127.37.46', '2017-10-31 17:08:34'),
(10, 'admin', 3, 1, 4, '健康器材 id:2', '', '', '59.127.37.46', '2017-10-31 17:09:08'),
(11, 'admin', 3, 1, 2, '列表', '', '', '59.127.37.46', '2017-10-31 17:09:14'),
(12, 'admin', 3, 1, 4, '第二階1 id:3', '', '', '59.127.37.46', '2017-10-31 17:09:58'),
(13, 'admin', 3, 1, 4, '第二階2 id:4', '', '', '59.127.37.46', '2017-10-31 17:10:10'),
(14, 'admin', 3, 1, 2, '列表', '', '', '59.127.37.46', '2017-10-31 17:10:12'),
(15, 'admin', 3, 1, 4, '第三階1 id:5', '', '', '59.127.37.46', '2017-10-31 17:10:21'),
(16, 'admin', 3, 1, 4, '第三階2 id:6', '', '', '59.127.37.46', '2017-10-31 17:10:28'),
(17, 'admin', 3, 1, 8, '第三階2 id:6', '', '', '59.127.37.46', '2017-10-31 17:10:32'),
(18, 'admin', 3, 2, 2, '列表', '', '', '59.127.37.46', '2017-10-31 17:10:36'),
(19, 'admin', 3, 2, 4, 'ZJT-001099 id:ZJT-001099', '', '', '59.127.37.46', '2017-10-31 17:12:27'),
(20, 'admin', 2, 1, 2, '列表', '', '', '59.127.37.46', '2017-10-31 17:12:47'),
(21, 'admin', 2, 2, 2, '列表', '', '', '59.127.37.46', '2017-10-31 17:12:47'),
(22, 'admin', 0, 0, 1, 'admin登入成功', '', '', '120.108.127.29', '2017-10-31 17:14:19'),
(23, 'admin', 3, 1, 2, '列表', '', '', '120.108.127.29', '2017-10-31 17:14:42'),
(24, 'admin', 0, 0, 1, 'admin登入成功', '', '', '59.127.37.46', '2017-10-31 17:15:57'),
(25, 'admin', 1, 1, 2, '列表', '', '', '59.127.37.46', '2017-10-31 17:16:02'),
(26, 'admin', 0, 0, 1, 'admin登入成功', '', '', '122.116.150.119', '2017-10-31 17:16:08'),
(27, 'admin', 2, 1, 2, '列表', '', '', '59.127.37.46', '2017-10-31 17:16:13'),
(28, 'admin', 2, 2, 2, '列表', '', '', '59.127.37.46', '2017-10-31 17:16:14'),
(29, 'admin', 2, 1, 2, '列表', '', '', '59.127.37.46', '2017-10-31 17:16:16'),
(30, 'admin', 3, 1, 2, '列表', '', '', '59.127.37.46', '2017-10-31 17:16:17'),
(31, 'admin', 3, 1, 2, '列表', '', '', '122.116.150.119', '2017-10-31 17:16:18'),
(32, 'admin', 3, 2, 2, '列表', '', '', '122.116.150.119', '2017-10-31 17:16:20'),
(33, 'admin', 3, 3, 2, '列表', '', '', '59.127.37.46', '2017-10-31 17:16:25'),
(34, 'admin', 3, 4, 2, '列表', '', '', '59.127.37.46', '2017-10-31 17:16:27'),
(35, 'admin', 3, 2, 2, '列表', '', '', '59.127.37.46', '2017-10-31 17:16:27'),
(36, 'admin', 3, 1, 2, '列表', '', '', '59.127.37.46', '2017-10-31 17:16:35'),
(37, 'admin', 3, 3, 2, '列表', '', '', '122.116.150.119', '2017-10-31 17:16:36'),
(38, 'admin', 3, 4, 2, '列表', '', '', '122.116.150.119', '2017-10-31 17:16:40'),
(39, 'admin', 2, 2, 2, '列表', '', '', '122.116.150.119', '2017-10-31 17:16:45'),
(40, 'admin', 1, 1, 2, '列表', '', '', '122.116.150.119', '2017-10-31 17:16:53'),
(41, 'admin', 3, 1, 2, '列表', '', '', '122.116.150.119', '2017-10-31 17:17:08'),
(42, 'admin', 3, 2, 2, '列表', '', '', '122.116.150.119', '2017-10-31 17:17:52'),
(43, 'admin', 3, 3, 2, '列表', '', '', '122.116.150.119', '2017-10-31 17:17:54'),
(44, 'admin', 3, 4, 2, '列表', '', '', '122.116.150.119', '2017-10-31 17:17:55'),
(45, 'admin', 2, 1, 2, '列表', '', '', '122.116.150.119', '2017-10-31 17:17:57'),
(46, 'admin', 1, 1, 2, '列表', '', '', '122.116.150.119', '2017-10-31 17:18:00'),
(47, 'admin', 3, 1, 2, '列表', '', '', '122.116.150.119', '2017-10-31 17:18:09'),
(48, 'admin', 3, 2, 2, '列表', '', '', '122.116.150.119', '2017-10-31 17:18:11'),
(49, 'admin', 0, 0, 1, 'admin登入成功', '', '', '59.127.37.46', '2017-10-31 17:19:55'),
(50, 'admin', 3, 1, 2, '列表', '', '', '59.127.37.46', '2017-10-31 17:19:58'),
(51, 'admin', 0, 0, 1, 'admin登入成功', '', '', '223.137.148.221', '2017-10-31 17:21:06'),
(52, 'admin', 3, 1, 2, '列表', '', '', '223.137.148.221', '2017-10-31 17:21:46'),
(53, 'admin', 0, 0, 1, 'admin登入成功', '', '', '61.63.182.149', '2017-10-31 17:22:14'),
(54, 'admin', 3, 1, 2, '列表', '', '', '61.63.182.149', '2017-10-31 17:22:32'),
(55, 'admin', 2, 1, 2, '列表', '', '', '61.63.182.149', '2017-10-31 17:23:11'),
(56, 'admin', 2, 2, 2, '列表', '', '', '61.63.182.149', '2017-10-31 17:23:29'),
(57, 'admin', 1, 1, 2, '列表', '', '', '61.63.182.149', '2017-10-31 17:23:31'),
(58, 'admin', 2, 1, 2, '列表', '', '', '61.63.182.149', '2017-10-31 17:23:37'),
(59, 'admin', 3, 1, 2, '列表', '', '', '61.63.182.149', '2017-10-31 17:23:39'),
(60, 'admin', 3, 2, 2, '列表', '', '', '61.63.182.149', '2017-10-31 17:23:40'),
(61, 'admin', 3, 3, 2, '列表', '', '', '61.63.182.149', '2017-10-31 17:23:41'),
(62, 'admin', 3, 4, 2, '列表', '', '', '61.63.182.149', '2017-10-31 17:23:43'),
(63, 'admin', 3, 2, 2, '列表', '', '', '61.63.182.149', '2017-10-31 17:23:51'),
(64, 'admin', 3, 4, 2, '列表', '', '', '61.63.182.149', '2017-10-31 17:23:56'),
(65, 'admin', 2, 1, 2, '列表', '', '', '122.116.150.119', '2017-10-31 17:26:58'),
(66, 'admin', 3, 3, 2, '列表', '', '', '122.116.150.119', '2017-10-31 17:27:01'),
(67, 'admin', 3, 2, 2, '列表', '', '', '122.116.150.119', '2017-10-31 17:28:37'),
(68, 'admin', 3, 3, 2, '列表', '', '', '122.116.150.119', '2017-10-31 17:28:39'),
(69, 'admin', 3, 4, 2, '列表', '', '', '122.116.150.119', '2017-10-31 17:28:40'),
(70, 'admin', 3, 3, 2, '列表', '', '', '122.116.150.119', '2017-10-31 17:28:41'),
(71, 'admin', 3, 2, 2, '列表', '', '', '122.116.150.119', '2017-10-31 17:28:43'),
(72, 'admin', 3, 3, 2, '列表', '', '', '122.116.150.119', '2017-10-31 17:30:03'),
(73, 'admin', 3, 4, 2, '列表', '', '', '122.116.150.119', '2017-10-31 17:30:04'),
(74, 'admin', 1, 1, 2, '列表', '', '', '122.116.150.119', '2017-10-31 17:30:06'),
(75, 'admin', 3, 1, 2, '列表', '', '', '122.116.150.119', '2017-10-31 17:30:09'),
(76, 'admin', 2, 1, 2, '列表', '', '', '122.116.150.119', '2017-10-31 17:30:21'),
(77, 'admin', 2, 2, 2, '列表', '', '', '122.116.150.119', '2017-10-31 17:30:22'),
(78, 'admin', 2, 1, 2, '列表', '', '', '122.116.150.119', '2017-10-31 17:30:31'),
(79, 'admin', 0, 0, 1, 'admin登入成功', '', '', '59.127.37.46', '2017-10-31 20:33:35'),
(80, 'admin', 1, 1, 2, '列表', '', '', '59.127.37.46', '2017-10-31 20:33:49'),
(81, 'admin', 1, 1, 4, 'customer id:2', '', '', '59.127.37.46', '2017-10-31 20:34:33'),
(82, 'admin', 2, 1, 2, '列表', '', '', '59.127.37.46', '2017-10-31 20:34:40'),
(83, 'admin', 3, 1, 2, '列表', '', '', '59.127.37.46', '2017-10-31 20:35:31'),
(84, 'admin', 2, 1, 2, '列表', '', '', '59.127.37.46', '2017-10-31 20:37:07'),
(85, 'admin', 3, 1, 2, '列表', '', '', '59.127.37.46', '2017-10-31 20:37:18'),
(86, 'admin', 0, 0, 1, 'admin登入成功', '', '', '59.127.37.46', '2017-10-31 20:37:49'),
(87, 'admin', 2, 1, 2, '列表', '', '', '59.127.37.46', '2017-10-31 20:37:56'),
(88, 'admin', 2, 1, 4, 'guest', '', '', '59.127.37.46', '2017-10-31 20:38:17'),
(89, 'guest', 0, 0, 1, 'admin登入成功', '', '', '59.127.37.46', '2017-10-31 20:38:38'),
(90, 'guest', 3, 1, 2, '列表', '', '', '59.127.37.46', '2017-10-31 20:39:00'),
(91, 'admin', 0, 0, 1, 'admin登入成功', '', '', '180.217.222.213', '2017-11-02 14:11:41'),
(92, 'admin', 3, 1, 2, '列表', '', '', '180.217.222.213', '2017-11-02 14:11:47'),
(93, 'admin', 0, 0, 1, 'admin登入成功', '', '', '61.63.182.149', '2017-11-03 16:40:03'),
(94, 'admin', 3, 1, 2, '列表', '', '', '61.63.182.149', '2017-11-03 16:40:12'),
(95, 'admin', 3, 2, 2, '列表', '', '', '61.63.182.149', '2017-11-03 16:40:13'),
(96, 'admin', 3, 3, 2, '列表', '', '', '61.63.182.149', '2017-11-03 16:40:14'),
(97, 'admin', 3, 4, 2, '列表', '', '', '61.63.182.149', '2017-11-03 16:40:15'),
(98, 'admin', 3, 3, 2, '列表', '', '', '61.63.182.149', '2017-11-03 16:40:17'),
(99, 'admin', 3, 2, 2, '列表', '', '', '61.63.182.149', '2017-11-03 16:40:18'),
(100, 'admin', 3, 1, 2, '列表', '', '', '61.63.182.149', '2017-11-03 16:40:19'),
(101, 'Admin', 0, 0, 1, 'admin登入成功', '', '', '101.13.23.5', '2017-11-03 18:29:37'),
(102, 'admin', 3, 2, 2, '列表', '', '', '101.13.23.5', '2017-11-03 18:29:51'),
(103, 'admin', 3, 3, 2, '列表', '', '', '101.13.23.5', '2017-11-03 18:30:03'),
(104, 'admin', 3, 4, 2, '列表', '', '', '101.13.23.5', '2017-11-03 18:30:07'),
(105, 'admin', 3, 2, 2, '列表', '', '', '101.13.23.5', '2017-11-03 18:30:09'),
(106, 'admin', 3, 4, 2, '列表', '', '', '101.13.23.5', '2017-11-03 18:30:27'),
(107, 'admin', 3, 3, 2, '列表', '', '', '101.13.23.5', '2017-11-03 18:30:30'),
(108, 'admin', 3, 2, 2, '列表', '', '', '101.13.23.5', '2017-11-03 18:30:32'),
(109, 'admin', 0, 0, 1, 'admin登入成功', '', '', '125.227.11.67', '2017-11-03 20:06:26'),
(110, 'admin', 1, 1, 2, '列表', '', '', '125.227.11.67', '2017-11-03 20:06:35'),
(111, 'admin', 2, 1, 2, '列表', '', '', '125.227.11.67', '2017-11-03 20:06:47'),
(112, 'admin', 2, 2, 2, '列表', '', '', '125.227.11.67', '2017-11-03 20:06:52'),
(113, 'admin', 1, 1, 2, '列表', '', '', '125.227.11.67', '2017-11-03 20:06:56'),
(114, 'admin', 1, 1, 8, 'customer id:2', '', '', '125.227.11.67', '2017-11-03 20:07:23'),
(115, 'admin', 3, 1, 2, '列表', '', '', '125.227.11.67', '2017-11-03 20:07:28'),
(116, 'admin', 3, 2, 2, '列表', '', '', '125.227.11.67', '2017-11-03 20:07:30'),
(117, 'admin', 3, 1, 2, '列表', '', '', '125.227.11.67', '2017-11-03 20:07:32'),
(118, 'admin', 3, 2, 2, '列表', '', '', '125.227.11.67', '2017-11-03 20:07:35'),
(119, 'admin', 3, 3, 2, '列表', '', '', '125.227.11.67', '2017-11-03 20:07:36'),
(120, 'admin', 3, 4, 2, '列表', '', '', '125.227.11.67', '2017-11-03 20:07:38'),
(121, 'admin', 3, 3, 2, '列表', '', '', '125.227.11.67', '2017-11-03 20:07:39'),
(122, 'admin', 3, 2, 2, '列表', '', '', '125.227.11.67', '2017-11-03 20:07:40'),
(123, 'admin', 0, 0, 1, 'admin登入成功', '', '', '121.254.65.41', '2017-11-03 20:21:51'),
(124, 'admin', 3, 1, 2, '列表', '', '', '121.254.65.41', '2017-11-03 20:22:05'),
(125, 'admin', 3, 2, 2, '列表', '', '', '121.254.65.41', '2017-11-03 20:22:07'),
(126, 'admin', 3, 1, 2, '列表', '', '', '121.254.65.41', '2017-11-03 20:22:08'),
(127, 'admin', 3, 2, 2, '列表', '', '', '121.254.65.41', '2017-11-03 20:22:10'),
(128, 'admin', 3, 3, 2, '列表', '', '', '121.254.65.41', '2017-11-03 20:23:04'),
(129, 'admin', 3, 4, 2, '列表', '', '', '121.254.65.41', '2017-11-03 20:23:06'),
(130, 'admin', 3, 2, 2, '列表', '', '', '121.254.65.41', '2017-11-03 20:23:07'),
(131, 'admin', 3, 1, 2, '列表', '', '', '121.254.65.41', '2017-11-03 20:23:08'),
(132, 'admin', 3, 2, 2, '列表', '', '', '121.254.65.41', '2017-11-03 20:37:01'),
(133, 'admin', 3, 1, 2, '列表', '', '', '121.254.65.41', '2017-11-03 20:37:02'),
(134, 'admin', 3, 2, 2, '列表', '', '', '121.254.65.41', '2017-11-03 20:37:03'),
(135, 'admin', 3, 1, 2, '列表', '', '', '121.254.65.41', '2017-11-03 20:37:03'),
(136, 'admin', 3, 2, 2, '列表', '', '', '121.254.65.41', '2017-11-03 20:37:11'),
(137, 'admin', 3, 2, 8, 'ZJT-001099 id:ZJT-001099', '', '', '121.254.65.41', '2017-11-03 20:42:34'),
(138, 'admin', 3, 3, 2, '列表', '', '', '121.254.65.41', '2017-11-03 20:43:36'),
(139, 'admin', 3, 4, 2, '列表', '', '', '121.254.65.41', '2017-11-03 20:43:37'),
(140, 'admin', 3, 1, 2, '列表', '', '', '121.254.65.41', '2017-11-03 20:43:39'),
(141, 'admin', 3, 2, 2, '列表', '', '', '121.254.65.41', '2017-11-03 20:43:43'),
(142, 'admin', 3, 3, 2, '列表', '', '', '121.254.65.41', '2017-11-03 20:43:44'),
(143, 'admin', 3, 2, 2, '列表', '', '', '121.254.65.41', '2017-11-03 20:44:16'),
(144, 'admin', 3, 2, 8, 'ZJT-001099 id:ZJT-001099', '', '', '121.254.65.41', '2017-11-03 20:44:27'),
(145, 'admin', 3, 1, 2, '列表', '', '', '121.254.65.41', '2017-11-03 20:45:31'),
(146, 'admin', 3, 2, 2, '列表', '', '', '121.254.65.41', '2017-11-03 20:46:21'),
(147, 'admin', 3, 3, 2, '列表', '', '', '121.254.65.41', '2017-11-03 20:46:23'),
(148, 'admin', 3, 4, 2, '列表', '', '', '121.254.65.41', '2017-11-03 20:46:24'),
(149, 'admin', 3, 1, 2, '列表', '', '', '121.254.65.41', '2017-11-03 20:46:25'),
(150, 'admin', 1, 1, 2, '列表', '', '', '121.254.65.41', '2017-11-03 20:46:29'),
(151, 'admin', 2, 1, 2, '列表', '', '', '121.254.65.41', '2017-11-03 20:46:40'),
(152, 'admin', 3, 1, 2, '列表', '', '', '121.254.65.41', '2017-11-03 20:47:07'),
(153, 'admin', 3, 3, 2, '列表', '', '', '121.254.65.41', '2017-11-03 20:58:47'),
(154, 'admin', 3, 2, 2, '列表', '', '', '121.254.65.41', '2017-11-03 20:58:49'),
(155, 'admin', 0, 0, 1, 'admin登入成功', '', '', '175.182.69.145', '2017-11-03 21:29:30'),
(156, 'admin', 0, 0, 1, 'admin登入成功', '', '', '175.182.69.145', '2017-11-04 20:40:44'),
(157, 'admin', 3, 1, 2, '列表', '', '', '175.182.69.145', '2017-11-04 20:40:50'),
(158, 'admin', 0, 0, 1, 'admin登入失敗-帳密不正確', '', '', '59.127.37.46', '2017-11-06 11:07:03'),
(159, 'admin', 0, 0, 1, 'admin登入成功', '', '', '59.127.37.46', '2017-11-06 11:07:13'),
(160, 'admin', 3, 1, 2, '列表', '', '', '59.127.37.46', '2017-11-06 11:07:17'),
(161, 'admin', 3, 1, 8, '排序', '', '', '59.127.37.46', '2017-11-06 11:07:35'),
(162, 'admin', 3, 1, 2, '列表', '', '', '59.127.37.46', '2017-11-06 11:08:52'),
(163, 'admin', 3, 1, 8, '排序', '', '', '59.127.37.46', '2017-11-06 11:08:58'),
(164, 'admin', 3, 1, 2, '列表', '', '', '59.127.37.46', '2017-11-06 11:09:16'),
(165, 'admin', 3, 1, 16, '1筆資料(\'10\')', '', '', '59.127.37.46', '2017-11-06 11:12:34'),
(166, 'admin', 3, 1, 2, '列表', '', '', '59.127.37.46', '2017-11-06 11:12:37'),
(167, 'admin', 3, 5, 2, '列表', '', '', '59.127.37.46', '2017-11-06 11:12:45'),
(168, 'admin', 3, 5, 8, '新品上市 id:1', '', '', '59.127.37.46', '2017-11-06 11:14:59'),
(169, 'admin', 3, 5, 4, '促銷商品 id:2', '', '', '59.127.37.46', '2017-11-06 11:15:43'),
(170, 'admin', 3, 5, 8, '排序', '', '', '59.127.37.46', '2017-11-06 11:15:55'),
(171, 'admin', 3, 2, 2, '列表', '', '', '59.127.37.46', '2017-11-06 11:16:07'),
(172, 'admin', 3, 1, 2, '列表', '', '', '59.127.37.46', '2017-11-06 11:16:09'),
(173, 'admin', 3, 5, 2, '列表', '', '', '59.127.37.46', '2017-11-06 11:16:17'),
(174, 'admin', 3, 1, 2, '列表', '', '', '59.127.37.46', '2017-11-06 11:16:19'),
(175, 'admin', 3, 5, 2, '列表', '', '', '59.127.37.46', '2017-11-06 11:16:23'),
(176, 'admin', 3, 4, 2, '列表', '', '', '59.127.37.46', '2017-11-06 11:16:24'),
(177, 'admin', 3, 2, 2, '列表', '', '', '59.127.37.46', '2017-11-06 11:16:26'),
(178, 'admin', 4, 1, 2, '列表', '', '', '59.127.37.46', '2017-11-06 11:16:42'),
(179, 'admin', 5, 1, 2, '列表', '', '', '59.127.37.46', '2017-11-06 11:16:45'),
(180, 'admin', 5, 2, 2, '列表', '', '', '59.127.37.46', '2017-11-06 11:16:46'),
(181, 'admin', 4, 1, 2, '列表', '', '', '59.127.37.46', '2017-11-06 11:16:56'),
(182, 'admin', 3, 1, 2, '列表', '', '', '59.127.37.46', '2017-11-06 11:16:57'),
(183, 'admin', 3, 2, 2, '列表', '', '', '59.127.37.46', '2017-11-06 11:16:58'),
(184, 'admin', 3, 5, 2, '列表', '', '', '59.127.37.46', '2017-11-06 11:17:02'),
(185, 'admin', 3, 2, 2, '列表', '', '', '59.127.37.46', '2017-11-06 11:26:25'),
(186, 'admin', 3, 5, 2, '列表', '', '', '59.127.37.46', '2017-11-06 11:26:26'),
(187, 'admin', 3, 1, 2, '列表', '', '', '59.127.37.46', '2017-11-06 11:27:43'),
(188, 'admin', 3, 2, 2, '列表', '', '', '59.127.37.46', '2017-11-06 11:27:44'),
(189, 'admin', 3, 3, 2, '列表', '', '', '59.127.37.46', '2017-11-06 11:27:52'),
(190, 'admin', 3, 4, 2, '列表', '', '', '59.127.37.46', '2017-11-06 11:27:53'),
(191, 'admin', 3, 5, 2, '列表', '', '', '59.127.37.46', '2017-11-06 11:27:57'),
(192, 'admin', 3, 2, 2, '列表', '', '', '59.127.37.46', '2017-11-06 11:27:58'),
(193, 'admin', 3, 2, 8, 'ZJT-001099 id:ZJT-001099', '', '', '59.127.37.46', '2017-11-06 11:29:23'),
(194, 'admin', 3, 2, 2, '列表', '', '', '59.127.37.46', '2017-11-06 11:30:28'),
(195, 'admin', 4, 1, 2, '列表', '', '', '59.127.37.46', '2017-11-06 11:32:29'),
(196, 'admin', 5, 2, 2, '列表', '', '', '59.127.37.46', '2017-11-06 11:33:19'),
(197, 'admin', 2, 1, 2, '列表', '', '', '59.127.37.46', '2017-11-06 11:36:01'),
(198, 'admin', 4, 1, 2, '列表', '', '', '59.127.37.46', '2017-11-06 11:36:19'),
(199, 'admin', 3, 2, 2, '列表', '', '', '59.127.37.46', '2017-11-06 11:37:40'),
(200, 'admin', 3, 4, 2, '列表', '', '', '59.127.37.46', '2017-11-06 11:37:42'),
(201, 'admin', 3, 2, 2, '列表', '', '', '59.127.37.46', '2017-11-06 11:37:43'),
(202, 'admin', 5, 1, 2, '列表', '', '', '59.127.37.46', '2017-11-06 11:40:40'),
(203, 'admin', 5, 1, 8, '關於我們 id:1', '', '', '59.127.37.46', '2017-11-06 11:57:38'),
(204, 'admin', 5, 2, 2, '列表', '', '', '59.127.37.46', '2017-11-06 11:57:50'),
(205, 'admin', 5, 2, 8, 'test1 id:1', '', '', '59.127.37.46', '2017-11-06 11:59:09'),
(206, 'admin', 5, 2, 8, 'test2 id:2', '', '', '59.127.37.46', '2017-11-06 12:00:13'),
(207, 'admin', 5, 2, 8, 'test3 id:3', '', '', '59.127.37.46', '2017-11-06 12:00:25'),
(208, 'admin', 5, 1, 2, '列表', '', '', '59.127.37.46', '2017-11-06 12:00:42'),
(209, 'admin', 5, 2, 2, '列表', '', '', '59.127.37.46', '2017-11-06 12:00:43'),
(210, 'admin', 5, 2, 8, '排序', '', '', '59.127.37.46', '2017-11-06 12:00:52'),
(211, 'admin', 4, 1, 2, '列表', '', '', '59.127.37.46', '2017-11-06 12:01:13'),
(212, 'admin', 3, 1, 2, '列表', '', '', '59.127.37.46', '2017-11-06 12:01:15'),
(213, 'admin', 3, 5, 2, '列表', '', '', '59.127.37.46', '2017-11-06 12:01:16'),
(214, 'admin', 3, 2, 2, '列表', '', '', '59.127.37.46', '2017-11-06 12:01:17'),
(215, 'admin', 3, 3, 2, '列表', '', '', '59.127.37.46', '2017-11-06 12:01:19'),
(216, 'admin', 3, 2, 2, '列表', '', '', '59.127.37.46', '2017-11-06 12:01:20'),
(217, 'admin', 4, 1, 2, '列表', '', '', '59.127.37.46', '2017-11-06 12:01:23'),
(218, 'admin', 5, 1, 2, '列表', '', '', '59.127.37.46', '2017-11-06 12:05:20'),
(219, 'admin', 5, 2, 2, '列表', '', '', '59.127.37.46', '2017-11-06 12:05:22'),
(220, 'admin', 3, 5, 2, '列表', '', '', '59.127.37.46', '2017-11-06 12:18:41'),
(221, 'admin', 3, 5, 8, '新品上市 id:1', '', '', '59.127.37.46', '2017-11-06 12:18:49'),
(222, 'admin', 3, 5, 8, '促銷商品 id:2', '', '', '59.127.37.46', '2017-11-06 12:18:55'),
(223, 'admin', 3, 2, 2, '列表', '', '', '59.127.37.46', '2017-11-06 12:20:14'),
(224, 'admin', 5, 1, 2, '列表', '', '', '59.127.37.46', '2017-11-06 12:21:24'),
(225, 'admin', 2, 1, 2, '列表', '', '', '59.127.37.46', '2017-11-06 12:21:31'),
(226, 'admin', 5, 1, 2, '列表', '', '', '59.127.37.46', '2017-11-06 12:21:57'),
(227, 'admin', 3, 2, 2, '列表', '', '', '59.127.37.46', '2017-11-06 12:22:38'),
(228, 'admin', 3, 3, 2, '列表', '', '', '59.127.37.46', '2017-11-06 12:23:19'),
(229, 'admin', 3, 4, 2, '列表', '', '', '59.127.37.46', '2017-11-06 12:23:21'),
(230, 'admin', 5, 1, 2, '列表', '', '', '59.127.37.46', '2017-11-06 12:23:27'),
(231, 'admin', 5, 2, 2, '列表', '', '', '59.127.37.46', '2017-11-06 12:24:36'),
(232, 'admin', 4, 1, 2, '列表', '', '', '59.127.37.46', '2017-11-06 12:26:15'),
(233, 'admin', 3, 5, 2, '列表', '', '', '59.127.37.46', '2017-11-06 12:26:19'),
(234, 'admin', 4, 1, 2, '列表', '', '', '59.127.37.46', '2017-11-06 12:27:27'),
(235, 'admin', 3, 5, 2, '列表', '', '', '59.127.37.46', '2017-11-06 12:27:45'),
(236, 'admin', 3, 1, 2, '列表', '', '', '59.127.37.46', '2017-11-06 12:27:46'),
(237, 'admin', 3, 5, 2, '列表', '', '', '59.127.37.46', '2017-11-06 12:27:51'),
(238, 'admin', 4, 1, 2, '列表', '', '', '59.127.37.46', '2017-11-06 12:28:18'),
(239, 'admin', 3, 1, 2, '列表', '', '', '59.127.37.46', '2017-11-06 12:28:20'),
(240, 'admin', 3, 4, 2, '列表', '', '', '59.127.37.46', '2017-11-06 12:29:04'),
(241, 'admin', 3, 5, 2, '列表', '', '', '59.127.37.46', '2017-11-06 12:29:43'),
(242, 'admin', 3, 2, 2, '列表', '', '', '59.127.37.46', '2017-11-06 12:29:45'),
(243, 'admin', 3, 3, 2, '列表', '', '', '59.127.37.46', '2017-11-06 12:30:58'),
(244, 'admin', 2, 1, 2, '列表', '', '', '59.127.37.46', '2017-11-06 12:31:00'),
(245, 'admin', 4, 1, 2, '列表', '', '', '59.127.37.46', '2017-11-06 12:32:02'),
(246, 'admin', 3, 4, 2, '列表', '', '', '59.127.37.46', '2017-11-06 12:32:11'),
(247, 'admin', 4, 1, 2, '列表', '', '', '59.127.37.46', '2017-11-06 12:32:34'),
(248, 'admin', 3, 2, 2, '列表', '', '', '59.127.37.46', '2017-11-06 12:32:45'),
(249, 'admin', 5, 1, 2, '列表', '', '', '59.127.37.46', '2017-11-06 12:35:06'),
(250, 'admin', 5, 2, 2, '列表', '', '', '59.127.37.46', '2017-11-06 12:48:52'),
(251, 'admin', 3, 1, 2, '列表', '', '', '59.127.37.46', '2017-11-06 12:49:22'),
(252, 'admin', 3, 5, 2, '列表', '', '', '59.127.37.46', '2017-11-06 12:49:23'),
(253, 'admin', 3, 2, 2, '列表', '', '', '59.127.37.46', '2017-11-06 12:49:34'),
(254, 'admin', 4, 1, 2, '列表', '', '', '59.127.37.46', '2017-11-06 12:56:46'),
(255, 'admin', 5, 1, 2, '列表', '', '', '59.127.37.46', '2017-11-06 12:56:48'),
(256, 'admin', 5, 2, 2, '列表', '', '', '59.127.37.46', '2017-11-06 12:56:49'),
(257, 'admin', 5, 1, 2, '列表', '', '', '59.127.37.46', '2017-11-06 12:56:50'),
(258, 'admin', 4, 1, 2, '列表', '', '', '59.127.37.46', '2017-11-06 13:03:00'),
(259, 'admin', 3, 1, 2, '列表', '', '', '59.127.37.46', '2017-11-06 13:03:01'),
(260, 'admin', 3, 5, 2, '列表', '', '', '59.127.37.46', '2017-11-06 13:03:02'),
(261, 'admin', 3, 2, 2, '列表', '', '', '59.127.37.46', '2017-11-06 13:03:03'),
(262, 'admin', 3, 3, 2, '列表', '', '', '59.127.37.46', '2017-11-06 13:03:05'),
(263, 'admin', 3, 5, 2, '列表', '', '', '59.127.37.46', '2017-11-06 13:03:06'),
(264, 'admin', 5, 2, 2, '列表', '', '', '59.127.37.46', '2017-11-06 13:04:30'),
(265, 'admin', 4, 1, 2, '列表', '', '', '59.127.37.46', '2017-11-06 13:06:40'),
(266, 'admin', 2, 1, 2, '列表', '', '', '59.127.37.46', '2017-11-06 13:06:46'),
(267, 'admin', 2, 2, 2, '列表', '', '', '59.127.37.46', '2017-11-06 13:06:48'),
(268, 'admin', 0, 0, 1, 'admin登入成功', '', '', '59.127.37.46', '2017-11-06 14:38:53'),
(269, 'admin', 3, 1, 2, '列表', '', '', '59.127.37.46', '2017-11-06 14:38:57'),
(270, 'admin', 3, 4, 2, '列表', '', '', '59.127.37.46', '2017-11-06 14:39:06'),
(271, 'admin', 3, 3, 2, '列表', '', '', '59.127.37.46', '2017-11-06 14:39:07'),
(272, 'admin', 3, 2, 2, '列表', '', '', '59.127.37.46', '2017-11-06 14:39:08'),
(273, 'admin', 4, 1, 2, '列表', '', '', '59.127.37.46', '2017-11-06 14:39:10'),
(274, 'admin', 2, 1, 2, '列表', '', '', '59.127.37.46', '2017-11-06 14:39:17'),
(275, 'admin', 4, 1, 2, '列表', '', '', '59.127.37.46', '2017-11-06 14:39:19'),
(276, 'admin', 3, 5, 2, '列表', '', '', '59.127.37.46', '2017-11-06 14:39:37'),
(277, 'admin', 3, 2, 2, '列表', '', '', '59.127.37.46', '2017-11-06 14:41:34'),
(278, 'admin', 3, 5, 2, '列表', '', '', '59.127.37.46', '2017-11-06 14:44:19'),
(279, 'admin', 0, 0, 1, 'admin登入成功', '', '', '59.127.37.46', '2017-11-06 14:57:16'),
(280, 'admin', 3, 1, 2, '列表', '', '', '59.127.37.46', '2017-11-06 14:57:27'),
(281, 'admin', 0, 0, 1, 'admin登入成功', '', '', '59.127.37.46', '2017-11-06 15:04:06'),
(282, 'admin', 3, 1, 2, '列表', '', '', '59.127.37.46', '2017-11-06 15:04:10'),
(283, 'admin', 3, 5, 2, '列表', '', '', '59.127.37.46', '2017-11-06 15:04:10'),
(284, 'admin', 3, 2, 2, '列表', '', '', '59.127.37.46', '2017-11-06 15:04:11'),
(285, 'admin', 3, 3, 2, '列表', '', '', '59.127.37.46', '2017-11-06 15:04:12'),
(286, 'admin', 3, 4, 2, '列表', '', '', '59.127.37.46', '2017-11-06 15:04:12'),
(287, 'admin', 4, 1, 2, '列表', '', '', '59.127.37.46', '2017-11-06 15:04:13'),
(288, 'admin', 5, 1, 2, '列表', '', '', '59.127.37.46', '2017-11-06 15:04:15'),
(289, 'admin', 0, 0, 1, 'admin登入成功', '', '', '59.127.37.46', '2017-11-06 15:04:15'),
(290, 'admin', 5, 2, 2, '列表', '', '', '59.127.37.46', '2017-11-06 15:04:16'),
(291, 'admin', 4, 1, 2, '列表', '', '', '59.127.37.46', '2017-11-06 15:04:17'),
(292, 'admin', 2, 1, 2, '列表', '', '', '59.127.37.46', '2017-11-06 15:04:22'),
(293, 'admin', 2, 1, 8, 'admin', '', '', '59.127.37.46', '2017-11-06 15:04:39'),
(294, 'admin', 2, 1, 8, 'guest', '', '', '59.127.37.46', '2017-11-06 15:04:53'),
(295, 'admin', 0, 0, 1, 'admin登入成功', '', '', '59.127.37.46', '2017-11-06 15:05:10'),
(296, 'admin', 3, 1, 2, '列表', '', '', '59.127.37.46', '2017-11-06 15:08:02'),
(297, 'admin', 0, 0, 1, 'admin登入成功', '', '', '101.15.1.8', '2017-11-06 15:08:16'),
(298, 'admin', 4, 1, 2, '列表', '', '', '101.15.1.8', '2017-11-06 15:08:25'),
(299, 'admin', 5, 1, 2, '列表', '', '', '101.15.1.8', '2017-11-06 15:08:29'),
(300, 'admin', 1, 1, 2, '列表', '', '', '101.15.1.8', '2017-11-06 15:08:33'),
(301, 'admin', 4, 1, 2, '列表', '', '', '101.15.1.8', '2017-11-06 15:08:41'),
(302, 'admin', 3, 3, 2, '列表', '', '', '59.127.37.46', '2017-11-06 15:08:51'),
(303, 'admin', 3, 4, 2, '列表', '', '', '59.127.37.46', '2017-11-06 15:08:53'),
(304, 'admin', 3, 5, 2, '列表', '', '', '59.127.37.46', '2017-11-06 15:09:11'),
(305, 'admin', 3, 2, 2, '列表', '', '', '59.127.37.46', '2017-11-06 15:09:14'),
(306, 'admin', 3, 3, 2, '列表', '', '', '59.127.37.46', '2017-11-06 15:09:15'),
(307, 'admin', 3, 4, 2, '列表', '', '', '59.127.37.46', '2017-11-06 15:09:16'),
(308, 'admin', 3, 2, 2, '列表', '', '', '59.127.37.46', '2017-11-06 15:09:59'),
(309, 'admin', 3, 3, 2, '列表', '', '', '59.127.37.46', '2017-11-06 15:10:00'),
(310, 'admin', 3, 5, 2, '列表', '', '', '59.127.37.46', '2017-11-06 15:10:00'),
(311, 'admin', 3, 4, 2, '列表', '', '', '59.127.37.46', '2017-11-06 15:10:01'),
(312, 'admin', 3, 2, 2, '列表', '', '', '59.127.37.46', '2017-11-06 15:10:02'),
(313, 'admin', 3, 3, 2, '列表', '', '', '59.127.37.46', '2017-11-06 15:10:47'),
(314, 'admin', 3, 4, 2, '列表', '', '', '59.127.37.46', '2017-11-06 15:10:47'),
(315, 'admin', 4, 1, 2, '列表', '', '', '59.127.37.46', '2017-11-06 15:10:50'),
(316, 'admin', 3, 3, 2, '列表', '', '', '101.15.1.8', '2017-11-06 15:13:12'),
(317, 'admin', 3, 1, 2, '列表', '', '', '101.15.1.8', '2017-11-06 15:13:18'),
(318, 'admin', 3, 5, 2, '列表', '', '', '101.15.1.8', '2017-11-06 15:13:22'),
(319, 'admin', 3, 2, 2, '列表', '', '', '101.15.1.8', '2017-11-06 15:13:24'),
(320, 'admin', 3, 3, 2, '列表', '', '', '101.15.1.8', '2017-11-06 15:13:25'),
(321, 'admin', 3, 5, 2, '列表', '', '', '101.15.1.8', '2017-11-06 15:13:26'),
(322, 'admin', 3, 1, 2, '列表', '', '', '101.15.1.8', '2017-11-06 15:13:27'),
(323, 'admin', 3, 5, 2, '列表', '', '', '101.15.1.8', '2017-11-06 15:13:28'),
(324, 'admin', 3, 4, 2, '列表', '', '', '101.15.1.8', '2017-11-06 15:13:29'),
(325, 'admin', 4, 1, 2, '列表', '', '', '101.15.1.8', '2017-11-06 15:13:32'),
(326, 'admin', 1, 1, 2, '列表', '', '', '101.15.1.8', '2017-11-06 15:13:38'),
(327, 'admin', 1, 1, 8, 'customer id:2', '', '', '101.15.1.8', '2017-11-06 15:14:04'),
(328, 'admin', 4, 1, 2, '列表', '', '', '101.15.1.8', '2017-11-06 15:14:07'),
(329, 'admin', 2, 1, 2, '列表', '', '', '101.15.1.8', '2017-11-06 15:16:13'),
(330, 'admin', 1, 1, 2, '列表', '', '', '101.15.1.8', '2017-11-06 15:16:24'),
(331, 'admin', 5, 1, 2, '列表', '', '', '101.15.1.8', '2017-11-06 15:16:30'),
(332, 'admin', 4, 1, 2, '列表', '', '', '101.15.1.8', '2017-11-06 15:16:48'),
(333, 'admin', 2, 2, 2, '列表', '', '', '101.15.1.8', '2017-11-06 15:16:53'),
(334, 'admin', 5, 1, 2, '列表', '', '', '101.15.1.8', '2017-11-06 15:17:53'),
(335, 'admin', 3, 1, 2, '列表', '', '', '101.15.1.8', '2017-11-06 15:19:14'),
(336, 'admin', 4, 1, 8, 'TEST id:TEST001', '', '', '59.127.37.46', '2017-11-06 15:19:51'),
(337, 'admin', 5, 1, 2, '列表', '', '', '59.127.37.46', '2017-11-06 15:19:58'),
(338, 'admin', 5, 2, 2, '列表', '', '', '59.127.37.46', '2017-11-06 15:19:59'),
(339, 'admin', 5, 1, 2, '列表', '', '', '59.127.37.46', '2017-11-06 15:20:05'),
(340, 'admin', 3, 3, 2, '列表', '', '', '101.15.1.8', '2017-11-06 15:21:43'),
(341, 'admin', 0, 0, 1, 'admin登入成功', '', '', '120.108.127.29', '2017-11-06 15:33:21'),
(342, 'admin', 3, 2, 8, 'ZJT-001099 id:ZJT-001099', '', '', '59.127.37.46', '2017-11-06 15:36:48'),
(343, 'admin', 3, 3, 2, '列表', '', '', '59.127.37.46', '2017-11-06 15:37:31'),
(344, 'admin', 3, 4, 2, '列表', '', '', '59.127.37.46', '2017-11-06 15:37:32'),
(345, 'admin', 4, 1, 2, '列表', '', '', '59.127.37.46', '2017-11-06 15:37:34'),
(346, 'admin', 2, 1, 2, '列表', '', '', '59.127.37.46', '2017-11-06 15:39:00'),
(347, 'admin', 4, 1, 2, '列表', '', '', '59.127.37.46', '2017-11-06 15:39:19'),
(348, 'admin', 5, 1, 2, '列表', '', '', '59.127.37.46', '2017-11-06 15:39:28'),
(349, 'admin', 4, 1, 2, '列表', '', '', '59.127.37.46', '2017-11-06 15:39:32'),
(350, 'admin', 3, 1, 2, '列表', '', '', '59.127.37.46', '2017-11-06 15:39:34'),
(351, 'admin', 3, 5, 2, '列表', '', '', '59.127.37.46', '2017-11-06 15:39:35'),
(352, 'admin', 3, 2, 2, '列表', '', '', '59.127.37.46', '2017-11-06 15:39:36'),
(353, 'admin', 3, 4, 2, '列表', '', '', '59.127.37.46', '2017-11-06 15:39:37'),
(354, 'admin', 3, 5, 2, '列表', '', '', '59.127.37.46', '2017-11-06 15:39:51'),
(355, 'admin', 5, 1, 2, '列表', '', '', '59.127.37.46', '2017-11-06 15:40:01'),
(356, 'admin', 5, 2, 2, '列表', '', '', '59.127.37.46', '2017-11-06 15:40:05'),
(357, 'admin', 3, 2, 2, '列表', '', '', '59.127.37.46', '2017-11-06 15:40:44'),
(358, 'admin', 4, 1, 2, '列表', '', '', '59.127.37.46', '2017-11-06 15:47:53'),
(359, 'admin', 3, 2, 2, '列表', '', '', '120.108.127.29', '2017-11-06 15:48:41'),
(360, 'admin', 0, 0, 1, 'admin登入成功', '', '', '59.127.37.46', '2017-11-06 15:51:41'),
(361, 'admin', 3, 1, 2, '列表', '', '', '59.127.37.46', '2017-11-06 15:51:45'),
(362, 'admin', 3, 2, 2, '列表', '', '', '59.127.37.46', '2017-11-06 15:51:46'),
(363, 'admin', 5, 1, 2, '列表', '', '', '59.127.37.46', '2017-11-06 15:55:51'),
(364, 'admin', 3, 1, 2, '列表', '', '', '59.127.37.46', '2017-11-06 15:56:26'),
(365, 'admin', 3, 5, 2, '列表', '', '', '59.127.37.46', '2017-11-06 15:56:27'),
(366, 'admin', 3, 2, 2, '列表', '', '', '59.127.37.46', '2017-11-06 15:56:29'),
(367, 'admin', 3, 5, 2, '列表', '', '', '59.127.37.46', '2017-11-06 15:56:41'),
(368, 'admin', 3, 1, 2, '列表', '', '', '59.127.37.46', '2017-11-06 15:56:43'),
(369, 'admin', 3, 3, 2, '列表', '', '', '59.127.37.46', '2017-11-06 15:56:54'),
(370, 'admin', 4, 1, 2, '列表', '', '', '59.127.37.46', '2017-11-06 15:56:57'),
(371, 'admin', 5, 1, 2, '列表', '', '', '59.127.37.46', '2017-11-06 15:57:01'),
(372, 'admin', 4, 1, 2, '列表', '', '', '59.127.37.46', '2017-11-06 15:57:09'),
(373, 'admin', 3, 5, 2, '列表', '', '', '59.127.37.46', '2017-11-06 15:57:23'),
(374, 'admin', 3, 2, 2, '列表', '', '', '59.127.37.46', '2017-11-06 15:57:32'),
(375, 'admin', 0, 0, 1, 'admin登入成功', '', '', '120.108.127.29', '2017-11-06 16:22:41'),
(376, 'admin', 5, 1, 2, '列表', '', '', '120.108.127.29', '2017-11-06 16:22:51'),
(377, 'admin', 5, 2, 2, '列表', '', '', '120.108.127.29', '2017-11-06 16:22:57'),
(378, 'admin', 3, 1, 2, '列表', '', '', '120.108.127.29', '2017-11-06 16:23:58'),
(379, 'admin', 2, 1, 2, '列表', '', '', '59.127.37.46', '2017-11-06 16:24:35'),
(380, 'admin', 3, 5, 2, '列表', '', '', '120.108.127.29', '2017-11-06 16:24:47'),
(381, 'admin', 3, 2, 2, '列表', '', '', '120.108.127.29', '2017-11-06 16:24:56'),
(382, 'admin', 3, 3, 2, '列表', '', '', '120.108.127.29', '2017-11-06 16:27:45'),
(383, 'admin', 3, 4, 2, '列表', '', '', '120.108.127.29', '2017-11-06 16:27:47'),
(384, 'admin', 0, 0, 1, 'admin登入成功', '', '', '120.108.127.29', '2017-11-06 16:40:05'),
(385, 'admin', 4, 1, 2, '列表', '', '', '120.108.127.29', '2017-11-06 16:50:50'),
(386, 'admin', 5, 1, 2, '列表', '', '', '120.108.127.29', '2017-11-06 16:52:34'),
(387, 'admin', 4, 1, 2, '列表', '', '', '120.108.127.29', '2017-11-06 16:55:20'),
(388, 'admin', 3, 2, 2, '列表', '', '', '120.108.127.29', '2017-11-06 16:55:38'),
(389, 'admin', 3, 3, 2, '列表', '', '', '120.108.127.29', '2017-11-06 16:55:39'),
(390, 'admin', 3, 2, 2, '列表', '', '', '120.108.127.29', '2017-11-06 16:55:40'),
(391, 'admin', 0, 0, 1, 'admin登入成功', '', '', '122.116.150.119', '2017-11-06 17:51:16'),
(392, 'admin', 1, 1, 2, '列表', '', '', '122.116.150.119', '2017-11-06 17:51:23'),
(393, 'admin', 2, 1, 2, '列表', '', '', '122.116.150.119', '2017-11-06 17:52:23'),
(394, 'admin', 0, 0, 1, 'admin登入成功', '', '', '122.116.150.119', '2017-11-06 17:53:01'),
(395, 'admin', 1, 1, 2, '列表', '', '', '122.116.150.119', '2017-11-06 17:53:07'),
(396, 'admin', 2, 1, 2, '列表', '', '', '122.116.150.119', '2017-11-06 17:53:10'),
(397, 'admin', 2, 1, 8, 'guest', '', '', '122.116.150.119', '2017-11-06 17:53:46'),
(398, 'guest', 0, 0, 1, 'admin登入失敗-帳密不正確', '', '', '122.116.150.119', '2017-11-06 17:54:05'),
(399, 'guest', 0, 0, 1, 'admin登入失敗-帳密不正確', '', '', '122.116.150.119', '2017-11-06 17:54:24'),
(400, 'admin', 0, 0, 1, 'admin登入成功', '', '', '122.116.150.119', '2017-11-06 17:54:37'),
(401, 'admin', 1, 1, 2, '列表', '', '', '122.116.150.119', '2017-11-06 17:54:43'),
(402, 'admin', 2, 1, 2, '列表', '', '', '122.116.150.119', '2017-11-06 17:54:47'),
(403, 'admin', 2, 1, 8, 'guest', '', '', '122.116.150.119', '2017-11-06 17:55:07'),
(404, 'guest', 0, 0, 1, 'admin登入成功', '', '', '122.116.150.119', '2017-11-06 17:55:24'),
(405, 'guest', 2, 1, 2, '列表', '', '', '122.116.150.119', '2017-11-06 17:55:31'),
(406, 'admin', 0, 0, 1, 'admin登入成功', '', '', '122.116.150.119', '2017-11-06 17:55:58'),
(407, 'admin', 1, 1, 2, '列表', '', '', '122.116.150.119', '2017-11-06 17:56:02'),
(408, 'admin', 1, 1, 8, 'customer id:2', '', '', '122.116.150.119', '2017-11-06 17:56:25'),
(409, 'guest', 0, 0, 1, 'admin登入成功', '', '', '211.21.65.1', '2017-11-06 18:00:30'),
(410, 'guest', 3, 1, 2, '列表', '', '', '211.21.65.1', '2017-11-06 18:00:48'),
(411, 'guest', 3, 5, 2, '列表', '', '', '211.21.65.1', '2017-11-06 18:01:33'),
(412, 'guest', 3, 2, 2, '列表', '', '', '211.21.65.1', '2017-11-06 18:01:50'),
(413, 'guest', 3, 3, 2, '列表', '', '', '211.21.65.1', '2017-11-06 18:03:06'),
(414, 'guest', 3, 2, 2, '列表', '', '', '211.21.65.1', '2017-11-06 18:03:08'),
(415, 'guest', 3, 3, 2, '列表', '', '', '211.21.65.1', '2017-11-06 18:03:08'),
(416, 'guest', 3, 2, 2, '列表', '', '', '211.21.65.1', '2017-11-06 18:03:11'),
(417, 'guest', 3, 1, 2, '列表', '', '', '211.21.65.1', '2017-11-06 18:03:29'),
(418, 'guest', 3, 2, 2, '列表', '', '', '211.21.65.1', '2017-11-06 18:03:32'),
(419, 'guest', 3, 3, 2, '列表', '', '', '211.21.65.1', '2017-11-06 18:03:44'),
(420, 'guest', 3, 4, 2, '列表', '', '', '211.21.65.1', '2017-11-06 18:03:46'),
(421, 'guest', 5, 1, 2, '列表', '', '', '211.21.65.1', '2017-11-06 18:03:52'),
(422, 'guest', 5, 2, 2, '列表', '', '', '211.21.65.1', '2017-11-06 18:04:05'),
(423, 'guest', 5, 1, 2, '列表', '', '', '211.21.65.1', '2017-11-06 18:13:12'),
(424, 'guest', 3, 1, 2, '列表', '', '', '211.21.65.1', '2017-11-06 18:13:21'),
(425, 'guest', 3, 4, 2, '列表', '', '', '211.21.65.1', '2017-11-06 18:13:22'),
(426, 'guest', 3, 1, 2, '列表', '', '', '211.21.65.1', '2017-11-06 18:13:44'),
(427, 'guest', 3, 4, 2, '列表', '', '', '211.21.65.1', '2017-11-06 18:13:53'),
(428, 'guest', 3, 2, 2, '列表', '', '', '211.21.65.1', '2017-11-06 18:14:53'),
(429, 'admin', 0, 0, 1, 'admin登入成功', '', '', '59.127.37.46', '2017-11-06 18:16:19'),
(430, 'admin', 3, 1, 2, '列表', '', '', '59.127.37.46', '2017-11-06 18:16:22'),
(431, 'admin', 3, 5, 2, '列表', '', '', '59.127.37.46', '2017-11-06 18:16:24'),
(432, 'admin', 3, 2, 2, '列表', '', '', '59.127.37.46', '2017-11-06 18:16:25'),
(433, 'admin', 3, 3, 2, '列表', '', '', '59.127.37.46', '2017-11-06 18:16:26'),
(434, 'admin', 3, 4, 2, '列表', '', '', '59.127.37.46', '2017-11-06 18:16:27'),
(435, 'admin', 4, 1, 2, '列表', '', '', '59.127.37.46', '2017-11-06 18:16:29'),
(436, 'admin', 5, 1, 2, '列表', '', '', '59.127.37.46', '2017-11-06 18:16:30'),
(437, 'admin', 5, 2, 2, '列表', '', '', '59.127.37.46', '2017-11-06 18:16:33'),
(438, 'admin', 4, 1, 2, '列表', '', '', '59.127.37.46', '2017-11-06 18:16:36'),
(439, 'guest', 3, 3, 2, '列表', '', '', '211.21.65.1', '2017-11-06 18:31:22'),
(440, 'guest', 3, 2, 2, '列表', '', '', '211.21.65.1', '2017-11-06 18:31:24'),
(441, 'guest', 3, 2, 8, 'ZJT-001099 id:ZJT-001099', '', '', '211.21.65.1', '2017-11-06 18:31:30'),
(442, 'guest', 3, 3, 2, '列表', '', '', '211.21.65.1', '2017-11-06 18:31:32'),
(443, 'guest', 3, 3, 8, 'ZJT-001099 id:ZJT-001099', '', '', '211.21.65.1', '2017-11-06 18:31:42'),
(444, 'guest', 3, 5, 2, '列表', '', '', '211.21.65.1', '2017-11-06 18:31:43'),
(445, 'guest', 3, 1, 2, '列表', '', '', '211.21.65.1', '2017-11-06 18:33:26'),
(446, 'guest', 3, 2, 2, '列表', '', '', '211.21.65.1', '2017-11-06 18:33:38'),
(447, 'guest', 5, 1, 2, '列表', '', '', '211.21.65.1', '2017-11-06 18:34:29'),
(448, 'guest', 5, 2, 2, '列表', '', '', '211.21.65.1', '2017-11-06 18:34:31'),
(449, 'guest', 3, 2, 2, '列表', '', '', '211.21.65.1', '2017-11-06 18:34:42'),
(450, 'guest', 3, 5, 2, '列表', '', '', '211.21.65.1', '2017-11-06 18:35:58'),
(451, 'guest', 3, 1, 2, '列表', '', '', '211.21.65.1', '2017-11-06 18:36:25'),
(452, 'guest', 3, 5, 2, '列表', '', '', '211.21.65.1', '2017-11-06 18:37:54'),
(453, 'guest', 3, 1, 2, '列表', '', '', '211.21.65.1', '2017-11-06 18:37:56'),
(454, 'guest', 3, 1, 8, '排序', '', '', '211.21.65.1', '2017-11-06 18:38:11'),
(455, 'guest', 3, 1, 2, '列表', '', '', '211.21.65.1', '2017-11-06 19:07:00'),
(456, 'guest', 3, 2, 2, '列表', '', '', '211.21.65.1', '2017-11-06 19:07:09'),
(457, 'guest', 3, 1, 2, '列表', '', '', '211.21.65.1', '2017-11-06 19:14:06'),
(458, 'guest', 3, 2, 2, '列表', '', '', '211.21.65.1', '2017-11-06 19:14:10'),
(459, 'guest', 3, 1, 2, '列表', '', '', '211.21.65.1', '2017-11-06 19:14:52'),
(460, 'guest', 3, 5, 2, '列表', '', '', '211.21.65.1', '2017-11-06 19:14:59'),
(461, 'guest', 3, 1, 2, '列表', '', '', '211.21.65.1', '2017-11-06 19:15:21'),
(462, 'guest', 3, 2, 2, '列表', '', '', '211.21.65.1', '2017-11-06 19:15:23'),
(463, 'guest', 3, 5, 2, '列表', '', '', '211.21.65.1', '2017-11-06 19:16:22'),
(464, 'guest', 3, 2, 2, '列表', '', '', '211.21.65.1', '2017-11-06 19:16:23'),
(465, 'guest', 3, 3, 2, '列表', '', '', '211.21.65.1', '2017-11-06 19:16:25'),
(466, 'guest', 3, 4, 2, '列表', '', '', '211.21.65.1', '2017-11-06 19:16:26'),
(467, 'guest', 3, 4, 8, '養生專利滴粒 id:XXX-1000-59-ABC', '', '', '211.21.65.1', '2017-11-06 19:17:44'),
(468, 'guest', 3, 1, 2, '列表', '', '', '211.21.65.1', '2017-11-06 19:18:42'),
(469, 'guest', 3, 1, 8, '排序', '', '', '211.21.65.1', '2017-11-06 19:18:54'),
(470, 'guest', 3, 1, 2, '列表', '', '', '211.21.65.1', '2017-11-06 19:19:12'),
(471, 'guest', 3, 3, 2, '列表', '', '', '211.21.65.1', '2017-11-06 19:19:54'),
(472, 'guest', 5, 1, 2, '列表', '', '', '211.21.65.1', '2017-11-06 19:20:04'),
(473, 'guest', 3, 1, 2, '列表', '', '', '211.21.65.1', '2017-11-06 19:21:38'),
(474, 'guest', 5, 1, 2, '列表', '', '', '211.21.65.1', '2017-11-06 19:22:18'),
(475, 'guest', 5, 2, 2, '列表', '', '', '211.21.65.1', '2017-11-06 19:22:26'),
(476, 'guest', 5, 1, 2, '列表', '', '', '211.21.65.1', '2017-11-06 19:22:27'),
(477, 'guest', 5, 2, 2, '列表', '', '', '211.21.65.1', '2017-11-06 19:22:28'),
(478, 'guest', 3, 1, 2, '列表', '', '', '211.21.65.1', '2017-11-06 19:23:02'),
(479, 'guest', 3, 5, 2, '列表', '', '', '211.21.65.1', '2017-11-06 19:23:03'),
(480, 'guest', 3, 2, 2, '列表', '', '', '211.21.65.1', '2017-11-06 19:23:04'),
(481, 'guest', 3, 3, 2, '列表', '', '', '211.21.65.1', '2017-11-06 19:23:05'),
(482, 'guest', 3, 4, 2, '列表', '', '', '211.21.65.1', '2017-11-06 19:23:06'),
(483, 'guest', 5, 1, 2, '列表', '', '', '211.21.65.1', '2017-11-06 19:23:12'),
(484, 'guest', 3, 4, 2, '列表', '', '', '211.21.65.1', '2017-11-06 19:23:28'),
(485, 'guest', 3, 5, 2, '列表', '', '', '211.21.65.1', '2017-11-06 19:23:41'),
(486, 'guest', 3, 2, 2, '列表', '', '', '211.21.65.1', '2017-11-06 19:23:43'),
(487, 'guest', 3, 3, 2, '列表', '', '', '211.21.65.1', '2017-11-06 19:23:44'),
(488, 'guest', 3, 4, 2, '列表', '', '', '211.21.65.1', '2017-11-06 19:23:45'),
(489, 'guest', 3, 2, 2, '列表', '', '', '211.21.65.1', '2017-11-06 19:23:46'),
(490, 'guest', 3, 2, 8, 'ZJT-001099 id:ZJT-001099', '', '', '211.21.65.1', '2017-11-06 19:23:55'),
(491, 'guest', 3, 4, 2, '列表', '', '', '211.21.65.1', '2017-11-06 19:23:56'),
(492, 'guest', 3, 4, 8, 'ZJT-001099 id:ZJT-001099', '', '', '211.21.65.1', '2017-11-06 19:24:34'),
(493, 'guest', 3, 1, 2, '列表', '', '', '211.21.65.1', '2017-11-06 19:24:37'),
(494, 'guest', 3, 3, 2, '列表', '', '', '211.21.65.1', '2017-11-06 19:25:13'),
(495, 'guest', 3, 2, 2, '列表', '', '', '211.21.65.1', '2017-11-06 19:25:16'),
(496, 'guest', 3, 3, 2, '列表', '', '', '211.21.65.1', '2017-11-06 19:25:20'),
(497, 'guest', 3, 4, 2, '列表', '', '', '211.21.65.1', '2017-11-06 19:25:21'),
(498, 'guest', 3, 2, 2, '列表', '', '', '211.21.65.1', '2017-11-06 19:25:23'),
(499, 'guest', 3, 4, 2, '列表', '', '', '211.21.65.1', '2017-11-06 19:25:48'),
(500, 'guest', 3, 1, 2, '列表', '', '', '211.21.65.1', '2017-11-06 19:26:00'),
(501, 'guest', 3, 2, 2, '列表', '', '', '211.21.65.1', '2017-11-06 19:26:01'),
(502, 'guest', 3, 1, 2, '列表', '', '', '211.21.65.1', '2017-11-06 19:26:08'),
(503, 'guest', 3, 2, 2, '列表', '', '', '211.21.65.1', '2017-11-06 19:26:09'),
(504, 'admin', 0, 0, 1, 'admin登入成功', '', '', '121.254.65.41', '2017-11-06 21:59:19'),
(505, 'admin', 1, 1, 2, '列表', '', '', '121.254.65.41', '2017-11-06 21:59:28'),
(506, 'admin', 2, 1, 2, '列表', '', '', '121.254.65.41', '2017-11-06 21:59:31'),
(507, 'admin', 4, 1, 2, '列表', '', '', '121.254.65.41', '2017-11-06 21:59:34'),
(508, 'admin', 3, 5, 2, '列表', '', '', '121.254.65.41', '2017-11-06 22:06:51'),
(509, 'admin', 3, 3, 2, '列表', '', '', '121.254.65.41', '2017-11-06 22:06:53'),
(510, 'admin', 3, 2, 2, '列表', '', '', '121.254.65.41', '2017-11-06 22:06:54'),
(511, 'admin', 3, 4, 2, '列表', '', '', '121.254.65.41', '2017-11-06 22:13:12'),
(512, 'admin', 4, 1, 2, '列表', '', '', '121.254.65.41', '2017-11-06 22:13:20'),
(513, 'admin', 5, 2, 2, '列表', '', '', '121.254.65.41', '2017-11-06 22:13:23'),
(514, 'admin', 5, 1, 2, '列表', '', '', '121.254.65.41', '2017-11-06 22:13:25'),
(515, 'admin', 3, 1, 2, '列表', '', '', '121.254.65.41', '2017-11-06 22:13:30'),
(516, 'admin', 3, 5, 2, '列表', '', '', '121.254.65.41', '2017-11-06 22:13:31'),
(517, 'admin', 0, 0, 1, 'admin登入成功', '', '', '61.63.182.149', '2017-11-07 09:46:11'),
(518, 'admin', 4, 1, 2, '列表', '', '', '61.63.182.149', '2017-11-07 09:46:32'),
(519, 'guest', 0, 0, 1, 'admin登入成功', '', '', '211.21.65.1', '2017-11-07 10:04:56'),
(520, 'guest', 3, 1, 2, '列表', '', '', '211.21.65.1', '2017-11-07 10:05:10'),
(521, 'guest', 3, 5, 2, '列表', '', '', '211.21.65.1', '2017-11-07 10:05:12'),
(522, 'guest', 3, 1, 2, '列表', '', '', '211.21.65.1', '2017-11-07 10:05:13'),
(523, 'guest', 3, 5, 2, '列表', '', '', '211.21.65.1', '2017-11-07 10:05:29'),
(524, 'guest', 3, 2, 2, '列表', '', '', '211.21.65.1', '2017-11-07 10:05:36'),
(525, 'admin', 0, 0, 1, 'admin登入成功', '', '', '59.127.37.46', '2017-11-07 10:27:23'),
(526, 'admin', 3, 1, 2, '列表', '', '', '59.127.37.46', '2017-11-07 10:27:28'),
(527, 'admin', 3, 5, 2, '列表', '', '', '59.127.37.46', '2017-11-07 10:27:30'),
(528, 'admin', 3, 2, 2, '列表', '', '', '59.127.37.46', '2017-11-07 10:27:31'),
(529, 'admin', 3, 3, 2, '列表', '', '', '59.127.37.46', '2017-11-07 10:27:32'),
(530, 'admin', 3, 4, 2, '列表', '', '', '59.127.37.46', '2017-11-07 10:27:33'),
(531, 'admin', 3, 5, 2, '列表', '', '', '59.127.37.46', '2017-11-07 10:27:37'),
(532, 'admin', 3, 2, 2, '列表', '', '', '59.127.37.46', '2017-11-07 10:27:40'),
(533, 'admin', 3, 3, 2, '列表', '', '', '59.127.37.46', '2017-11-07 10:28:01'),
(534, 'admin', 4, 1, 2, '列表', '', '', '59.127.37.46', '2017-11-07 10:28:03'),
(535, 'admin', 3, 5, 2, '列表', '', '', '59.127.37.46', '2017-11-07 10:28:09'),
(536, 'admin', 3, 2, 2, '列表', '', '', '59.127.37.46', '2017-11-07 10:28:10'),
(537, 'admin', 5, 1, 2, '列表', '', '', '59.127.37.46', '2017-11-07 10:29:40'),
(538, 'admin', 3, 2, 2, '列表', '', '', '59.127.37.46', '2017-11-07 10:35:15'),
(539, 'guest', 3, 5, 2, '列表', '', '', '211.21.65.1', '2017-11-07 10:51:35'),
(540, 'guest', 3, 1, 2, '列表', '', '', '211.21.65.1', '2017-11-07 10:51:57'),
(541, 'guest', 3, 1, 2, '列表', '', '', '211.21.65.1', '2017-11-07 11:32:47'),
(542, 'guest', 3, 5, 2, '列表', '', '', '211.21.65.1', '2017-11-07 11:40:08'),
(543, 'guest', 5, 1, 2, '列表', '', '', '211.21.65.1', '2017-11-07 11:41:01'),
(544, 'guest', 5, 2, 2, '列表', '', '', '211.21.65.1', '2017-11-07 11:41:03'),
(545, 'guest', 3, 1, 2, '列表', '', '', '211.21.65.1', '2017-11-07 11:41:11'),
(546, 'guest', 3, 5, 2, '列表', '', '', '211.21.65.1', '2017-11-07 11:41:12'),
(547, 'guest', 3, 2, 2, '列表', '', '', '211.21.65.1', '2017-11-07 11:41:13'),
(548, 'guest', 3, 3, 2, '列表', '', '', '211.21.65.1', '2017-11-07 11:41:14'),
(549, 'guest', 3, 4, 2, '列表', '', '', '211.21.65.1', '2017-11-07 11:41:14'),
(550, 'admin', 0, 0, 1, 'admin登入成功', '', '', '120.108.127.29', '2017-11-07 11:44:24'),
(551, 'admin', 3, 1, 2, '列表', '', '', '120.108.127.29', '2017-11-07 11:44:52'),
(552, 'guest', 3, 5, 2, '列表', '', '', '211.21.65.1', '2017-11-07 11:45:11'),
(553, 'guest', 3, 2, 2, '列表', '', '', '211.21.65.1', '2017-11-07 11:45:11'),
(554, 'guest', 3, 1, 2, '列表', '', '', '211.21.65.1', '2017-11-07 11:46:22'),
(555, 'guest', 3, 1, 4, '健康器材２ id:13', '', '', '211.21.65.1', '2017-11-07 11:49:31'),
(556, 'guest', 3, 2, 2, '列表', '', '', '211.21.65.1', '2017-11-07 11:50:06'),
(557, 'admin', 3, 2, 2, '列表', '', '', '120.108.127.29', '2017-11-07 11:51:27'),
(558, 'guest', 3, 1, 2, '列表', '', '', '211.21.65.1', '2017-11-07 11:53:55'),
(559, 'guest', 3, 2, 2, '列表', '', '', '211.21.65.1', '2017-11-07 11:53:56'),
(560, 'guest', 3, 1, 2, '列表', '', '', '211.21.65.1', '2017-11-07 11:55:38'),
(561, 'guest', 3, 2, 2, '列表', '', '', '211.21.65.1', '2017-11-07 11:55:39'),
(562, 'guest', 0, 0, 1, 'admin登入成功', '', '', '211.21.65.1', '2017-11-07 11:56:37'),
(563, 'guest', 3, 2, 2, '列表', '', '', '211.21.65.1', '2017-11-07 11:56:41'),
(564, 'admin', 0, 0, 1, 'admin登入成功', '', '', '59.127.37.46', '2017-11-07 12:51:22'),
(565, 'admin', 3, 2, 2, '列表', '', '', '59.127.37.46', '2017-11-07 12:51:29'),
(566, 'admin', 3, 5, 2, '列表', '', '', '59.127.37.46', '2017-11-07 12:56:12'),
(567, 'guest', 5, 1, 2, '列表', '', '', '211.21.65.1', '2017-11-07 13:33:42'),
(568, 'guest', 5, 2, 2, '列表', '', '', '211.21.65.1', '2017-11-07 13:33:44'),
(569, 'guest', 3, 1, 2, '列表', '', '', '211.21.65.1', '2017-11-07 13:33:46'),
(570, 'guest', 5, 1, 2, '列表', '', '', '211.21.65.1', '2017-11-07 13:35:46'),
(571, 'guest', 3, 1, 2, '列表', '', '', '211.21.65.1', '2017-11-07 13:35:55'),
(572, 'admin', 0, 0, 1, 'admin登入失敗-帳密不正確', '', '', '120.108.127.29', '2017-11-07 13:36:13'),
(573, 'admin', 0, 0, 1, 'admin登入成功', '', '', '120.108.127.29', '2017-11-07 13:36:21'),
(574, 'admin', 3, 5, 2, '列表', '', '', '120.108.127.29', '2017-11-07 13:37:11'),
(575, 'admin', 3, 1, 2, '列表', '', '', '120.108.127.29', '2017-11-07 13:37:12'),
(576, 'guest', 3, 5, 2, '列表', '', '', '211.21.65.1', '2017-11-07 13:38:06'),
(577, 'guest', 3, 1, 2, '列表', '', '', '211.21.65.1', '2017-11-07 13:38:08'),
(578, 'guest', 3, 5, 2, '列表', '', '', '211.21.65.1', '2017-11-07 13:38:09'),
(579, 'guest', 3, 1, 2, '列表', '', '', '211.21.65.1', '2017-11-07 13:38:10'),
(580, 'admin', 5, 1, 2, '列表', '', '', '120.108.127.29', '2017-11-07 13:38:11'),
(581, 'admin', 3, 1, 2, '列表', '', '', '120.108.127.29', '2017-11-07 13:38:12'),
(582, 'guest', 3, 5, 2, '列表', '', '', '211.21.65.1', '2017-11-07 13:40:47'),
(583, 'guest', 5, 1, 2, '列表', '', '', '211.21.65.1', '2017-11-07 13:40:56'),
(584, 'guest', 5, 2, 2, '列表', '', '', '211.21.65.1', '2017-11-07 13:41:24'),
(585, 'guest', 3, 2, 2, '列表', '', '', '211.21.65.1', '2017-11-07 13:43:13'),
(586, 'guest', 3, 3, 2, '列表', '', '', '211.21.65.1', '2017-11-07 13:48:18'),
(587, 'guest', 3, 5, 2, '列表', '', '', '211.21.65.1', '2017-11-07 13:48:19'),
(588, 'guest', 3, 1, 2, '列表', '', '', '211.21.65.1', '2017-11-07 13:48:20'),
(589, 'guest', 3, 2, 2, '列表', '', '', '211.21.65.1', '2017-11-07 13:48:20'),
(590, 'guest', 3, 3, 2, '列表', '', '', '211.21.65.1', '2017-11-07 13:50:37'),
(591, 'guest', 3, 4, 2, '列表', '', '', '211.21.65.1', '2017-11-07 13:50:39'),
(592, 'guest', 3, 2, 2, '列表', '', '', '211.21.65.1', '2017-11-07 13:50:39'),
(593, 'guest', 3, 5, 2, '列表', '', '', '211.21.65.1', '2017-11-07 13:50:41'),
(594, 'guest', 3, 2, 2, '列表', '', '', '211.21.65.1', '2017-11-07 13:51:56'),
(595, 'guest', 3, 5, 2, '列表', '', '', '211.21.65.1', '2017-11-07 13:51:57'),
(596, 'guest', 3, 1, 2, '列表', '', '', '211.21.65.1', '2017-11-07 13:51:58'),
(597, 'guest', 3, 3, 2, '列表', '', '', '211.21.65.1', '2017-11-07 13:53:06'),
(598, 'guest', 3, 4, 2, '列表', '', '', '211.21.65.1', '2017-11-07 13:53:07'),
(599, 'guest', 3, 2, 2, '列表', '', '', '211.21.65.1', '2017-11-07 13:53:27'),
(600, 'guest', 3, 5, 2, '列表', '', '', '211.21.65.1', '2017-11-07 13:53:27'),
(601, 'guest', 3, 1, 2, '列表', '', '', '211.21.65.1', '2017-11-07 13:53:29'),
(602, 'guest', 3, 4, 2, '列表', '', '', '211.21.65.1', '2017-11-07 13:54:50'),
(603, 'guest', 3, 3, 2, '列表', '', '', '211.21.65.1', '2017-11-07 13:54:52'),
(604, 'guest', 3, 2, 2, '列表', '', '', '211.21.65.1', '2017-11-07 13:54:53'),
(605, 'guest', 3, 5, 2, '列表', '', '', '211.21.65.1', '2017-11-07 13:54:54'),
(606, 'guest', 3, 1, 2, '列表', '', '', '211.21.65.1', '2017-11-07 13:54:55'),
(607, 'guest', 5, 1, 2, '列表', '', '', '211.21.65.1', '2017-11-07 13:55:42'),
(608, 'guest', 2, 1, 8, 'guest', '', '', '211.21.65.1', '2017-11-07 13:56:47'),
(609, 'guest', 0, 0, 1, 'admin登入成功', '', '', '211.21.65.1', '2017-11-07 13:57:11'),
(610, 'guest', 3, 1, 2, '列表', '', '', '211.21.65.1', '2017-11-07 13:57:25'),
(611, 'guest', 3, 5, 2, '列表', '', '', '211.21.65.1', '2017-11-07 13:57:26'),
(612, 'guest', 3, 2, 2, '列表', '', '', '211.21.65.1', '2017-11-07 13:57:27'),
(613, 'guest', 3, 3, 2, '列表', '', '', '211.21.65.1', '2017-11-07 13:57:29'),
(614, 'guest', 3, 4, 2, '列表', '', '', '211.21.65.1', '2017-11-07 13:57:30'),
(615, 'guest', 5, 1, 2, '列表', '', '', '211.21.65.1', '2017-11-07 13:57:36'),
(616, 'guest', 5, 2, 2, '列表', '', '', '211.21.65.1', '2017-11-07 14:03:09'),
(617, 'guest', 5, 1, 2, '列表', '', '', '211.21.65.1', '2017-11-07 14:03:11'),
(618, 'guest', 3, 1, 2, '列表', '', '', '211.21.65.1', '2017-11-07 14:03:16'),
(619, 'guest', 3, 5, 2, '列表', '', '', '211.21.65.1', '2017-11-07 14:03:17'),
(620, 'guest', 3, 2, 2, '列表', '', '', '211.21.65.1', '2017-11-07 14:03:18'),
(621, 'guest', 3, 3, 2, '列表', '', '', '211.21.65.1', '2017-11-07 14:03:19'),
(622, 'guest', 3, 4, 2, '列表', '', '', '211.21.65.1', '2017-11-07 14:03:20'),
(623, 'guest', 3, 3, 2, '列表', '', '', '211.21.65.1', '2017-11-07 14:03:23'),
(624, 'guest', 3, 2, 2, '列表', '', '', '211.21.65.1', '2017-11-07 14:03:24'),
(625, 'guest', 3, 5, 2, '列表', '', '', '211.21.65.1', '2017-11-07 14:03:24'),
(626, 'guest', 3, 1, 2, '列表', '', '', '211.21.65.1', '2017-11-07 14:03:25'),
(627, 'guest', 3, 2, 2, '列表', '', '', '211.21.65.1', '2017-11-07 14:10:22'),
(628, 'guest', 3, 3, 2, '列表', '', '', '211.21.65.1', '2017-11-07 14:10:23'),
(629, 'guest', 3, 4, 2, '列表', '', '', '211.21.65.1', '2017-11-07 14:10:24'),
(630, 'guest', 3, 1, 2, '列表', '', '', '211.21.65.1', '2017-11-07 14:11:06'),
(631, 'guest', 3, 5, 2, '列表', '', '', '211.21.65.1', '2017-11-07 14:11:12'),
(632, 'guest', 3, 2, 2, '列表', '', '', '211.21.65.1', '2017-11-07 14:11:14'),
(633, 'guest', 3, 3, 2, '列表', '', '', '211.21.65.1', '2017-11-07 14:11:17'),
(634, 'guest', 3, 4, 2, '列表', '', '', '211.21.65.1', '2017-11-07 14:11:22'),
(635, 'guest', 3, 2, 2, '列表', '', '', '211.21.65.1', '2017-11-07 14:11:24'),
(636, 'admin', 0, 0, 1, 'admin登入成功', '', '', '59.127.37.46', '2017-11-07 14:16:56'),
(637, 'guest', 3, 2, 8, 'ZJT-001099 id:ZJT-001099', '', '', '211.21.65.1', '2017-11-07 14:24:27'),
(638, 'guest', 3, 2, 2, '列表', '', '', '211.21.65.1', '2017-11-07 14:29:54'),
(639, 'guest', 3, 2, 8, 'ZJT-001099 id:ZJT-001099', '', '', '211.21.65.1', '2017-11-07 14:30:12'),
(640, 'guest', 3, 5, 2, '列表', '', '', '211.21.65.1', '2017-11-07 14:43:26'),
(641, 'guest', 3, 5, 4, '測試 id:3', '', '', '211.21.65.1', '2017-11-07 14:44:15'),
(642, 'guest', 3, 2, 2, '列表', '', '', '211.21.65.1', '2017-11-07 14:44:18'),
(643, 'guest', 3, 5, 2, '列表', '', '', '211.21.65.1', '2017-11-07 14:44:28'),
(644, 'guest', 3, 5, 16, '1筆資料(\'3\')', '', '', '211.21.65.1', '2017-11-07 14:44:31'),
(645, 'guest', 3, 2, 2, '列表', '', '', '211.21.65.1', '2017-11-07 14:44:34');
INSERT INTO `managerlogs` (`no`, `account`, `main_key`, `fun_key`, `action`, `descript`, `table`, `data`, `ip`, `addtime`) VALUES
(646, 'guest', 3, 3, 2, '列表', '', '', '211.21.65.1', '2017-11-07 14:44:36'),
(647, 'guest', 3, 4, 2, '列表', '', '', '211.21.65.1', '2017-11-07 14:44:37'),
(648, 'guest', 3, 5, 2, '列表', '', '', '211.21.65.1', '2017-11-07 14:44:41'),
(649, 'guest', 3, 1, 2, '列表', '', '', '211.21.65.1', '2017-11-07 14:44:50'),
(650, 'guest', 3, 1, 4, 'test id:14', '', '', '211.21.65.1', '2017-11-07 14:45:02'),
(651, 'guest', 3, 5, 2, '列表', '', '', '211.21.65.1', '2017-11-07 14:45:12'),
(652, 'guest', 3, 5, 4, 'test id:4', '', '', '211.21.65.1', '2017-11-07 14:45:26'),
(653, 'guest', 3, 5, 16, '1筆資料(\'4\')', '', '', '211.21.65.1', '2017-11-07 14:45:30'),
(654, 'guest', 3, 1, 2, '列表', '', '', '211.21.65.1', '2017-11-07 14:45:31'),
(655, 'guest', 3, 5, 2, '列表', '', '', '211.21.65.1', '2017-11-07 14:46:23'),
(656, 'guest', 3, 2, 2, '列表', '', '', '211.21.65.1', '2017-11-07 14:46:26'),
(657, 'guest', 3, 3, 2, '列表', '', '', '211.21.65.1', '2017-11-07 14:46:29'),
(658, 'guest', 3, 4, 2, '列表', '', '', '211.21.65.1', '2017-11-07 14:46:30'),
(659, 'guest', 3, 1, 2, '列表', '', '', '211.21.65.1', '2017-11-07 14:51:51'),
(660, 'guest', 3, 2, 2, '列表', '', '', '211.21.65.1', '2017-11-07 14:51:52'),
(661, 'guest', 3, 1, 2, '列表', '', '', '211.21.65.1', '2017-11-07 14:52:35'),
(662, 'guest', 3, 5, 2, '列表', '', '', '211.21.65.1', '2017-11-07 14:52:53'),
(663, 'guest', 3, 2, 2, '列表', '', '', '211.21.65.1', '2017-11-07 14:52:57'),
(664, 'guest', 3, 3, 2, '列表', '', '', '211.21.65.1', '2017-11-07 14:52:59'),
(665, 'guest', 3, 4, 2, '列表', '', '', '211.21.65.1', '2017-11-07 14:53:02'),
(666, 'guest', 3, 2, 2, '列表', '', '', '211.21.65.1', '2017-11-07 14:56:16'),
(667, 'guest', 3, 3, 2, '列表', '', '', '211.21.65.1', '2017-11-07 15:05:17'),
(668, 'guest', 3, 2, 2, '列表', '', '', '211.21.65.1', '2017-11-07 15:05:20'),
(669, 'guest', 3, 4, 2, '列表', '', '', '211.21.65.1', '2017-11-07 15:05:21'),
(670, 'guest', 3, 5, 2, '列表', '', '', '211.21.65.1', '2017-11-07 15:06:28'),
(671, 'guest', 3, 3, 2, '列表', '', '', '211.21.65.1', '2017-11-07 15:06:31'),
(672, 'guest', 3, 4, 2, '列表', '', '', '211.21.65.1', '2017-11-07 15:06:32'),
(673, 'guest', 3, 1, 2, '列表', '', '', '211.21.65.1', '2017-11-07 15:06:39'),
(674, 'guest', 3, 3, 2, '列表', '', '', '211.21.65.1', '2017-11-07 15:07:01'),
(675, 'guest', 3, 2, 2, '列表', '', '', '211.21.65.1', '2017-11-07 15:07:03'),
(676, 'guest', 3, 2, 8, 'ZJT-001099 id:ZJT-001099', '', '', '211.21.65.1', '2017-11-07 15:07:19'),
(677, 'guest', 3, 3, 2, '列表', '', '', '211.21.65.1', '2017-11-07 15:07:21'),
(678, 'guest', 3, 1, 2, '列表', '', '', '211.21.65.1', '2017-11-07 16:07:34'),
(679, 'guest', 3, 5, 2, '列表', '', '', '211.21.65.1', '2017-11-07 16:07:35'),
(680, 'guest', 3, 2, 2, '列表', '', '', '211.21.65.1', '2017-11-07 16:07:36'),
(681, 'guest', 3, 4, 2, '列表', '', '', '211.21.65.1', '2017-11-07 16:07:37'),
(682, 'guest', 5, 1, 2, '列表', '', '', '211.21.65.1', '2017-11-07 16:07:43'),
(683, 'guest', 5, 2, 2, '列表', '', '', '211.21.65.1', '2017-11-07 16:07:47'),
(684, 'guest', 3, 1, 2, '列表', '', '', '211.21.65.1', '2017-11-07 16:31:27'),
(685, 'guest', 3, 5, 2, '列表', '', '', '211.21.65.1', '2017-11-07 16:31:55'),
(686, 'guest', 3, 2, 2, '列表', '', '', '211.21.65.1', '2017-11-07 16:31:56'),
(687, 'guest', 3, 3, 2, '列表', '', '', '211.21.65.1', '2017-11-07 16:33:10'),
(688, 'guest', 3, 2, 2, '列表', '', '', '211.21.65.1', '2017-11-07 16:35:00'),
(689, 'guest', 3, 3, 2, '列表', '', '', '211.21.65.1', '2017-11-07 16:38:33'),
(690, 'guest', 3, 4, 2, '列表', '', '', '211.21.65.1', '2017-11-07 16:38:36'),
(691, 'admin', 0, 0, 1, 'admin登入成功', '', '', '59.127.37.46', '2017-11-07 16:57:44'),
(692, 'admin', 3, 1, 2, '列表', '', '', '59.127.37.46', '2017-11-07 16:57:49'),
(693, 'admin', 3, 5, 2, '列表', '', '', '59.127.37.46', '2017-11-07 16:57:53'),
(694, 'admin', 3, 2, 2, '列表', '', '', '59.127.37.46', '2017-11-07 16:57:55'),
(695, 'admin', 3, 3, 2, '列表', '', '', '59.127.37.46', '2017-11-07 16:57:56'),
(696, 'admin', 3, 4, 2, '列表', '', '', '59.127.37.46', '2017-11-07 16:58:11'),
(697, 'admin', 3, 3, 2, '列表', '', '', '59.127.37.46', '2017-11-07 16:58:15'),
(698, 'admin', 3, 4, 2, '列表', '', '', '59.127.37.46', '2017-11-07 17:00:24'),
(699, 'admin', 4, 1, 2, '列表', '', '', '59.127.37.46', '2017-11-07 17:00:25'),
(700, 'admin', 6, 1, 2, '列表', '', '', '59.127.37.46', '2017-11-07 17:00:28'),
(701, 'admin', 5, 1, 2, '列表', '', '', '59.127.37.46', '2017-11-07 17:00:30'),
(702, 'admin', 5, 2, 2, '列表', '', '', '59.127.37.46', '2017-11-07 17:00:33'),
(703, 'admin', 3, 2, 2, '列表', '', '', '59.127.37.46', '2017-11-07 17:01:00'),
(704, 'admin', 3, 5, 2, '列表', '', '', '59.127.37.46', '2017-11-07 17:01:01'),
(705, 'guest', 3, 5, 2, '列表', '', '', '211.21.65.1', '2017-11-07 17:52:05'),
(706, 'guest', 3, 2, 2, '列表', '', '', '211.21.65.1', '2017-11-07 17:52:10'),
(707, 'guest', 3, 3, 2, '列表', '', '', '211.21.65.1', '2017-11-07 17:52:11'),
(708, 'guest', 3, 4, 2, '列表', '', '', '211.21.65.1', '2017-11-07 17:52:13'),
(709, 'guest', 5, 1, 2, '列表', '', '', '211.21.65.1', '2017-11-07 17:52:21'),
(710, 'guest', 5, 2, 2, '列表', '', '', '211.21.65.1', '2017-11-07 17:52:23'),
(711, 'admin', 0, 0, 1, 'admin登入成功', '', '', '59.127.37.46', '2017-11-08 12:58:41'),
(712, 'admin', 3, 1, 2, '列表', '', '', '59.127.37.46', '2017-11-08 12:58:44'),
(713, 'admin', 3, 1, 8, '第二階1 id:3', '', '', '59.127.37.46', '2017-11-08 12:58:51'),
(714, 'admin', 3, 1, 2, '列表', '', '', '59.127.37.46', '2017-11-08 12:59:02'),
(715, 'admin', 3, 2, 2, '列表', '', '', '59.127.37.46', '2017-11-08 12:59:27'),
(716, 'admin', 3, 3, 2, '列表', '', '', '59.127.37.46', '2017-11-08 12:59:28'),
(717, 'admin', 3, 4, 2, '列表', '', '', '59.127.37.46', '2017-11-08 13:03:15'),
(718, 'admin', 3, 5, 2, '列表', '', '', '59.127.37.46', '2017-11-08 13:03:16'),
(719, 'admin', 3, 2, 2, '列表', '', '', '59.127.37.46', '2017-11-08 13:03:17'),
(720, 'admin', 3, 5, 2, '列表', '', '', '59.127.37.46', '2017-11-08 13:03:18'),
(721, 'admin', 3, 1, 2, '列表', '', '', '59.127.37.46', '2017-11-08 13:03:21'),
(722, 'admin', 0, 0, 1, 'admin登入成功', '', '', '59.127.37.46', '2017-11-08 15:13:14'),
(723, 'admin', 5, 1, 2, '列表', '', '', '59.127.37.46', '2017-11-08 15:13:22'),
(724, 'admin', 4, 1, 2, '列表', '', '', '59.127.37.46', '2017-11-08 15:13:31'),
(725, 'admin', 5, 1, 2, '列表', '', '', '59.127.37.46', '2017-11-08 15:13:33'),
(726, 'admin', 5, 2, 2, '列表', '', '', '59.127.37.46', '2017-11-08 15:13:36'),
(727, 'admin', 3, 5, 2, '列表', '', '', '59.127.37.46', '2017-11-08 15:15:53'),
(728, 'admin', 3, 1, 2, '列表', '', '', '59.127.37.46', '2017-11-08 15:19:27'),
(729, 'admin', 3, 5, 2, '列表', '', '', '59.127.37.46', '2017-11-08 15:19:38'),
(730, 'admin', 3, 2, 2, '列表', '', '', '59.127.37.46', '2017-11-08 15:19:39'),
(731, 'admin', 4, 1, 2, '列表', '', '', '59.127.37.46', '2017-11-08 15:19:41'),
(732, 'admin', 5, 1, 2, '列表', '', '', '59.127.37.46', '2017-11-08 15:24:30'),
(733, 'admin', 5, 2, 2, '列表', '', '', '59.127.37.46', '2017-11-08 15:24:32'),
(734, 'admin', 6, 1, 2, '列表', '', '', '59.127.37.46', '2017-11-08 15:24:57'),
(735, 'admin', 4, 1, 2, '列表', '', '', '59.127.37.46', '2017-11-08 15:25:01'),
(736, 'admin', 3, 2, 2, '列表', '', '', '59.127.37.46', '2017-11-08 15:25:03'),
(737, 'admin', 3, 3, 2, '列表', '', '', '59.127.37.46', '2017-11-08 15:25:04'),
(738, 'admin', 3, 4, 2, '列表', '', '', '59.127.37.46', '2017-11-08 15:25:06'),
(739, 'admin', 3, 5, 2, '列表', '', '', '59.127.37.46', '2017-11-08 15:25:43'),
(740, 'admin', 3, 3, 2, '列表', '', '', '59.127.37.46', '2017-11-08 15:25:47'),
(741, 'admin', 4, 1, 2, '列表', '', '', '59.127.37.46', '2017-11-08 15:29:16'),
(742, 'admin', 5, 2, 2, '列表', '', '', '59.127.37.46', '2017-11-08 15:35:07'),
(743, 'admin', 3, 5, 2, '列表', '', '', '59.127.37.46', '2017-11-08 15:37:59'),
(744, 'admin', 5, 1, 2, '列表', '', '', '59.127.37.46', '2017-11-08 16:27:12'),
(745, 'admin', 0, 0, 1, 'admin登入成功', '', '', '120.108.127.29', '2017-11-09 13:48:12'),
(746, 'admin', 5, 1, 2, '列表', '', '', '120.108.127.29', '2017-11-09 13:48:16'),
(747, 'guest', 0, 0, 1, 'admin登入成功', '', '', '211.21.65.1', '2017-11-10 17:06:54'),
(748, 'guest', 3, 1, 2, '列表', '', '', '211.21.65.1', '2017-11-10 17:07:03'),
(749, 'guest', 3, 2, 2, '列表', '', '', '211.21.65.1', '2017-11-10 17:07:12'),
(750, 'guest', 3, 3, 2, '列表', '', '', '211.21.65.1', '2017-11-10 17:07:14'),
(751, 'guest', 3, 4, 2, '列表', '', '', '211.21.65.1', '2017-11-10 17:07:15'),
(752, 'guest', 5, 1, 2, '列表', '', '', '211.21.65.1', '2017-11-10 17:07:22'),
(753, 'admin', 0, 0, 1, 'admin登入成功', '', '', '59.127.37.46', '2017-11-10 19:38:10'),
(754, 'admin', 5, 3, 8, 'id:1,2,3,4,5,6,7,8,9,10,11', '', '', '59.127.37.46', '2017-11-10 19:38:24'),
(755, 'admin', 5, 2, 2, '列表', '', '', '59.127.37.46', '2017-11-10 19:39:51'),
(756, 'admin', 5, 1, 2, '列表', '', '', '59.127.37.46', '2017-11-10 19:39:53'),
(757, 'admin', 5, 2, 2, '列表', '', '', '59.127.37.46', '2017-11-10 19:41:05'),
(758, 'admin', 4, 1, 2, '列表', '', '', '59.127.37.46', '2017-11-10 19:41:06'),
(759, 'admin', 3, 1, 2, '列表', '', '', '59.127.37.46', '2017-11-10 19:41:08'),
(760, 'admin', 3, 5, 2, '列表', '', '', '59.127.37.46', '2017-11-10 19:41:08'),
(761, 'admin', 3, 2, 2, '列表', '', '', '59.127.37.46', '2017-11-10 19:41:46'),
(762, 'admin', 3, 3, 2, '列表', '', '', '59.127.37.46', '2017-11-10 19:41:47'),
(763, 'admin', 3, 4, 2, '列表', '', '', '59.127.37.46', '2017-11-10 19:41:48'),
(764, 'admin', 4, 1, 2, '列表', '', '', '59.127.37.46', '2017-11-10 19:41:57'),
(765, 'admin', 6, 1, 2, '列表', '', '', '59.127.37.46', '2017-11-10 19:42:00'),
(766, 'admin', 4, 1, 2, '列表', '', '', '59.127.37.46', '2017-11-10 19:42:08'),
(767, 'admin', 0, 0, 1, 'admin登入成功', '', '', '175.182.69.145', '2017-11-10 22:26:59'),
(768, 'admin', 4, 1, 2, '列表', '', '', '175.182.69.145', '2017-11-10 22:27:05'),
(769, 'admin', 5, 1, 2, '列表', '', '', '175.182.69.145', '2017-11-10 22:27:12'),
(770, 'admin', 6, 1, 2, '列表', '', '', '175.182.69.145', '2017-11-10 22:27:15'),
(771, 'admin', 0, 0, 1, 'admin登入成功', '', '', '59.127.37.46', '2017-11-11 16:07:51'),
(772, 'admin', 0, 0, 1, 'admin登入成功', '', '', '125.227.11.67', '2017-11-11 16:12:42'),
(773, 'admin', 1, 1, 2, '列表', '', '', '125.227.11.67', '2017-11-11 16:12:48'),
(774, 'admin', 1, 1, 8, 'customer id:2', '', '', '125.227.11.67', '2017-11-11 16:13:15'),
(775, 'admin', 6, 1, 2, '列表', '', '', '125.227.11.67', '2017-11-11 16:13:20'),
(776, 'admin', 5, 2, 2, '列表', '', '', '125.227.11.67', '2017-11-11 16:13:28'),
(777, 'admin', 5, 1, 2, '列表', '', '', '125.227.11.67', '2017-11-11 16:13:30'),
(778, 'admin', 4, 1, 2, '列表', '', '', '125.227.11.67', '2017-11-11 16:13:37'),
(779, 'admin', 5, 2, 2, '列表', '', '', '125.227.11.67', '2017-11-11 16:14:18'),
(780, 'admin', 5, 1, 2, '列表', '', '', '125.227.11.67', '2017-11-11 16:14:25'),
(781, 'admin', 4, 1, 2, '列表', '', '', '125.227.11.67', '2017-11-11 16:14:30'),
(782, 'admin', 3, 1, 2, '列表', '', '', '125.227.11.67', '2017-11-11 16:14:33'),
(783, 'admin', 3, 5, 2, '列表', '', '', '125.227.11.67', '2017-11-11 16:14:35'),
(784, 'admin', 3, 2, 2, '列表', '', '', '125.227.11.67', '2017-11-11 16:14:37'),
(785, 'admin', 6, 1, 2, '列表', '', '', '125.227.11.67', '2017-11-11 16:14:41'),
(786, 'admin', 5, 2, 2, '列表', '', '', '125.227.11.67', '2017-11-11 16:15:50'),
(787, 'admin', 5, 1, 2, '列表', '', '', '125.227.11.67', '2017-11-11 16:15:55'),
(788, 'admin', 4, 1, 2, '列表', '', '', '125.227.11.67', '2017-11-11 16:16:00'),
(789, 'admin', 2, 1, 2, '列表', '', '', '125.227.11.67', '2017-11-11 16:16:10'),
(790, 'guest', 0, 0, 1, 'admin登入成功', '', '', '125.227.11.67', '2017-11-11 16:16:49'),
(791, 'guest', 0, 0, 1, 'admin登入成功', '', '', '125.227.11.67', '2017-11-12 16:21:54'),
(792, 'guest', 5, 2, 2, '列表', '', '', '125.227.11.67', '2017-11-12 16:22:23'),
(793, 'guest', 5, 1, 2, '列表', '', '', '125.227.11.67', '2017-11-12 16:22:29'),
(794, 'guest', 6, 1, 2, '列表', '', '', '125.227.11.67', '2017-11-12 16:22:36'),
(795, 'guest', 0, 0, 1, 'admin登入成功', '', '', '111.249.36.142', '2017-11-12 22:44:38'),
(796, 'guest', 4, 1, 2, '列表', '', '', '111.249.36.142', '2017-11-12 22:44:42'),
(797, 'guest', 5, 1, 2, '列表', '', '', '111.249.36.142', '2017-11-12 22:45:39'),
(798, 'guest', 4, 1, 2, '列表', '', '', '111.249.36.142', '2017-11-12 22:45:47'),
(799, 'guest', 6, 1, 2, '列表', '', '', '111.249.36.142', '2017-11-12 22:46:16'),
(800, 'guest', 3, 4, 2, '列表', '', '', '111.249.36.142', '2017-11-12 22:48:11'),
(801, 'guest', 3, 5, 2, '列表', '', '', '111.249.36.142', '2017-11-12 22:48:12'),
(802, 'guest', 3, 2, 2, '列表', '', '', '111.249.36.142', '2017-11-12 22:48:13'),
(803, 'guest', 3, 3, 2, '列表', '', '', '111.249.36.142', '2017-11-12 22:48:15'),
(804, 'guest', 3, 4, 2, '列表', '', '', '111.249.36.142', '2017-11-12 22:48:15'),
(805, 'guest', 3, 2, 2, '列表', '', '', '111.249.36.142', '2017-11-12 22:48:19'),
(806, 'guest', 3, 3, 2, '列表', '', '', '111.249.36.142', '2017-11-12 22:48:20'),
(807, 'guest', 3, 4, 2, '列表', '', '', '111.249.36.142', '2017-11-12 22:48:21'),
(808, 'guest', 4, 1, 2, '列表', '', '', '111.249.36.142', '2017-11-12 22:48:24'),
(809, 'guest', 5, 1, 2, '列表', '', '', '111.249.36.142', '2017-11-12 22:48:58'),
(810, 'guest', 6, 1, 2, '列表', '', '', '111.249.36.142', '2017-11-12 22:49:01'),
(811, 'guest', 3, 1, 2, '列表', '', '', '111.249.36.142', '2017-11-12 22:50:24'),
(812, 'guest', 6, 1, 2, '列表', '', '', '111.249.36.142', '2017-11-12 22:50:50'),
(813, 'admin', 0, 0, 1, 'admin登入成功', '', '', '203.217.117.32', '2017-11-12 23:05:18'),
(814, 'admin', 7, 1, 2, '列表', '', '', '203.217.117.32', '2017-11-12 23:05:21'),
(815, 'admin', 7, 2, 2, '列表', '', '', '203.217.117.32', '2017-11-12 23:05:30'),
(816, 'admin', 6, 1, 2, '列表', '', '', '203.217.117.32', '2017-11-12 23:05:43'),
(817, 'admin', 7, 2, 2, '列表', '', '', '203.217.117.32', '2017-11-12 23:05:46'),
(818, 'admin', 7, 1, 2, '列表', '', '', '203.217.117.32', '2017-11-12 23:15:56'),
(819, 'admin', 7, 3, 2, '列表', '', '', '203.217.117.32', '2017-11-12 23:15:57'),
(820, 'admin', 7, 1, 2, '列表', '', '', '203.217.117.32', '2017-11-12 23:16:03'),
(821, 'admin', 6, 1, 2, '列表', '', '', '203.217.117.32', '2017-11-12 23:19:24'),
(822, 'admin', 7, 1, 2, '列表', '', '', '203.217.117.32', '2017-11-12 23:24:19'),
(823, 'admin', 7, 2, 2, '列表', '', '', '203.217.117.32', '2017-11-12 23:24:20'),
(824, 'admin', 7, 3, 2, '列表', '', '', '203.217.117.32', '2017-11-12 23:24:21'),
(825, 'admin', 7, 2, 2, '列表', '', '', '203.217.117.32', '2017-11-12 23:24:57'),
(826, 'admin', 7, 1, 2, '列表', '', '', '203.217.117.32', '2017-11-12 23:24:58'),
(827, 'admin', 0, 0, 1, 'admin登入失敗-帳密不正確', '', '', '175.182.69.145', '2017-11-12 23:28:45'),
(828, 'admin', 0, 0, 1, 'admin登入成功', '', '', '175.182.69.145', '2017-11-12 23:28:51'),
(829, 'admin', 7, 1, 2, '列表', '', '', '175.182.69.145', '2017-11-12 23:29:02'),
(830, 'admin', 7, 2, 2, '列表', '', '', '175.182.69.145', '2017-11-12 23:29:04'),
(831, 'admin', 7, 3, 2, '列表', '', '', '175.182.69.145', '2017-11-12 23:29:05'),
(832, 'admin', 7, 1, 2, '列表', '', '', '175.182.69.145', '2017-11-12 23:29:05'),
(833, 'admin', 6, 1, 2, '列表', '', '', '175.182.69.145', '2017-11-12 23:29:11'),
(834, 'admin', 2, 2, 2, '列表', '', '', '175.182.69.145', '2017-11-12 23:29:27'),
(835, 'admin', 5, 1, 2, '列表', '', '', '175.182.69.145', '2017-11-12 23:29:49'),
(836, 'admin', 2, 2, 2, '列表', '', '', '175.182.69.145', '2017-11-12 23:29:53'),
(837, 'admin', 5, 1, 2, '列表', '', '', '175.182.69.145', '2017-11-12 23:30:02'),
(838, 'guest', 0, 0, 1, 'admin登入成功', '', '', '111.249.36.142', '2017-11-12 23:34:23'),
(839, 'guest', 5, 1, 2, '列表', '', '', '111.249.36.142', '2017-11-12 23:35:37'),
(840, 'guest', 0, 0, 1, 'admin登入成功', '', '', '111.249.36.142', '2017-11-12 23:37:09'),
(841, 'guest', 0, 0, 1, 'admin登入成功', '', '', '111.249.36.142', '2017-11-12 23:37:49'),
(842, 'guest', 0, 0, 1, 'admin登入成功', '', '', '111.249.36.142', '2017-11-12 23:38:30'),
(843, 'admin', 0, 0, 1, 'admin登入成功', '', '', '175.182.69.145', '2017-11-12 23:40:07'),
(844, 'admin', 2, 1, 2, '列表', '', '', '175.182.69.145', '2017-11-12 23:41:52'),
(845, 'admin', 1, 1, 2, '列表', '', '', '175.182.69.145', '2017-11-12 23:42:05'),
(846, 'admin', 1, 1, 8, 'customer id:2', '', '', '175.182.69.145', '2017-11-12 23:42:14'),
(847, 'guest', 0, 0, 1, 'admin登入成功', '', '', '111.249.36.142', '2017-11-12 23:42:24'),
(848, 'guest', 7, 1, 2, '列表', '', '', '111.249.36.142', '2017-11-12 23:42:28'),
(849, 'guest', 7, 2, 2, '列表', '', '', '111.249.36.142', '2017-11-12 23:42:30'),
(850, 'guest', 7, 3, 2, '列表', '', '', '111.249.36.142', '2017-11-12 23:42:32'),
(851, 'guest', 7, 2, 2, '列表', '', '', '111.249.36.142', '2017-11-12 23:42:33'),
(852, 'guest', 7, 1, 2, '列表', '', '', '111.249.36.142', '2017-11-12 23:42:33'),
(853, 'guest', 7, 3, 2, '列表', '', '', '111.249.36.142', '2017-11-12 23:42:48'),
(854, 'guest', 7, 2, 2, '列表', '', '', '111.249.36.142', '2017-11-12 23:42:49'),
(855, 'guest', 7, 1, 2, '列表', '', '', '111.249.36.142', '2017-11-12 23:42:52'),
(856, 'guest', 7, 2, 2, '列表', '', '', '111.249.36.142', '2017-11-12 23:42:52'),
(857, 'guest', 7, 3, 2, '列表', '', '', '111.249.36.142', '2017-11-12 23:42:53'),
(858, 'guest', 7, 1, 2, '列表', '', '', '111.249.36.142', '2017-11-12 23:42:56'),
(859, 'guest', 7, 2, 2, '列表', '', '', '111.249.36.142', '2017-11-12 23:42:58'),
(860, 'guest', 7, 3, 2, '列表', '', '', '111.249.36.142', '2017-11-12 23:43:00'),
(861, 'guest', 7, 1, 2, '列表', '', '', '111.249.36.142', '2017-11-12 23:43:01'),
(862, 'admin', 7, 1, 2, '列表', '', '', '175.182.69.145', '2017-11-12 23:43:04'),
(863, 'admin', 2, 1, 2, '列表', '', '', '175.182.69.145', '2017-11-12 23:43:40'),
(864, 'admin', 4, 1, 2, '列表', '', '', '175.182.69.145', '2017-11-12 23:43:43'),
(865, 'admin', 7, 2, 2, '列表', '', '', '203.217.117.32', '2017-11-12 23:46:59'),
(866, 'admin', 3, 5, 2, '列表', '', '', '203.217.117.32', '2017-11-12 23:47:23'),
(867, 'admin', 3, 2, 2, '列表', '', '', '203.217.117.32', '2017-11-12 23:47:27'),
(868, 'admin', 3, 3, 2, '列表', '', '', '203.217.117.32', '2017-11-12 23:47:28'),
(869, 'admin', 3, 4, 2, '列表', '', '', '203.217.117.32', '2017-11-12 23:47:29'),
(870, 'admin', 7, 1, 2, '列表', '', '', '203.217.117.32', '2017-11-12 23:48:16'),
(871, 'admin', 3, 3, 2, '列表', '', '', '203.217.117.32', '2017-11-12 23:49:07'),
(872, 'admin', 3, 2, 2, '列表', '', '', '203.217.117.32', '2017-11-12 23:49:09'),
(873, 'admin', 3, 4, 2, '列表', '', '', '203.217.117.32', '2017-11-12 23:49:10'),
(874, 'admin', 7, 1, 2, '列表', '', '', '203.217.117.32', '2017-11-12 23:52:28'),
(875, 'admin', 7, 2, 2, '列表', '', '', '203.217.117.32', '2017-11-12 23:53:10'),
(876, 'admin', 7, 3, 2, '列表', '', '', '203.217.117.32', '2017-11-12 23:53:11'),
(877, 'admin', 7, 1, 2, '列表', '', '', '203.217.117.32', '2017-11-12 23:53:12'),
(878, 'admin', 7, 3, 2, '列表', '', '', '203.217.117.32', '2017-11-12 23:53:35'),
(879, 'admin', 7, 1, 2, '列表', '', '', '203.217.117.32', '2017-11-12 23:53:37'),
(880, 'admin', 7, 2, 2, '列表', '', '', '203.217.117.32', '2017-11-13 00:04:28'),
(881, 'admin', 7, 1, 2, '列表', '', '', '203.217.117.32', '2017-11-13 00:45:30'),
(882, 'admin', 7, 2, 2, '列表', '', '', '203.217.117.32', '2017-11-13 01:11:13'),
(883, 'admin', 7, 3, 2, '列表', '', '', '203.217.117.32', '2017-11-13 01:41:48'),
(884, 'admin', 3, 5, 2, '列表', '', '', '203.217.117.32', '2017-11-13 01:41:50'),
(885, 'admin', 3, 2, 2, '列表', '', '', '203.217.117.32', '2017-11-13 01:41:51'),
(886, 'admin', 3, 1, 2, '列表', '', '', '203.217.117.32', '2017-11-13 01:41:52'),
(887, 'guest', 0, 0, 1, 'admin登入成功', '', '', '211.21.65.1', '2017-11-13 10:17:32'),
(888, 'test', 3, 1, 2, '列表', '', '', '211.21.65.1', '2017-11-13 10:20:31'),
(889, 'test', 3, 2, 2, '列表', '', '', '211.21.65.1', '2017-11-13 10:20:36'),
(890, 'test', 3, 4, 2, '列表', '', '', '211.21.65.1', '2017-11-13 10:20:38'),
(891, 'test', 3, 1, 2, '列表', '', '', '211.21.65.1', '2017-11-13 10:26:53'),
(892, 'test', 3, 5, 2, '列表', '', '', '211.21.65.1', '2017-11-13 10:26:58'),
(893, 'test', 3, 1, 2, '列表', '', '', '211.21.65.1', '2017-11-13 10:26:59'),
(894, 'test', 6, 1, 2, '列表', '', '', '211.21.65.1', '2017-11-13 10:27:33'),
(895, 'test', 5, 2, 2, '列表', '', '', '211.21.65.1', '2017-11-13 10:34:24'),
(896, 'test', 5, 2, 4, '下班拉～～ id:4', '', '', '211.21.65.1', '2017-11-13 10:37:03'),
(897, 'test', 5, 2, 4, '使用者故事 id:5', '', '', '211.21.65.1', '2017-11-13 10:38:29'),
(898, 'test', 3, 4, 2, '列表', '', '', '211.21.65.1', '2017-11-13 10:39:33'),
(899, 'test', 5, 1, 2, '列表', '', '', '211.21.65.1', '2017-11-13 10:48:25'),
(900, 'test', 5, 1, 8, '關於我們 id:1', '', '', '211.21.65.1', '2017-11-13 10:50:02'),
(901, 'test', 5, 1, 2, '列表', '', '', '211.21.65.1', '2017-11-13 10:50:30'),
(902, 'test', 1, 1, 2, '列表', '', '', '211.21.65.1', '2017-11-13 10:51:50'),
(903, 'test', 2, 1, 2, '列表', '', '', '211.21.65.1', '2017-11-13 10:52:02'),
(904, 'test', 2, 2, 2, '列表', '', '', '211.21.65.1', '2017-11-13 10:52:03'),
(905, 'test', 2, 1, 2, '列表', '', '', '211.21.65.1', '2017-11-13 10:52:10'),
(906, 'test', 6, 1, 2, '列表', '', '', '211.21.65.1', '2017-11-13 10:52:46'),
(907, 'test', 4, 1, 2, '列表', '', '', '211.21.65.1', '2017-11-13 10:53:38'),
(908, 'test', 7, 1, 2, '列表', '', '', '211.21.65.1', '2017-11-13 10:54:09'),
(909, 'test', 7, 2, 2, '列表', '', '', '211.21.65.1', '2017-11-13 10:55:05'),
(910, 'test', 7, 1, 2, '列表', '', '', '211.21.65.1', '2017-11-13 10:55:07'),
(911, 'test', 7, 2, 2, '列表', '', '', '211.21.65.1', '2017-11-13 10:55:08'),
(912, 'test', 7, 1, 2, '列表', '', '', '211.21.65.1', '2017-11-13 10:55:09'),
(913, 'test', 7, 2, 2, '列表', '', '', '211.21.65.1', '2017-11-13 10:55:10'),
(914, 'test', 7, 1, 2, '列表', '', '', '211.21.65.1', '2017-11-13 10:55:11'),
(915, 'test', 7, 2, 2, '列表', '', '', '211.21.65.1', '2017-11-13 10:55:12'),
(916, 'test', 7, 3, 2, '列表', '', '', '211.21.65.1', '2017-11-13 10:55:19'),
(917, 'test', 7, 2, 2, '列表', '', '', '211.21.65.1', '2017-11-13 10:55:20'),
(918, 'test', 7, 1, 2, '列表', '', '', '211.21.65.1', '2017-11-13 10:55:22'),
(919, 'test', 7, 3, 2, '列表', '', '', '211.21.65.1', '2017-11-13 10:55:23'),
(920, 'test', 3, 1, 2, '列表', '', '', '211.21.65.1', '2017-11-13 10:57:06'),
(921, 'test', 3, 1, 8, '排序', '', '', '211.21.65.1', '2017-11-13 10:58:58'),
(922, 'guest', 3, 2, 2, '列表', '', '', '211.21.65.1', '2017-11-13 11:54:54'),
(923, 'test', 6, 1, 2, '列表', '', '', '211.21.65.1', '2017-11-13 13:57:45'),
(924, 'test', 1, 1, 2, '列表', '', '', '211.21.65.1', '2017-11-13 13:58:47'),
(925, 'test', 3, 1, 2, '列表', '', '', '211.21.65.1', '2017-11-13 13:58:55'),
(926, 'test', 3, 2, 2, '列表', '', '', '211.21.65.1', '2017-11-13 13:58:59'),
(927, 'test', 7, 1, 2, '列表', '', '', '211.21.65.1', '2017-11-13 13:59:09'),
(928, 'test', 6, 1, 2, '列表', '', '', '211.21.65.1', '2017-11-13 13:59:17'),
(929, 'test', 5, 1, 2, '列表', '', '', '211.21.65.1', '2017-11-13 14:04:34'),
(930, 'test', 5, 2, 2, '列表', '', '', '211.21.65.1', '2017-11-13 14:04:36'),
(931, 'test', 2, 1, 2, '列表', '', '', '211.21.65.1', '2017-11-13 14:04:45'),
(932, 'test', 1, 1, 2, '列表', '', '', '211.21.65.1', '2017-11-13 14:05:06'),
(933, 'test', 7, 1, 2, '列表', '', '', '211.21.65.1', '2017-11-13 14:05:12'),
(934, 'test', 7, 2, 2, '列表', '', '', '211.21.65.1', '2017-11-13 14:05:13'),
(935, 'test', 7, 3, 2, '列表', '', '', '211.21.65.1', '2017-11-13 14:05:14'),
(936, 'test', 7, 2, 2, '列表', '', '', '211.21.65.1', '2017-11-13 14:05:14'),
(937, 'test', 7, 1, 2, '列表', '', '', '211.21.65.1', '2017-11-13 14:05:15'),
(938, 'test', 7, 2, 2, '列表', '', '', '211.21.65.1', '2017-11-13 14:11:37'),
(939, 'test', 7, 3, 2, '列表', '', '', '211.21.65.1', '2017-11-13 14:11:38'),
(940, 'test', 7, 1, 2, '列表', '', '', '211.21.65.1', '2017-11-13 14:11:40'),
(941, 'test', 7, 2, 2, '列表', '', '', '211.21.65.1', '2017-11-13 14:11:40'),
(942, 'test', 7, 3, 2, '列表', '', '', '211.21.65.1', '2017-11-13 14:11:41'),
(943, 'test', 7, 2, 2, '列表', '', '', '211.21.65.1', '2017-11-13 14:11:42'),
(944, 'test', 7, 1, 2, '列表', '', '', '211.21.65.1', '2017-11-13 14:11:42'),
(945, 'test', 7, 2, 2, '列表', '', '', '211.21.65.1', '2017-11-13 14:11:43'),
(946, 'test', 7, 1, 2, '列表', '', '', '211.21.65.1', '2017-11-13 14:11:44'),
(947, 'test', 7, 2, 2, '列表', '', '', '211.21.65.1', '2017-11-13 14:11:45'),
(948, 'test', 7, 3, 2, '列表', '', '', '211.21.65.1', '2017-11-13 14:11:45'),
(949, 'test', 7, 1, 2, '列表', '', '', '211.21.65.1', '2017-11-13 14:11:46'),
(950, 'test', 7, 2, 2, '列表', '', '', '211.21.65.1', '2017-11-13 14:11:47'),
(951, 'test', 3, 1, 2, '列表', '', '', '211.21.65.1', '2017-11-13 14:18:23'),
(952, 'test', 3, 2, 2, '列表', '', '', '211.21.65.1', '2017-11-13 14:18:24'),
(953, 'test', 3, 4, 2, '列表', '', '', '211.21.65.1', '2017-11-13 14:18:25'),
(954, 'test', 4, 1, 2, '列表', '', '', '211.21.65.1', '2017-11-13 14:22:52'),
(955, 'test', 5, 1, 2, '列表', '', '', '211.21.65.1', '2017-11-13 14:24:26'),
(956, 'guest', 0, 0, 1, 'admin登入成功', '', '', '211.21.65.1', '2017-11-13 14:48:29'),
(957, 'admin', 0, 0, 1, 'admin登入成功', '', '', '59.127.37.46', '2017-11-13 14:49:15'),
(958, 'admin', 3, 1, 2, '列表', '', '', '59.127.37.46', '2017-11-13 14:49:18'),
(959, 'admin', 7, 2, 2, '列表', '', '', '59.127.37.46', '2017-11-13 14:49:20'),
(960, 'admin', 0, 0, 1, 'admin登入成功', '', '', '59.127.37.46', '2017-11-13 15:12:44'),
(961, 'admin', 3, 1, 2, '列表', '', '', '59.127.37.46', '2017-11-13 15:12:47'),
(962, 'admin', 3, 5, 2, '列表', '', '', '59.127.37.46', '2017-11-13 15:12:48'),
(963, 'admin', 3, 2, 2, '列表', '', '', '59.127.37.46', '2017-11-13 15:12:50'),
(964, 'admin', 3, 3, 2, '列表', '', '', '59.127.37.46', '2017-11-13 15:12:51'),
(965, 'admin', 3, 4, 2, '列表', '', '', '59.127.37.46', '2017-11-13 15:12:51'),
(966, 'admin', 7, 1, 2, '列表', '', '', '59.127.37.46', '2017-11-13 15:12:53'),
(967, 'admin', 3, 5, 2, '列表', '', '', '59.127.37.46', '2017-11-13 15:13:02'),
(968, 'admin', 3, 1, 2, '列表', '', '', '59.127.37.46', '2017-11-13 15:13:04'),
(969, 'admin', 3, 2, 2, '列表', '', '', '59.127.37.46', '2017-11-13 15:13:05'),
(970, 'admin', 3, 3, 2, '列表', '', '', '59.127.37.46', '2017-11-13 15:13:06'),
(971, 'admin', 3, 4, 2, '列表', '', '', '59.127.37.46', '2017-11-13 15:13:06'),
(972, 'admin', 3, 2, 2, '列表', '', '', '59.127.37.46', '2017-11-13 15:14:17'),
(973, 'admin', 3, 3, 2, '列表', '', '', '59.127.37.46', '2017-11-13 15:14:18'),
(974, 'admin', 3, 1, 2, '列表', '', '', '59.127.37.46', '2017-11-13 15:14:19'),
(975, 'admin', 3, 5, 2, '列表', '', '', '59.127.37.46', '2017-11-13 15:14:20'),
(976, 'admin', 3, 2, 2, '列表', '', '', '59.127.37.46', '2017-11-13 15:14:21'),
(977, 'admin', 3, 1, 2, '列表', '', '', '59.127.37.46', '2017-11-13 15:14:22'),
(978, 'admin', 3, 5, 2, '列表', '', '', '59.127.37.46', '2017-11-13 15:14:23'),
(979, 'admin', 7, 1, 2, '列表', '', '', '59.127.37.46', '2017-11-13 15:14:29'),
(980, 'admin', 3, 2, 2, '列表', '', '', '59.127.37.46', '2017-11-13 15:14:56'),
(981, 'admin', 3, 3, 2, '列表', '', '', '59.127.37.46', '2017-11-13 15:14:57'),
(982, 'admin', 3, 4, 2, '列表', '', '', '59.127.37.46', '2017-11-13 15:14:59'),
(983, 'admin', 3, 5, 2, '列表', '', '', '59.127.37.46', '2017-11-13 15:15:01'),
(984, 'test', 5, 1, 2, '列表', '', '', '211.21.65.1', '2017-11-13 15:16:40'),
(985, 'test', 1, 1, 2, '列表', '', '', '211.21.65.1', '2017-11-13 15:16:44'),
(986, 'test', 2, 2, 2, '列表', '', '', '211.21.65.1', '2017-11-13 15:17:11'),
(987, 'test', 2, 1, 2, '列表', '', '', '211.21.65.1', '2017-11-13 15:17:16'),
(988, 'test', 2, 2, 2, '列表', '', '', '211.21.65.1', '2017-11-13 15:17:17'),
(989, 'test', 2, 1, 2, '列表', '', '', '211.21.65.1', '2017-11-13 15:23:19'),
(990, 'test', 3, 1, 2, '列表', '', '', '211.21.65.1', '2017-11-13 15:23:34'),
(991, 'test', 3, 5, 2, '列表', '', '', '211.21.65.1', '2017-11-13 15:23:36'),
(992, 'test', 3, 1, 2, '列表', '', '', '211.21.65.1', '2017-11-13 15:23:37'),
(993, 'test', 3, 4, 2, '列表', '', '', '211.21.65.1', '2017-11-13 15:23:42'),
(994, 'test', 3, 3, 2, '列表', '', '', '211.21.65.1', '2017-11-13 15:23:44'),
(995, 'test', 3, 2, 2, '列表', '', '', '211.21.65.1', '2017-11-13 15:23:45'),
(996, 'test', 3, 5, 2, '列表', '', '', '211.21.65.1', '2017-11-13 15:23:47'),
(997, 'test', 3, 1, 2, '列表', '', '', '211.21.65.1', '2017-11-13 15:23:48'),
(998, 'test', 3, 1, 4, '套裝組合 id:1', '', '', '211.21.65.1', '2017-11-13 15:24:14'),
(999, 'test', 3, 1, 4, '膠囊類 id:2', '', '', '211.21.65.1', '2017-11-13 15:24:29'),
(1000, 'test', 3, 1, 4, '萃取液 id:3', '', '', '211.21.65.1', '2017-11-13 15:24:38'),
(1001, 'test', 3, 1, 4, '滴丸 id:4', '', '', '211.21.65.1', '2017-11-13 15:24:44'),
(1002, 'test', 3, 5, 2, '列表', '', '', '211.21.65.1', '2017-11-13 15:24:47'),
(1003, 'test', 3, 2, 2, '列表', '', '', '211.21.65.1', '2017-11-13 15:24:48'),
(1004, 'admin', 3, 2, 2, '列表', '', '', '59.127.37.46', '2017-11-13 15:31:09'),
(1005, 'admin', 3, 3, 2, '列表', '', '', '59.127.37.46', '2017-11-13 15:31:10'),
(1006, 'admin', 7, 1, 2, '列表', '', '', '59.127.37.46', '2017-11-13 15:31:12'),
(1007, 'test', 3, 1, 2, '列表', '', '', '211.21.65.1', '2017-11-13 15:42:22'),
(1008, 'test', 3, 1, 16, '1筆資料(\'1\')', '', '', '211.21.65.1', '2017-11-13 15:42:28'),
(1009, 'test', 3, 1, 16, '1筆資料(\'2\')', '', '', '211.21.65.1', '2017-11-13 15:42:31'),
(1010, 'test', 3, 1, 16, '1筆資料(\'3\')', '', '', '211.21.65.1', '2017-11-13 15:42:33'),
(1011, 'test', 3, 1, 16, '1筆資料(\'4\')', '', '', '211.21.65.1', '2017-11-13 15:42:35'),
(1012, 'test', 3, 1, 4, '健康食品 id:5', '', '', '211.21.65.1', '2017-11-13 15:42:44'),
(1013, 'test', 3, 1, 2, '列表', '', '', '211.21.65.1', '2017-11-13 15:42:48'),
(1014, 'test', 3, 1, 4, '套裝組合 id:6', '', '', '211.21.65.1', '2017-11-13 15:42:57'),
(1015, 'admin', 3, 1, 2, '列表', '', '', '59.127.37.46', '2017-11-13 15:42:57'),
(1016, 'test', 3, 1, 4, '單品 id:7', '', '', '211.21.65.1', '2017-11-13 15:43:10'),
(1017, 'test', 3, 1, 2, '列表', '', '', '211.21.65.1', '2017-11-13 15:43:13'),
(1018, 'admin', 3, 5, 2, '列表', '', '', '59.127.37.46', '2017-11-13 15:43:24'),
(1019, 'admin', 3, 2, 2, '列表', '', '', '59.127.37.46', '2017-11-13 15:43:25'),
(1020, 'admin', 3, 5, 2, '列表', '', '', '59.127.37.46', '2017-11-13 15:43:26'),
(1021, 'admin', 3, 3, 2, '列表', '', '', '59.127.37.46', '2017-11-13 15:43:27'),
(1022, 'admin', 3, 4, 2, '列表', '', '', '59.127.37.46', '2017-11-13 15:43:27'),
(1023, 'test', 3, 1, 4, '滴丸 id:8', '', '', '211.21.65.1', '2017-11-13 15:43:32'),
(1024, 'admin', 3, 1, 2, '列表', '', '', '59.127.37.46', '2017-11-13 15:43:38'),
(1025, 'test', 3, 1, 16, '1筆資料(\'8\')', '', '', '211.21.65.1', '2017-11-13 15:43:45'),
(1026, 'test', 3, 1, 2, '列表', '', '', '211.21.65.1', '2017-11-13 15:43:49'),
(1027, 'test', 3, 1, 4, 'Ａ組 id:9', '', '', '211.21.65.1', '2017-11-13 15:43:58'),
(1028, 'test', 3, 1, 4, 'Ｂ組 id:10', '', '', '211.21.65.1', '2017-11-13 15:44:04'),
(1029, 'test', 3, 1, 4, 'Ｃ組 id:11', '', '', '211.21.65.1', '2017-11-13 15:44:10'),
(1030, 'test', 3, 1, 4, 'Ｄ組 id:12', '', '', '211.21.65.1', '2017-11-13 15:44:16'),
(1031, 'test', 3, 1, 2, '列表', '', '', '211.21.65.1', '2017-11-13 15:44:21'),
(1032, 'test', 3, 1, 4, '萃取液 id:13', '', '', '211.21.65.1', '2017-11-13 15:44:26'),
(1033, 'test', 3, 1, 4, '滴丸 id:14', '', '', '211.21.65.1', '2017-11-13 15:44:32'),
(1034, 'test', 3, 1, 4, '膠囊 id:15', '', '', '211.21.65.1', '2017-11-13 15:44:38'),
(1035, 'admin', 3, 2, 2, '列表', '', '', '59.127.37.46', '2017-11-13 15:44:53'),
(1036, 'test', 3, 1, 2, '列表', '', '', '211.21.65.1', '2017-11-13 15:45:00'),
(1037, 'admin', 3, 3, 2, '列表', '', '', '59.127.37.46', '2017-11-13 15:45:12'),
(1038, 'admin', 3, 4, 2, '列表', '', '', '59.127.37.46', '2017-11-13 15:45:14'),
(1039, 'admin', 3, 3, 2, '列表', '', '', '59.127.37.46', '2017-11-13 15:45:15'),
(1040, 'admin', 3, 5, 2, '列表', '', '', '59.127.37.46', '2017-11-13 15:45:16'),
(1041, 'admin', 3, 1, 2, '列表', '', '', '59.127.37.46', '2017-11-13 15:45:17'),
(1042, 'test', 3, 2, 2, '列表', '', '', '211.21.65.1', '2017-11-13 15:46:33'),
(1043, 'admin', 0, 0, 1, 'admin登入成功', '', '', '120.108.127.29', '2017-11-13 15:46:33'),
(1044, 'admin', 3, 1, 2, '列表', '', '', '120.108.127.29', '2017-11-13 15:46:38'),
(1045, 'admin', 3, 2, 2, '列表', '', '', '59.127.37.46', '2017-11-13 15:46:58'),
(1046, 'admin', 3, 3, 2, '列表', '', '', '59.127.37.46', '2017-11-13 15:46:59'),
(1047, 'admin', 3, 4, 2, '列表', '', '', '59.127.37.46', '2017-11-13 15:47:00'),
(1048, 'admin', 3, 1, 2, '列表', '', '', '59.127.37.46', '2017-11-13 15:47:00'),
(1049, 'test', 3, 2, 4, '滴丸test01 id:test01', '', '', '211.21.65.1', '2017-11-13 15:50:25'),
(1050, 'test', 3, 3, 2, '列表', '', '', '211.21.65.1', '2017-11-13 15:50:34'),
(1051, 'admin', 3, 5, 2, '列表', '', '', '59.127.37.46', '2017-11-13 15:50:35'),
(1052, 'test', 3, 2, 2, '列表', '', '', '211.21.65.1', '2017-11-13 15:50:35'),
(1053, 'admin', 3, 2, 2, '列表', '', '', '59.127.37.46', '2017-11-13 15:50:35'),
(1054, 'test', 3, 2, 8, '滴丸test01 id:test01', '', '', '211.21.65.1', '2017-11-13 15:50:50'),
(1055, 'test', 3, 3, 2, '列表', '', '', '211.21.65.1', '2017-11-13 15:50:52'),
(1056, 'test', 3, 3, 8, '滴丸test01 id:test01', '', '', '211.21.65.1', '2017-11-13 15:51:02'),
(1057, 'test', 3, 4, 2, '列表', '', '', '211.21.65.1', '2017-11-13 15:51:14'),
(1058, 'admin', 3, 3, 2, '列表', '', '', '59.127.37.46', '2017-11-13 15:52:25'),
(1059, 'admin', 3, 4, 2, '列表', '', '', '59.127.37.46', '2017-11-13 15:52:26'),
(1060, 'test', 3, 4, 8, '滴丸test01 id:test01', '', '', '211.21.65.1', '2017-11-13 15:55:25'),
(1061, 'admin', 7, 1, 2, '列表', '', '', '59.127.37.46', '2017-11-13 16:00:04'),
(1062, 'admin', 3, 1, 2, '列表', '', '', '59.127.37.46', '2017-11-13 16:06:36'),
(1063, 'admin', 3, 5, 2, '列表', '', '', '59.127.37.46', '2017-11-13 16:06:37'),
(1064, 'admin', 3, 2, 2, '列表', '', '', '59.127.37.46', '2017-11-13 16:06:37'),
(1065, 'admin', 3, 3, 2, '列表', '', '', '59.127.37.46', '2017-11-13 16:06:40'),
(1066, 'admin', 3, 4, 2, '列表', '', '', '59.127.37.46', '2017-11-13 16:06:40'),
(1067, 'guest', 3, 4, 4, '滴丸test02 id:test02', '', '', '211.21.65.1', '2017-11-13 16:35:05'),
(1068, 'guest', 3, 2, 2, '列表', '', '', '211.21.65.1', '2017-11-13 16:35:20'),
(1069, 'guest', 3, 2, 8, '滴丸test02 id:test02', '', '', '211.21.65.1', '2017-11-13 16:35:25'),
(1070, 'guest', 3, 2, 4, '滴丸test03 id:test03', '', '', '211.21.65.1', '2017-11-13 16:37:45'),
(1071, 'guest', 3, 2, 8, '滴丸test03 id:test03', '', '', '211.21.65.1', '2017-11-13 16:37:53'),
(1072, 'guest', 3, 2, 4, '滴丸test04 id:test04', '', '', '211.21.65.1', '2017-11-13 16:41:25'),
(1073, 'guest', 3, 2, 8, '滴丸test04 id:test04', '', '', '211.21.65.1', '2017-11-13 16:41:31'),
(1074, 'guest', 3, 2, 4, '滴丸test05 id:test05', '', '', '211.21.65.1', '2017-11-13 16:44:31'),
(1075, 'guest', 3, 2, 8, '滴丸test05 id:test05', '', '', '211.21.65.1', '2017-11-13 16:44:35'),
(1076, 'guest', 3, 2, 4, '膠囊test06 id:test06', '', '', '211.21.65.1', '2017-11-13 16:49:22'),
(1077, 'guest', 3, 2, 8, '膠囊test06 id:test06', '', '', '211.21.65.1', '2017-11-13 16:49:30'),
(1078, 'guest', 3, 2, 4, '膠囊test07 id:test07', '', '', '211.21.65.1', '2017-11-13 16:51:32'),
(1079, 'admin', 0, 0, 1, 'admin登入成功', '', '', '120.108.127.29', '2017-11-13 16:52:16'),
(1080, 'admin', 3, 5, 2, '列表', '', '', '120.108.127.29', '2017-11-13 16:52:21'),
(1081, 'admin', 3, 2, 2, '列表', '', '', '120.108.127.29', '2017-11-13 16:52:22'),
(1082, 'admin', 3, 1, 2, '列表', '', '', '120.108.127.29', '2017-11-13 16:52:25'),
(1083, 'admin', 3, 5, 2, '列表', '', '', '120.108.127.29', '2017-11-13 16:52:56'),
(1084, 'admin', 3, 2, 2, '列表', '', '', '120.108.127.29', '2017-11-13 16:52:58'),
(1085, 'guest', 3, 2, 4, '膠囊test08 id:test08', '', '', '211.21.65.1', '2017-11-13 16:53:29'),
(1086, 'guest', 3, 2, 8, '膠囊test08 id:test08', '', '', '211.21.65.1', '2017-11-13 16:53:33'),
(1087, 'guest', 3, 2, 4, '膠囊test09 id:test09', '', '', '211.21.65.1', '2017-11-13 16:55:32'),
(1088, 'guest', 3, 2, 4, '萃取液test10 id:test10', '', '', '211.21.65.1', '2017-11-13 16:57:52'),
(1089, 'guest', 3, 1, 2, '列表', '', '', '211.21.65.1', '2017-11-13 16:59:10'),
(1090, 'guest', 3, 1, 4, '保養化妝 id:16', '', '', '211.21.65.1', '2017-11-13 16:59:54'),
(1091, 'guest', 3, 1, 2, '列表', '', '', '211.21.65.1', '2017-11-13 16:59:56'),
(1092, 'guest', 3, 1, 4, '精華液 id:17', '', '', '211.21.65.1', '2017-11-13 17:00:09'),
(1093, 'guest', 3, 1, 4, '面膜 id:18', '', '', '211.21.65.1', '2017-11-13 17:00:16'),
(1094, 'guest', 3, 1, 4, '牛樟芝食品 id:19', '', '', '211.21.65.1', '2017-11-13 17:00:36'),
(1095, 'guest', 3, 1, 2, '列表', '', '', '211.21.65.1', '2017-11-13 17:00:38'),
(1096, 'guest', 3, 1, 4, '飲品 id:20', '', '', '211.21.65.1', '2017-11-13 17:01:07'),
(1097, 'guest', 3, 1, 2, '列表', '', '', '211.21.65.1', '2017-11-13 17:01:09'),
(1098, 'guest', 3, 1, 4, '茶類 id:21', '', '', '211.21.65.1', '2017-11-13 17:01:14'),
(1099, 'guest', 3, 2, 2, '列表', '', '', '211.21.65.1', '2017-11-13 17:01:20'),
(1100, 'guest', 3, 1, 2, '列表', '', '', '211.21.65.1', '2017-11-13 17:01:53'),
(1101, 'guest', 3, 1, 16, '1筆資料(\'17\')', '', '', '211.21.65.1', '2017-11-13 17:02:02'),
(1102, 'guest', 3, 1, 16, '1筆資料(\'18\')', '', '', '211.21.65.1', '2017-11-13 17:02:04'),
(1103, 'guest', 3, 1, 4, '保養品 id:22', '', '', '211.21.65.1', '2017-11-13 17:02:12'),
(1104, 'guest', 3, 1, 4, '化妝品 id:23', '', '', '211.21.65.1', '2017-11-13 17:02:20'),
(1105, 'guest', 3, 1, 2, '列表', '', '', '211.21.65.1', '2017-11-13 17:02:23'),
(1106, 'guest', 3, 1, 4, '面膜 id:24', '', '', '211.21.65.1', '2017-11-13 17:02:28'),
(1107, 'guest', 3, 1, 2, '列表', '', '', '211.21.65.1', '2017-11-13 17:02:32'),
(1108, 'guest', 3, 1, 4, '精華液 id:25', '', '', '211.21.65.1', '2017-11-13 17:02:38'),
(1109, 'guest', 3, 2, 2, '列表', '', '', '211.21.65.1', '2017-11-13 17:02:46'),
(1110, 'guest', 3, 2, 4, '保養品test11 id:test11', '', '', '211.21.65.1', '2017-11-13 17:05:53'),
(1111, 'guest', 3, 4, 2, '列表', '', '', '211.21.65.1', '2017-11-13 17:05:59'),
(1112, 'guest', 3, 4, 8, '保養品test11 id:test11', '', '', '211.21.65.1', '2017-11-13 17:06:44'),
(1113, 'guest', 3, 2, 2, '列表', '', '', '211.21.65.1', '2017-11-13 17:08:02'),
(1114, 'guest', 3, 2, 4, '保養品test12 id:test12', '', '', '211.21.65.1', '2017-11-13 17:10:08'),
(1115, 'guest', 3, 2, 4, '保養品test13 id:test13', '', '', '211.21.65.1', '2017-11-13 17:12:15'),
(1116, 'guest', 3, 2, 4, '不知道什麼test14 id:test14', '', '', '211.21.65.1', '2017-11-13 17:14:56'),
(1117, 'guest', 7, 1, 2, '列表', '', '', '211.21.65.1', '2017-11-13 17:29:32'),
(1118, 'guest', 3, 1, 2, '列表', '', '', '211.21.65.1', '2017-11-13 17:29:40'),
(1119, 'guest', 3, 5, 2, '列表', '', '', '211.21.65.1', '2017-11-13 17:29:41'),
(1120, 'guest', 3, 2, 2, '列表', '', '', '211.21.65.1', '2017-11-13 17:29:43'),
(1121, 'guest', 3, 3, 2, '列表', '', '', '211.21.65.1', '2017-11-13 17:29:44'),
(1122, 'guest', 3, 4, 2, '列表', '', '', '211.21.65.1', '2017-11-13 17:29:45'),
(1123, 'guest', 3, 5, 2, '列表', '', '', '211.21.65.1', '2017-11-13 17:30:12'),
(1124, 'admin', 0, 0, 1, 'admin登入成功', '', '', '61.223.1.218', '2017-11-14 09:57:34'),
(1125, 'admin', 7, 1, 2, '列表', '', '', '61.223.1.218', '2017-11-14 09:57:45'),
(1126, 'admin', 7, 2, 2, '列表', '', '', '61.223.1.218', '2017-11-14 09:58:02'),
(1127, 'admin', 7, 3, 2, '列表', '', '', '61.223.1.218', '2017-11-14 09:58:03'),
(1128, 'admin', 7, 1, 2, '列表', '', '', '61.223.1.218', '2017-11-14 09:58:05'),
(1129, 'guest', 0, 0, 1, 'admin登入成功', '', '', '211.21.65.1', '2017-11-14 10:15:10'),
(1130, 'test', 6, 1, 2, '列表', '', '', '211.21.65.1', '2017-11-14 10:15:38'),
(1131, 'test', 4, 1, 2, '列表', '', '', '211.21.65.1', '2017-11-14 10:16:12'),
(1132, 'test', 7, 1, 2, '列表', '', '', '211.21.65.1', '2017-11-14 11:30:56'),
(1133, 'test', 4, 1, 2, '列表', '', '', '211.21.65.1', '2017-11-14 11:31:25'),
(1134, 'test', 5, 1, 2, '列表', '', '', '211.21.65.1', '2017-11-14 11:31:42'),
(1135, 'test', 6, 1, 2, '列表', '', '', '211.21.65.1', '2017-11-14 11:31:53'),
(1136, 'test', 2, 1, 2, '列表', '', '', '211.21.65.1', '2017-11-14 11:31:56'),
(1137, 'test', 2, 2, 2, '列表', '', '', '211.21.65.1', '2017-11-14 11:32:00'),
(1138, 'test', 1, 1, 2, '列表', '', '', '211.21.65.1', '2017-11-14 11:32:06'),
(1139, 'test', 2, 1, 2, '列表', '', '', '211.21.65.1', '2017-11-14 11:32:10'),
(1140, 'test', 2, 2, 2, '列表', '', '', '211.21.65.1', '2017-11-14 11:43:19'),
(1141, 'test', 2, 1, 2, '列表', '', '', '211.21.65.1', '2017-11-14 11:43:20'),
(1142, 'test', 3, 1, 2, '列表', '', '', '211.21.65.1', '2017-11-14 11:43:51'),
(1143, 'test', 3, 5, 2, '列表', '', '', '211.21.65.1', '2017-11-14 11:43:58'),
(1144, 'test', 5, 3, 8, 'id:1,2,3,4,5,6,7,8,9,10,11', '', '', '211.21.65.1', '2017-11-14 11:45:54'),
(1145, 'test', 4, 1, 2, '列表', '', '', '211.21.65.1', '2017-11-14 13:42:20'),
(1146, 'test', 5, 1, 2, '列表', '', '', '211.21.65.1', '2017-11-14 13:42:50'),
(1147, 'test', 5, 2, 2, '列表', '', '', '211.21.65.1', '2017-11-14 13:42:52'),
(1148, 'test', 4, 1, 2, '列表', '', '', '211.21.65.1', '2017-11-14 13:43:37'),
(1149, 'test', 7, 1, 2, '列表', '', '', '211.21.65.1', '2017-11-14 13:43:39'),
(1150, 'test', 7, 2, 2, '列表', '', '', '211.21.65.1', '2017-11-14 13:43:41'),
(1151, 'test', 7, 3, 2, '列表', '', '', '211.21.65.1', '2017-11-14 13:43:43'),
(1152, 'test', 7, 1, 2, '列表', '', '', '211.21.65.1', '2017-11-14 13:43:44'),
(1153, 'guest', 3, 1, 2, '列表', '', '', '211.21.65.1', '2017-11-14 17:20:06'),
(1154, 'guest', 3, 4, 2, '列表', '', '', '211.21.65.1', '2017-11-14 17:20:07'),
(1155, 'guest', 0, 0, 1, 'admin登入成功', '', '', '211.21.65.1', '2017-11-14 17:33:19'),
(1156, 'guest', 3, 1, 2, '列表', '', '', '211.21.65.1', '2017-11-14 17:33:27'),
(1157, 'guest', 0, 0, 1, 'admin登入成功', '', '', '211.21.65.1', '2017-11-14 17:34:20'),
(1158, 'guest', 0, 0, 1, 'admin登入成功', '', '', '211.21.65.1', '2017-11-15 09:59:19'),
(1159, 'test', 7, 3, 2, '列表', '', '', '211.21.65.1', '2017-11-15 10:06:13'),
(1160, 'test', 7, 2, 2, '列表', '', '', '211.21.65.1', '2017-11-15 10:06:15'),
(1161, 'test', 7, 1, 2, '列表', '', '', '211.21.65.1', '2017-11-15 10:06:16'),
(1162, 'test', 7, 3, 2, '列表', '', '', '211.21.65.1', '2017-11-15 10:06:17'),
(1163, 'test', 7, 2, 2, '列表', '', '', '211.21.65.1', '2017-11-15 10:06:19'),
(1164, 'test', 7, 1, 2, '列表', '', '', '211.21.65.1', '2017-11-15 10:06:20'),
(1165, 'test', 4, 1, 2, '列表', '', '', '211.21.65.1', '2017-11-15 10:06:22'),
(1166, 'test', 2, 1, 2, '列表', '', '', '211.21.65.1', '2017-11-15 10:06:28'),
(1167, 'test', 1, 1, 2, '列表', '', '', '211.21.65.1', '2017-11-15 10:07:13'),
(1168, 'test', 7, 1, 2, '列表', '', '', '211.21.65.1', '2017-11-15 10:07:20'),
(1169, 'test', 5, 1, 2, '列表', '', '', '211.21.65.1', '2017-11-15 10:08:29'),
(1170, 'test', 5, 2, 2, '列表', '', '', '211.21.65.1', '2017-11-15 10:09:34'),
(1171, 'test', 5, 1, 2, '列表', '', '', '211.21.65.1', '2017-11-15 10:18:18'),
(1172, 'test', 4, 1, 2, '列表', '', '', '211.21.65.1', '2017-11-15 10:18:20'),
(1173, 'test', 7, 1, 2, '列表', '', '', '211.21.65.1', '2017-11-15 10:18:22'),
(1174, 'test', 7, 2, 2, '列表', '', '', '211.21.65.1', '2017-11-15 10:18:23'),
(1175, 'test', 7, 3, 2, '列表', '', '', '211.21.65.1', '2017-11-15 10:18:23'),
(1176, 'test', 3, 1, 2, '列表', '', '', '211.21.65.1', '2017-11-15 10:18:25'),
(1177, 'test', 3, 5, 2, '列表', '', '', '211.21.65.1', '2017-11-15 10:18:28'),
(1178, 'test', 3, 2, 2, '列表', '', '', '211.21.65.1', '2017-11-15 10:18:29'),
(1179, 'test', 3, 3, 2, '列表', '', '', '211.21.65.1', '2017-11-15 10:18:30'),
(1180, 'test', 3, 4, 2, '列表', '', '', '211.21.65.1', '2017-11-15 10:18:31'),
(1181, 'test', 2, 1, 2, '列表', '', '', '211.21.65.1', '2017-11-15 10:18:36'),
(1182, 'test', 2, 2, 2, '列表', '', '', '211.21.65.1', '2017-11-15 10:18:37'),
(1183, 'guest', 0, 0, 1, 'admin登入成功', '', '', '211.21.65.1', '2017-11-16 11:01:14'),
(1184, 'test', 3, 1, 2, '列表', '', '', '211.21.65.1', '2017-11-16 11:59:43'),
(1185, 'test', 3, 2, 2, '列表', '', '', '211.21.65.1', '2017-11-16 12:00:02'),
(1186, 'test', 3, 5, 2, '列表', '', '', '211.21.65.1', '2017-11-16 12:01:39'),
(1187, 'test', 7, 1, 2, '列表', '', '', '211.21.65.1', '2017-11-16 12:01:55'),
(1188, 'test', 7, 2, 2, '列表', '', '', '211.21.65.1', '2017-11-16 12:02:18'),
(1189, 'test', 7, 1, 2, '列表', '', '', '211.21.65.1', '2017-11-16 12:02:19'),
(1190, 'test', 7, 2, 2, '列表', '', '', '211.21.65.1', '2017-11-16 12:02:24'),
(1191, 'test', 7, 3, 2, '列表', '', '', '211.21.65.1', '2017-11-16 12:02:27'),
(1192, 'test', 7, 1, 2, '列表', '', '', '211.21.65.1', '2017-11-16 12:02:28'),
(1193, 'test', 7, 2, 2, '列表', '', '', '211.21.65.1', '2017-11-16 12:02:29'),
(1194, 'test', 7, 3, 2, '列表', '', '', '211.21.65.1', '2017-11-16 12:02:29'),
(1195, 'test', 4, 1, 2, '列表', '', '', '211.21.65.1', '2017-11-16 12:02:32'),
(1196, 'test', 5, 1, 2, '列表', '', '', '211.21.65.1', '2017-11-16 12:02:52'),
(1197, 'test', 5, 2, 2, '列表', '', '', '211.21.65.1', '2017-11-16 12:03:00'),
(1198, 'test', 6, 1, 2, '列表', '', '', '211.21.65.1', '2017-11-16 12:03:12'),
(1199, 'test', 2, 1, 2, '列表', '', '', '211.21.65.1', '2017-11-16 12:03:32'),
(1200, 'test', 2, 2, 2, '列表', '', '', '211.21.65.1', '2017-11-16 12:03:35'),
(1201, 'test', 2, 1, 2, '列表', '', '', '211.21.65.1', '2017-11-16 12:03:38'),
(1202, 'test', 1, 1, 2, '列表', '', '', '211.21.65.1', '2017-11-16 12:03:47'),
(1203, 'admin', 0, 0, 1, 'admin登入成功', '', '', '211.21.65.1', '2017-11-16 13:44:19'),
(1204, 'admin', 1, 1, 2, '列表', '', '', '211.21.65.1', '2017-11-16 13:44:32'),
(1205, 'guest', 0, 0, 1, 'admin登入成功', '', '', '211.21.65.1', '2017-11-16 13:46:15'),
(1206, 'test', 3, 4, 2, '列表', '', '', '211.21.65.1', '2017-11-16 14:04:53'),
(1207, 'test', 3, 1, 2, '列表', '', '', '211.21.65.1', '2017-11-16 14:09:19'),
(1208, 'test', 5, 1, 2, '列表', '', '', '211.21.65.1', '2017-11-16 14:11:05'),
(1209, 'admin', 0, 0, 1, 'admin登入成功', '', '', '120.108.127.29', '2017-11-16 14:14:52'),
(1210, 'test', 2, 2, 2, '列表', '', '', '211.21.65.1', '2017-11-16 14:18:29'),
(1211, 'test', 1, 1, 2, '列表', '', '', '211.21.65.1', '2017-11-16 14:19:23'),
(1212, 'test', 7, 1, 2, '列表', '', '', '211.21.65.1', '2017-11-16 14:21:11'),
(1213, 'test', 7, 2, 2, '列表', '', '', '211.21.65.1', '2017-11-16 14:21:16'),
(1214, 'test', 7, 3, 2, '列表', '', '', '211.21.65.1', '2017-11-16 14:21:17'),
(1215, 'test', 7, 1, 2, '列表', '', '', '211.21.65.1', '2017-11-16 14:22:55'),
(1216, 'test', 7, 2, 2, '列表', '', '', '211.21.65.1', '2017-11-16 14:22:55'),
(1217, 'test', 7, 3, 2, '列表', '', '', '211.21.65.1', '2017-11-16 14:22:56'),
(1218, 'test', 7, 1, 2, '列表', '', '', '211.21.65.1', '2017-11-16 14:22:57'),
(1219, 'test', 7, 2, 2, '列表', '', '', '211.21.65.1', '2017-11-16 14:22:57'),
(1220, 'test', 7, 3, 2, '列表', '', '', '211.21.65.1', '2017-11-16 14:22:58'),
(1221, 'test', 7, 2, 2, '列表', '', '', '211.21.65.1', '2017-11-16 14:22:59'),
(1222, 'test', 7, 1, 2, '列表', '', '', '211.21.65.1', '2017-11-16 14:23:00'),
(1223, 'guest', 3, 1, 2, '列表', '', '', '211.21.65.1', '2017-11-16 14:32:45'),
(1224, 'guest', 3, 5, 2, '列表', '', '', '211.21.65.1', '2017-11-16 14:32:49'),
(1225, 'guest', 3, 2, 2, '列表', '', '', '211.21.65.1', '2017-11-16 14:32:50'),
(1226, 'guest', 3, 3, 2, '列表', '', '', '211.21.65.1', '2017-11-16 14:32:51'),
(1227, 'guest', 3, 2, 2, '列表', '', '', '211.21.65.1', '2017-11-16 14:32:52'),
(1228, 'guest', 3, 4, 2, '列表', '', '', '211.21.65.1', '2017-11-16 14:32:55'),
(1229, 'guest', 7, 3, 2, '列表', '', '', '211.21.65.1', '2017-11-16 14:33:18'),
(1230, 'guest', 3, 2, 2, '列表', '', '', '211.21.65.1', '2017-11-16 14:34:23'),
(1231, 'guest', 3, 4, 2, '列表', '', '', '211.21.65.1', '2017-11-16 14:34:25'),
(1232, 'guest', 3, 2, 2, '列表', '', '', '211.21.65.1', '2017-11-16 14:34:56'),
(1233, 'guest', 3, 4, 2, '列表', '', '', '211.21.65.1', '2017-11-16 14:34:58'),
(1234, 'guest', 6, 1, 2, '列表', '', '', '211.21.65.1', '2017-11-16 14:36:54'),
(1235, 'guest', 3, 1, 2, '列表', '', '', '211.21.65.1', '2017-11-16 14:42:10'),
(1236, 'guest', 3, 1, 8, '排序', '', '', '211.21.65.1', '2017-11-16 14:42:36'),
(1237, 'test', 3, 1, 2, '列表', '', '', '211.21.65.1', '2017-11-16 16:05:07'),
(1238, 'test', 4, 1, 2, '列表', '', '', '211.21.65.1', '2017-11-16 16:05:14'),
(1239, 'test', 3, 1, 2, '列表', '', '', '211.21.65.1', '2017-11-16 16:05:21'),
(1240, 'admin', 0, 0, 1, 'admin登入成功', '', '', '59.127.37.46', '2017-11-16 18:46:00'),
(1241, 'admin', 9, 1, 2, '列表', '', '', '59.127.37.46', '2017-11-16 18:46:04'),
(1242, 'admin', 8, 2, 2, '列表', '', '', '59.127.37.46', '2017-11-16 18:55:13'),
(1243, 'admin', 8, 1, 2, '列表', '', '', '59.127.37.46', '2017-11-16 18:55:23'),
(1244, 'admin', 9, 1, 2, '列表', '', '', '59.127.37.46', '2017-11-16 18:55:25'),
(1245, 'admin', 8, 2, 2, '列表', '', '', '59.127.37.46', '2017-11-16 18:55:28'),
(1246, 'admin', 8, 1, 2, '列表', '', '', '59.127.37.46', '2017-11-16 18:55:29'),
(1247, 'admin', 8, 2, 2, '列表', '', '', '59.127.37.46', '2017-11-16 18:57:24'),
(1248, 'admin', 9, 1, 2, '列表', '', '', '59.127.37.46', '2017-11-16 18:57:26'),
(1249, 'admin', 6, 1, 2, '列表', '', '', '59.127.37.46', '2017-11-16 18:57:29'),
(1250, 'admin', 7, 3, 2, '列表', '', '', '59.127.37.46', '2017-11-16 18:57:32'),
(1251, 'admin', 3, 4, 2, '列表', '', '', '59.127.37.46', '2017-11-16 18:57:36'),
(1252, 'admin', 9, 1, 2, '列表', '', '', '59.127.37.46', '2017-11-16 18:58:00'),
(1253, 'admin', 8, 2, 2, '列表', '', '', '59.127.37.46', '2017-11-16 18:58:02'),
(1254, 'admin', 8, 1, 2, '列表', '', '', '59.127.37.46', '2017-11-16 18:58:03'),
(1255, 'admin', 9, 1, 2, '列表', '', '', '59.127.37.46', '2017-11-16 18:58:08'),
(1256, 'admin', 9, 1, 8, '紅陽 id:1', '', '', '59.127.37.46', '2017-11-16 18:58:15'),
(1257, 'admin', 8, 1, 2, '列表', '', '', '59.127.37.46', '2017-11-16 18:59:01'),
(1258, 'admin', 8, 2, 2, '列表', '', '', '59.127.37.46', '2017-11-16 18:59:33'),
(1259, 'admin', 8, 1, 2, '列表', '', '', '59.127.37.46', '2017-11-16 18:59:44'),
(1260, 'admin', 8, 2, 2, '列表', '', '', '59.127.37.46', '2017-11-16 19:00:08'),
(1261, 'admin', 8, 1, 2, '列表', '', '', '59.127.37.46', '2017-11-16 19:08:08'),
(1262, 'admin', 9, 1, 2, '列表', '', '', '59.127.37.46', '2017-11-16 19:42:19'),
(1263, 'admin', 8, 2, 2, '列表', '', '', '59.127.37.46', '2017-11-16 19:42:24'),
(1264, 'admin', 8, 1, 2, '列表', '', '', '59.127.37.46', '2017-11-16 19:42:24'),
(1265, 'admin', 0, 0, 1, 'admin登入成功', '', '', '59.127.37.46', '2017-11-17 10:32:24'),
(1266, 'admin', 9, 1, 2, '列表', '', '', '59.127.37.46', '2017-11-17 10:32:47'),
(1267, 'admin', 7, 1, 2, '列表', '', '', '59.127.37.46', '2017-11-17 10:32:49'),
(1268, 'admin', 7, 2, 2, '列表', '', '', '59.127.37.46', '2017-11-17 10:32:51'),
(1269, 'admin', 7, 3, 2, '列表', '', '', '59.127.37.46', '2017-11-17 10:32:51'),
(1270, 'admin', 7, 1, 2, '列表', '', '', '59.127.37.46', '2017-11-17 10:32:55'),
(1271, 'admin', 7, 2, 2, '列表', '', '', '59.127.37.46', '2017-11-17 10:32:56'),
(1272, 'admin', 7, 1, 2, '列表', '', '', '59.127.37.46', '2017-11-17 10:33:19'),
(1273, 'admin', 7, 3, 2, '列表', '', '', '59.127.37.46', '2017-11-17 10:33:20'),
(1274, 'admin', 7, 2, 2, '列表', '', '', '59.127.37.46', '2017-11-17 10:33:21'),
(1275, 'admin', 4, 1, 2, '列表', '', '', '59.127.37.46', '2017-11-17 10:33:23'),
(1276, 'admin', 8, 2, 2, '列表', '', '', '59.127.37.46', '2017-11-17 10:33:25'),
(1277, 'admin', 8, 1, 2, '列表', '', '', '59.127.37.46', '2017-11-17 10:33:39'),
(1278, 'admin', 9, 1, 2, '列表', '', '', '59.127.37.46', '2017-11-17 10:35:15'),
(1279, 'admin', 6, 1, 2, '列表', '', '', '59.127.37.46', '2017-11-17 10:40:02'),
(1280, 'admin', 8, 2, 2, '列表', '', '', '59.127.37.46', '2017-11-17 10:40:39'),
(1281, 'admin', 8, 1, 2, '列表', '', '', '59.127.37.46', '2017-11-17 10:40:40'),
(1282, 'admin', 9, 1, 2, '列表', '', '', '59.127.37.46', '2017-11-17 10:40:42'),
(1283, 'admin', 0, 0, 1, 'admin登入成功', '', '', '122.116.150.119', '2017-11-17 11:02:04'),
(1284, 'admin', 1, 1, 2, '列表', '', '', '122.116.150.119', '2017-11-17 11:02:32'),
(1285, 'admin', 3, 1, 2, '列表', '', '', '122.116.150.119', '2017-11-17 11:02:42'),
(1286, 'admin', 3, 2, 2, '列表', '', '', '122.116.150.119', '2017-11-17 11:02:51'),
(1287, 'admin', 3, 5, 2, '列表', '', '', '122.116.150.119', '2017-11-17 11:02:52');
INSERT INTO `managerlogs` (`no`, `account`, `main_key`, `fun_key`, `action`, `descript`, `table`, `data`, `ip`, `addtime`) VALUES
(1288, 'admin', 3, 1, 2, '列表', '', '', '122.116.150.119', '2017-11-17 11:02:59'),
(1289, 'admin', 3, 4, 2, '列表', '', '', '122.116.150.119', '2017-11-17 11:03:25'),
(1290, 'admin', 3, 4, 2, '列表', '', '', '59.127.37.46', '2017-11-17 11:05:48'),
(1291, 'admin', 1, 1, 2, '列表', '', '', '122.116.150.119', '2017-11-17 11:07:41'),
(1292, 'admin', 1, 1, 2, '列表', '', '', '59.127.37.46', '2017-11-17 11:07:49'),
(1293, 'admin', 2, 1, 2, '列表', '', '', '59.127.37.46', '2017-11-17 11:08:38'),
(1294, 'guest', 0, 0, 1, 'admin登入成功', '', '', '59.127.37.46', '2017-11-17 11:09:08'),
(1295, 'guest', 6, 1, 2, '列表', '', '', '59.127.37.46', '2017-11-17 11:09:19'),
(1296, 'guest', 0, 0, 1, 'admin登入成功', '', '', '122.116.150.119', '2017-11-17 11:09:50'),
(1297, 'guest', 2, 1, 8, 'guest', '', '', '122.116.150.119', '2017-11-17 11:10:13'),
(1298, 'guest', 6, 1, 2, '列表', '', '', '122.116.150.119', '2017-11-17 11:10:18'),
(1299, 'admin', 0, 0, 1, 'admin登入成功', '', '', '59.127.37.46', '2017-11-17 11:10:24'),
(1300, 'admin', 1, 1, 2, '列表', '', '', '59.127.37.46', '2017-11-17 11:10:30'),
(1301, 'admin', 0, 0, 1, 'admin登入成功', '', '', '122.116.150.119', '2017-11-17 11:10:36'),
(1302, 'admin', 2, 1, 2, '列表', '', '', '59.127.37.46', '2017-11-17 11:10:39'),
(1303, 'admin', 9, 1, 2, '列表', '', '', '122.116.150.119', '2017-11-17 11:10:53'),
(1304, 'admin', 8, 2, 2, '列表', '', '', '122.116.150.119', '2017-11-17 11:10:56'),
(1305, 'admin', 8, 1, 2, '列表', '', '', '122.116.150.119', '2017-11-17 11:10:57'),
(1306, 'admin', 5, 1, 2, '列表', '', '', '122.116.150.119', '2017-11-17 11:10:59'),
(1307, 'admin', 5, 2, 2, '列表', '', '', '122.116.150.119', '2017-11-17 11:11:00'),
(1308, 'admin', 6, 1, 2, '列表', '', '', '122.116.150.119', '2017-11-17 11:12:38'),
(1309, 'admin', 5, 1, 2, '列表', '', '', '122.116.150.119', '2017-11-17 11:12:40'),
(1310, 'admin', 7, 1, 2, '列表', '', '', '122.116.150.119', '2017-11-17 11:12:43'),
(1311, 'admin', 9, 1, 2, '列表', '', '', '59.127.37.46', '2017-11-17 11:12:43'),
(1312, 'admin', 7, 2, 2, '列表', '', '', '122.116.150.119', '2017-11-17 11:12:44'),
(1313, 'admin', 7, 3, 2, '列表', '', '', '122.116.150.119', '2017-11-17 11:12:45'),
(1314, 'admin', 8, 2, 2, '列表', '', '', '59.127.37.46', '2017-11-17 11:12:46'),
(1315, 'admin', 8, 1, 2, '列表', '', '', '59.127.37.46', '2017-11-17 11:12:46'),
(1316, 'admin', 10, 2, 2, '列表', '', '', '59.127.37.46', '2017-11-17 11:12:58'),
(1317, 'admin', 7, 1, 2, '列表', '', '', '122.116.150.119', '2017-11-17 11:13:03'),
(1318, 'admin', 7, 3, 2, '列表', '', '', '122.116.150.119', '2017-11-17 11:13:04'),
(1319, 'admin', 10, 2, 4, '一般問題 id:1', '', '', '59.127.37.46', '2017-11-17 11:13:06'),
(1320, 'admin', 10, 1, 2, '列表', '', '', '59.127.37.46', '2017-11-17 11:13:12'),
(1321, 'admin', 10, 2, 2, '列表', '', '', '59.127.37.46', '2017-11-17 11:13:34'),
(1322, 'admin', 10, 1, 2, '列表', '', '', '59.127.37.46', '2017-11-17 11:13:34'),
(1323, 'admin', 10, 2, 2, '列表', '', '', '59.127.37.46', '2017-11-17 11:13:35'),
(1324, 'admin', 9, 1, 2, '列表', '', '', '59.127.37.46', '2017-11-17 11:29:36'),
(1325, 'admin', 4, 1, 2, '列表', '', '', '59.127.37.46', '2017-11-17 11:29:52'),
(1326, 'admin', 5, 1, 2, '列表', '', '', '59.127.37.46', '2017-11-17 11:30:30'),
(1327, 'admin', 6, 1, 2, '列表', '', '', '59.127.37.46', '2017-11-17 11:31:18'),
(1328, 'admin', 0, 0, 1, 'admin登入成功', '', '', '122.116.150.119', '2017-11-17 15:20:46'),
(1329, 'admin', 7, 3, 2, '列表', '', '', '122.116.150.119', '2017-11-17 15:20:53'),
(1330, 'admin', 7, 2, 2, '列表', '', '', '122.116.150.119', '2017-11-17 15:22:46'),
(1331, 'admin', 4, 1, 2, '列表', '', '', '122.116.150.119', '2017-11-17 15:22:52'),
(1332, 'admin', 5, 1, 2, '列表', '', '', '122.116.150.119', '2017-11-17 15:24:23'),
(1333, 'admin', 6, 1, 2, '列表', '', '', '122.116.150.119', '2017-11-17 15:24:25'),
(1334, 'admin', 3, 1, 2, '列表', '', '', '122.116.150.119', '2017-11-17 15:24:29'),
(1335, 'admin', 3, 5, 2, '列表', '', '', '122.116.150.119', '2017-11-17 15:24:31'),
(1336, 'admin', 7, 1, 2, '列表', '', '', '122.116.150.119', '2017-11-17 15:24:33'),
(1337, 'admin', 7, 2, 2, '列表', '', '', '122.116.150.119', '2017-11-17 15:24:34'),
(1338, 'admin', 4, 1, 2, '列表', '', '', '122.116.150.119', '2017-11-17 15:24:40'),
(1339, 'admin', 0, 0, 1, 'admin登入成功', '', '', '59.127.37.46', '2017-11-17 15:25:39'),
(1340, 'admin', 7, 2, 2, '列表', '', '', '59.127.37.46', '2017-11-17 15:25:44'),
(1341, 'admin', 3, 5, 2, '列表', '', '', '122.116.150.119', '2017-11-17 15:25:45'),
(1342, 'admin', 3, 2, 2, '列表', '', '', '122.116.150.119', '2017-11-17 15:25:46'),
(1343, 'admin', 3, 3, 2, '列表', '', '', '122.116.150.119', '2017-11-17 15:25:47'),
(1344, 'admin', 3, 4, 2, '列表', '', '', '122.116.150.119', '2017-11-17 15:25:49'),
(1345, 'admin', 7, 1, 2, '列表', '', '', '122.116.150.119', '2017-11-17 15:25:51'),
(1346, 'admin', 4, 1, 2, '列表', '', '', '122.116.150.119', '2017-11-17 15:25:59'),
(1347, 'admin', 7, 1, 2, '列表', '', '', '59.127.37.46', '2017-11-17 15:27:57'),
(1348, 'admin', 7, 3, 2, '列表', '', '', '59.127.37.46', '2017-11-17 15:27:58'),
(1349, 'admin', 8, 2, 2, '列表', '', '', '122.116.150.119', '2017-11-17 15:30:02'),
(1350, 'admin', 10, 2, 2, '列表', '', '', '122.116.150.119', '2017-11-17 15:30:04'),
(1351, 'admin', 10, 1, 2, '列表', '', '', '122.116.150.119', '2017-11-17 15:30:09'),
(1352, 'admin', 4, 1, 2, '列表', '', '', '59.127.37.46', '2017-11-17 15:50:56'),
(1353, 'guest', 0, 0, 1, 'admin登入成功', '', '', '211.21.65.1', '2017-11-17 17:02:14'),
(1354, 'admin', 0, 0, 1, 'admin登入成功', '', '', '59.127.37.46', '2017-11-17 18:33:46'),
(1355, 'admin', 7, 1, 2, '列表', '', '', '59.127.37.46', '2017-11-17 18:33:50'),
(1356, 'admin', 7, 2, 2, '列表', '', '', '59.127.37.46', '2017-11-17 18:33:51'),
(1357, 'admin', 0, 0, 1, 'admin登入成功', '', '', '59.127.37.46', '2017-11-17 20:25:18'),
(1358, 'admin', 7, 1, 2, '列表', '', '', '59.127.37.46', '2017-11-17 20:25:22'),
(1359, 'admin', 7, 2, 2, '列表', '', '', '59.127.37.46', '2017-11-17 20:32:38'),
(1360, 'admin', 7, 3, 2, '列表', '', '', '59.127.37.46', '2017-11-17 20:32:39'),
(1361, 'admin', 4, 1, 2, '列表', '', '', '59.127.37.46', '2017-11-17 20:35:42'),
(1362, 'admin', 7, 1, 2, '列表', '', '', '59.127.37.46', '2017-11-17 20:36:00'),
(1363, 'admin', 7, 2, 2, '列表', '', '', '59.127.37.46', '2017-11-17 20:36:01'),
(1364, 'admin', 7, 3, 2, '列表', '', '', '59.127.37.46', '2017-11-17 20:36:03'),
(1365, 'admin', 7, 2, 2, '列表', '', '', '59.127.37.46', '2017-11-17 20:36:04'),
(1366, 'admin', 7, 1, 2, '列表', '', '', '59.127.37.46', '2017-11-17 20:36:04'),
(1367, 'admin', 0, 0, 1, 'admin登入成功', '', '', '175.182.69.145', '2017-11-17 22:21:29'),
(1368, 'admin', 0, 0, 1, 'admin登入成功', '', '', '103.246.208.55', '2017-11-17 22:22:00'),
(1369, 'admin', 7, 1, 2, '列表', '', '', '103.246.208.55', '2017-11-17 22:22:07'),
(1370, 'admin', 7, 2, 2, '列表', '', '', '103.246.208.55', '2017-11-17 22:22:18'),
(1371, 'admin', 7, 1, 2, '列表', '', '', '103.246.208.55', '2017-11-17 22:23:25'),
(1372, 'admin', 7, 2, 2, '列表', '', '', '103.246.208.55', '2017-11-17 22:23:33'),
(1373, 'admin', 7, 1, 2, '列表', '', '', '103.246.208.55', '2017-11-17 22:23:35'),
(1374, 'admin', 7, 2, 2, '列表', '', '', '103.246.208.55', '2017-11-17 22:23:44'),
(1375, 'admin', 7, 3, 2, '列表', '', '', '103.246.208.55', '2017-11-17 22:23:48'),
(1376, 'admin', 3, 2, 2, '列表', '', '', '103.246.208.55', '2017-11-17 22:29:30'),
(1377, 'admin', 3, 3, 2, '列表', '', '', '103.246.208.55', '2017-11-17 22:29:53'),
(1378, 'admin', 3, 1, 2, '列表', '', '', '103.246.208.55', '2017-11-17 22:29:56'),
(1379, 'admin', 0, 0, 1, 'admin登入成功', '', '', '103.246.208.55', '2017-11-17 23:04:13'),
(1380, 'admin', 10, 2, 2, '列表', '', '', '103.246.208.55', '2017-11-17 23:04:23'),
(1381, 'admin', 7, 3, 2, '列表', '', '', '103.246.208.55', '2017-11-17 23:05:08'),
(1382, 'admin', 7, 2, 2, '列表', '', '', '103.246.208.55', '2017-11-17 23:13:37'),
(1383, 'admin', 7, 3, 2, '列表', '', '', '103.246.208.55', '2017-11-17 23:13:38'),
(1384, 'admin', 3, 4, 2, '列表', '', '', '103.246.208.55', '2017-11-17 23:13:43'),
(1385, 'admin', 7, 3, 2, '列表', '', '', '103.246.208.55', '2017-11-17 23:13:54'),
(1386, 'admin', 3, 1, 2, '列表', '', '', '103.246.208.55', '2017-11-17 23:57:46'),
(1387, 'admin', 3, 4, 2, '列表', '', '', '103.246.208.55', '2017-11-17 23:59:09'),
(1388, 'admin', 3, 3, 2, '列表', '', '', '103.246.208.55', '2017-11-18 00:03:56'),
(1389, 'admin', 3, 1, 2, '列表', '', '', '103.246.208.55', '2017-11-18 00:03:57'),
(1390, 'admin', 4, 1, 2, '列表', '', '', '103.246.208.55', '2017-11-18 00:04:05'),
(1391, 'admin', 5, 1, 2, '列表', '', '', '103.246.208.55', '2017-11-18 00:04:17'),
(1392, 'admin', 3, 4, 2, '列表', '', '', '103.246.208.55', '2017-11-18 00:10:06'),
(1393, 'admin', 9, 1, 2, '列表', '', '', '103.246.208.55', '2017-11-18 00:14:00'),
(1394, 'admin', 6, 1, 2, '列表', '', '', '103.246.208.55', '2017-11-18 00:14:08'),
(1395, 'admin', 9, 1, 2, '列表', '', '', '103.246.208.55', '2017-11-18 00:14:50'),
(1396, 'admin', 6, 1, 2, '列表', '', '', '103.246.208.55', '2017-11-18 00:14:59'),
(1397, 'guest', 0, 0, 1, 'admin登入成功', '', '', '36.224.129.170', '2017-11-18 00:45:31'),
(1398, 'guest', 3, 1, 2, '列表', '', '', '36.224.129.170', '2017-11-18 00:45:42'),
(1399, 'guest', 3, 5, 2, '列表', '', '', '36.224.129.170', '2017-11-18 00:45:44'),
(1400, 'guest', 3, 2, 2, '列表', '', '', '36.224.129.170', '2017-11-18 00:45:45'),
(1401, 'guest', 3, 3, 2, '列表', '', '', '36.224.129.170', '2017-11-18 00:45:47'),
(1402, 'guest', 3, 4, 2, '列表', '', '', '36.224.129.170', '2017-11-18 00:45:54'),
(1403, 'admin', 0, 0, 1, 'admin登入成功', '', '', '59.127.37.46', '2017-11-18 14:37:17'),
(1404, 'admin', 7, 1, 2, '列表', '', '', '59.127.37.46', '2017-11-18 14:37:22'),
(1405, 'admin', 7, 2, 2, '列表', '', '', '59.127.37.46', '2017-11-18 14:37:23'),
(1406, 'quest', 0, 0, 1, 'admin登入失敗-帳密不正確', '', '', '223.136.19.115', '2017-11-18 18:19:18'),
(1407, 'admin', 0, 0, 1, 'admin登入成功', '', '', '114.46.58.111', '2017-11-18 20:34:23'),
(1408, 'admin', 3, 2, 2, '列表', '', '', '114.46.58.111', '2017-11-18 20:35:20'),
(1409, 'admin', 3, 3, 2, '列表', '', '', '114.46.58.111', '2017-11-18 20:35:24'),
(1410, 'admin', 3, 4, 2, '列表', '', '', '114.46.58.111', '2017-11-18 20:35:25'),
(1411, 'admin', 5, 1, 2, '列表', '', '', '114.46.58.111', '2017-11-18 20:44:06'),
(1412, 'admin', 3, 4, 2, '列表', '', '', '114.46.58.111', '2017-11-18 20:44:14'),
(1413, 'admin', 3, 3, 2, '列表', '', '', '114.46.58.111', '2017-11-18 20:44:17'),
(1414, 'admin', 5, 2, 2, '列表', '', '', '114.46.58.111', '2017-11-18 20:44:20'),
(1415, 'admin', 5, 1, 2, '列表', '', '', '114.46.58.111', '2017-11-18 20:44:21'),
(1416, 'admin', 4, 1, 2, '列表', '', '', '114.46.58.111', '2017-11-18 20:45:10'),
(1417, 'admin', 0, 0, 1, 'admin登入成功', '', '', '175.182.69.145', '2017-11-19 15:25:13'),
(1418, 'admin', 3, 2, 2, '列表', '', '', '175.182.69.145', '2017-11-19 15:25:23'),
(1419, 'admin', 3, 4, 2, '列表', '', '', '175.182.69.145', '2017-11-19 15:25:37'),
(1420, 'guest', 0, 0, 1, 'admin登入成功', '', '', '211.21.65.1', '2017-11-20 10:19:12'),
(1421, 'guest', 4, 1, 2, '列表', '', '', '211.21.65.1', '2017-11-20 10:26:15'),
(1422, 'guest', 5, 1, 2, '列表', '', '', '211.21.65.1', '2017-11-20 10:26:27'),
(1423, 'guest', 5, 2, 2, '列表', '', '', '211.21.65.1', '2017-11-20 10:26:28'),
(1424, 'guest', 6, 1, 2, '列表', '', '', '211.21.65.1', '2017-11-20 10:26:32'),
(1425, 'guest', 7, 1, 2, '列表', '', '', '211.21.65.1', '2017-11-20 10:26:34'),
(1426, 'guest', 7, 2, 2, '列表', '', '', '211.21.65.1', '2017-11-20 10:26:36'),
(1427, 'guest', 7, 3, 2, '列表', '', '', '211.21.65.1', '2017-11-20 10:26:38'),
(1428, 'guest', 7, 1, 2, '列表', '', '', '211.21.65.1', '2017-11-20 10:26:40'),
(1429, 'guest', 7, 2, 2, '列表', '', '', '211.21.65.1', '2017-11-20 10:26:40'),
(1430, 'guest', 3, 1, 2, '列表', '', '', '211.21.65.1', '2017-11-20 10:26:43'),
(1431, 'guest', 3, 5, 2, '列表', '', '', '211.21.65.1', '2017-11-20 10:26:44'),
(1432, 'guest', 3, 2, 2, '列表', '', '', '211.21.65.1', '2017-11-20 10:26:45'),
(1433, 'guest', 3, 3, 2, '列表', '', '', '211.21.65.1', '2017-11-20 10:26:46'),
(1434, 'guest', 3, 4, 2, '列表', '', '', '211.21.65.1', '2017-11-20 10:26:47'),
(1435, 'admin', 0, 0, 1, 'admin登入成功', '', '', '59.127.37.46', '2017-11-20 10:43:19'),
(1436, 'admin', 3, 1, 2, '列表', '', '', '59.127.37.46', '2017-11-20 10:43:23'),
(1437, 'admin', 3, 5, 2, '列表', '', '', '59.127.37.46', '2017-11-20 10:43:25'),
(1438, 'admin', 3, 1, 2, '列表', '', '', '59.127.37.46', '2017-11-20 10:43:27'),
(1439, 'admin', 3, 2, 2, '列表', '', '', '59.127.37.46', '2017-11-20 10:43:33'),
(1440, 'admin', 3, 5, 2, '列表', '', '', '59.127.37.46', '2017-11-20 10:43:36'),
(1441, 'admin', 3, 3, 2, '列表', '', '', '59.127.37.46', '2017-11-20 10:43:37'),
(1442, 'admin', 3, 4, 2, '列表', '', '', '59.127.37.46', '2017-11-20 10:43:38'),
(1443, 'admin', 7, 1, 2, '列表', '', '', '59.127.37.46', '2017-11-20 10:43:41'),
(1444, 'admin', 4, 1, 2, '列表', '', '', '59.127.37.46', '2017-11-20 10:44:01'),
(1445, 'admin', 6, 1, 2, '列表', '', '', '59.127.37.46', '2017-11-20 10:45:39'),
(1446, 'admin', 7, 1, 2, '列表', '', '', '59.127.37.46', '2017-11-20 10:53:33'),
(1447, 'admin', 4, 1, 2, '列表', '', '', '59.127.37.46', '2017-11-20 10:53:42'),
(1448, 'guest', 3, 1, 2, '列表', '', '', '211.21.65.1', '2017-11-20 11:02:57'),
(1449, 'admin', 0, 0, 1, 'admin登入成功', '', '', '59.127.37.46', '2017-11-20 11:48:10'),
(1450, 'admin', 7, 1, 2, '列表', '', '', '59.127.37.46', '2017-11-20 11:48:14'),
(1451, 'admin', 4, 1, 2, '列表', '', '', '59.127.37.46', '2017-11-20 11:48:44'),
(1452, 'admin', 10, 2, 2, '列表', '', '', '59.127.37.46', '2017-11-20 12:19:02'),
(1453, 'admin', 10, 1, 2, '列表', '', '', '59.127.37.46', '2017-11-20 12:19:04'),
(1454, 'admin', 10, 2, 2, '列表', '', '', '59.127.37.46', '2017-11-20 12:20:24'),
(1455, 'admin', 7, 1, 2, '列表', '', '', '59.127.37.46', '2017-11-20 12:32:42'),
(1456, 'admin', 7, 2, 2, '列表', '', '', '59.127.37.46', '2017-11-20 12:32:44'),
(1457, 'admin', 4, 1, 2, '列表', '', '', '59.127.37.46', '2017-11-20 12:32:49'),
(1458, 'admin', 7, 1, 2, '列表', '', '', '59.127.37.46', '2017-11-20 12:33:45'),
(1459, 'guest', 5, 1, 2, '列表', '', '', '211.21.65.1', '2017-11-20 14:36:36'),
(1460, 'guest', 5, 2, 2, '列表', '', '', '211.21.65.1', '2017-11-20 14:36:37'),
(1461, 'guest', 6, 1, 2, '列表', '', '', '211.21.65.1', '2017-11-20 14:36:43'),
(1462, 'guest', 5, 1, 2, '列表', '', '', '211.21.65.1', '2017-11-20 14:41:32'),
(1463, 'guest', 4, 1, 2, '列表', '', '', '211.21.65.1', '2017-11-20 15:00:50'),
(1464, 'guest', 6, 1, 2, '列表', '', '', '211.21.65.1', '2017-11-20 15:00:54'),
(1465, 'guest', 7, 1, 2, '列表', '', '', '211.21.65.1', '2017-11-20 15:01:13'),
(1466, 'guest', 3, 1, 2, '列表', '', '', '211.21.65.1', '2017-11-20 15:01:14'),
(1467, 'guest', 3, 1, 8, '保養化妝 id:16', '', '', '211.21.65.1', '2017-11-20 15:01:23'),
(1468, 'guest', 3, 1, 2, '列表', '', '', '211.21.65.1', '2017-11-20 15:02:12'),
(1469, 'guest', 5, 2, 2, '列表', '', '', '211.21.65.1', '2017-11-20 15:02:54'),
(1470, 'guest', 3, 4, 2, '列表', '', '', '211.21.65.1', '2017-11-20 15:04:40'),
(1471, 'guest', 3, 2, 2, '列表', '', '', '211.21.65.1', '2017-11-20 15:06:33'),
(1472, 'guest', 3, 3, 2, '列表', '', '', '211.21.65.1', '2017-11-20 15:06:36'),
(1473, 'guest', 3, 5, 2, '列表', '', '', '211.21.65.1', '2017-11-20 15:28:30'),
(1474, 'guest', 3, 2, 2, '列表', '', '', '211.21.65.1', '2017-11-20 15:28:32'),
(1475, 'guest', 3, 4, 2, '列表', '', '', '211.21.65.1', '2017-11-20 15:28:33'),
(1476, 'admin', 0, 0, 1, 'admin登入成功', '', '', '59.127.37.46', '2017-11-20 15:48:28'),
(1477, 'admin', 5, 2, 2, '列表', '', '', '59.127.37.46', '2017-11-20 15:58:03'),
(1478, 'admin', 6, 1, 2, '列表', '', '', '59.127.37.46', '2017-11-20 15:59:29'),
(1479, 'admin', 7, 1, 2, '列表', '', '', '59.127.37.46', '2017-11-20 15:59:33'),
(1480, 'admin', 7, 2, 2, '列表', '', '', '59.127.37.46', '2017-11-20 15:59:34'),
(1481, 'admin', 7, 1, 2, '列表', '', '', '59.127.37.46', '2017-11-20 15:59:43'),
(1482, 'admin', 0, 0, 1, 'admin登入成功', '', '', '61.63.182.149', '2017-11-21 09:16:28'),
(1483, 'admin', 7, 2, 2, '列表', '', '', '61.63.182.149', '2017-11-21 09:16:35'),
(1484, 'admin', 7, 1, 2, '列表', '', '', '61.63.182.149', '2017-11-21 09:16:37'),
(1485, 'admin', 4, 1, 2, '列表', '', '', '61.63.182.149', '2017-11-21 10:55:54'),
(1486, 'admin', 3, 4, 2, '列表', '', '', '61.63.182.149', '2017-11-21 10:56:00'),
(1487, 'admin', 7, 1, 2, '列表', '', '', '61.63.182.149', '2017-11-21 10:58:14'),
(1488, 'admin', 0, 0, 1, 'admin登入成功', '', '', '61.63.182.148', '2017-11-21 11:03:47'),
(1489, 'admin', 4, 1, 2, '列表', '', '', '61.63.182.148', '2017-11-21 11:03:58'),
(1490, 'admin', 7, 1, 2, '列表', '', '', '61.63.182.148', '2017-11-21 11:04:58'),
(1491, 'admin', 4, 1, 2, '列表', '', '', '61.63.182.148', '2017-11-21 11:08:19'),
(1492, 'admin', 7, 2, 2, '列表', '', '', '61.63.182.148', '2017-11-21 11:09:46'),
(1493, 'admin', 7, 1, 2, '列表', '', '', '61.63.182.148', '2017-11-21 11:09:52'),
(1494, 'admin', 0, 0, 1, 'admin登入成功', '', '', '59.127.37.46', '2017-11-21 12:34:42'),
(1495, 'admin', 3, 2, 2, '列表', '', '', '59.127.37.46', '2017-11-21 12:34:47'),
(1496, 'admin', 3, 4, 2, '列表', '', '', '59.127.37.46', '2017-11-21 12:34:49'),
(1497, 'guest', 0, 0, 1, 'admin登入成功', '', '', '211.21.65.1', '2017-11-21 15:31:37'),
(1498, 'test', 3, 5, 2, '列表', '', '', '211.21.65.1', '2017-11-21 15:32:51'),
(1499, 'test', 3, 2, 2, '列表', '', '', '211.21.65.1', '2017-11-21 15:32:52'),
(1500, 'test', 3, 3, 2, '列表', '', '', '211.21.65.1', '2017-11-21 15:32:53'),
(1501, 'test', 3, 4, 2, '列表', '', '', '211.21.65.1', '2017-11-21 15:32:54'),
(1502, 'test', 3, 2, 2, '列表', '', '', '211.21.65.1', '2017-11-21 15:32:55'),
(1503, 'test', 3, 4, 2, '列表', '', '', '211.21.65.1', '2017-11-21 15:34:07'),
(1504, 'test', 3, 3, 2, '列表', '', '', '211.21.65.1', '2017-11-21 15:34:08'),
(1505, 'test', 3, 4, 2, '列表', '', '', '211.21.65.1', '2017-11-21 15:34:09'),
(1506, 'test', 3, 2, 2, '列表', '', '', '211.21.65.1', '2017-11-21 15:34:11'),
(1507, 'test', 3, 5, 2, '列表', '', '', '211.21.65.1', '2017-11-21 15:34:12'),
(1508, 'test', 3, 1, 2, '列表', '', '', '211.21.65.1', '2017-11-21 15:34:13'),
(1509, 'test', 7, 1, 2, '列表', '', '', '211.21.65.1', '2017-11-21 15:34:16'),
(1510, 'test', 7, 2, 2, '列表', '', '', '211.21.65.1', '2017-11-21 15:34:48'),
(1511, 'test', 7, 1, 2, '列表', '', '', '211.21.65.1', '2017-11-21 15:34:50'),
(1512, 'test', 7, 2, 2, '列表', '', '', '211.21.65.1', '2017-11-21 15:34:51'),
(1513, 'test', 7, 3, 2, '列表', '', '', '211.21.65.1', '2017-11-21 15:34:52'),
(1514, 'test', 7, 2, 2, '列表', '', '', '211.21.65.1', '2017-11-21 15:34:53'),
(1515, 'test', 7, 1, 2, '列表', '', '', '211.21.65.1', '2017-11-21 15:34:54'),
(1516, 'test', 4, 1, 2, '列表', '', '', '211.21.65.1', '2017-11-21 15:34:59'),
(1517, 'test', 6, 1, 2, '列表', '', '', '211.21.65.1', '2017-11-21 15:35:03'),
(1518, 'test', 8, 2, 2, '列表', '', '', '211.21.65.1', '2017-11-21 15:35:07'),
(1519, 'test', 8, 1, 2, '列表', '', '', '211.21.65.1', '2017-11-21 15:35:27'),
(1520, 'test', 9, 1, 2, '列表', '', '', '211.21.65.1', '2017-11-21 15:36:16'),
(1521, 'test', 2, 1, 2, '列表', '', '', '211.21.65.1', '2017-11-21 15:36:55'),
(1522, 'test', 2, 2, 2, '列表', '', '', '211.21.65.1', '2017-11-21 15:36:56'),
(1523, 'test', 10, 2, 2, '列表', '', '', '211.21.65.1', '2017-11-21 15:36:58'),
(1524, 'test', 10, 1, 2, '列表', '', '', '211.21.65.1', '2017-11-21 15:37:04'),
(1525, 'test', 9, 1, 2, '列表', '', '', '211.21.65.1', '2017-11-21 15:37:27'),
(1526, 'test', 8, 2, 2, '列表', '', '', '211.21.65.1', '2017-11-21 15:40:02'),
(1527, 'test', 8, 2, 8, '便利商店取貨 id:2', '', '', '211.21.65.1', '2017-11-21 15:41:38'),
(1528, 'test', 8, 2, 2, '列表', '', '', '211.21.65.1', '2017-11-21 15:50:26'),
(1529, 'test', 3, 1, 2, '列表', '', '', '211.21.65.1', '2017-11-21 15:50:27'),
(1530, 'test', 3, 5, 2, '列表', '', '', '211.21.65.1', '2017-11-21 15:50:28'),
(1531, 'test', 3, 2, 2, '列表', '', '', '211.21.65.1', '2017-11-21 15:50:29'),
(1532, 'test', 3, 2, 8, 'TEEEEEEST id:TEEEEEEST', '', '', '211.21.65.1', '2017-11-21 15:51:16'),
(1533, 'test', 3, 2, 8, 'TEEEEEEST id:TEEEEEEST', '', '', '211.21.65.1', '2017-11-21 15:51:30'),
(1534, 'test', 3, 3, 2, '列表', '', '', '211.21.65.1', '2017-11-21 15:51:43'),
(1535, 'test', 3, 2, 2, '列表', '', '', '211.21.65.1', '2017-11-21 15:52:08'),
(1536, 'test', 3, 2, 8, 'TEEEEEES id:TEEEEEEST', '', '', '211.21.65.1', '2017-11-21 15:52:21'),
(1537, 'test', 3, 4, 2, '列表', '', '', '211.21.65.1', '2017-11-21 15:55:17'),
(1538, 'test', 3, 4, 2, '列表', '', '', '211.21.65.1', '2017-11-21 15:55:30'),
(1539, 'test', 3, 2, 2, '列表', '', '', '211.21.65.1', '2017-11-21 16:11:45'),
(1540, 'test', 3, 3, 2, '列表', '', '', '211.21.65.1', '2017-11-21 16:11:46'),
(1541, 'test', 3, 4, 2, '列表', '', '', '211.21.65.1', '2017-11-21 16:11:46'),
(1542, 'test', 8, 2, 2, '列表', '', '', '211.21.65.1', '2017-11-21 16:12:12'),
(1543, 'test', 8, 1, 2, '列表', '', '', '211.21.65.1', '2017-11-21 16:12:14'),
(1544, 'test', 9, 1, 2, '列表', '', '', '211.21.65.1', '2017-11-21 16:12:47'),
(1545, 'test', 2, 1, 2, '列表', '', '', '211.21.65.1', '2017-11-21 16:14:16'),
(1546, 'test', 2, 2, 2, '列表', '', '', '211.21.65.1', '2017-11-21 16:14:17'),
(1547, 'test', 1, 1, 2, '列表', '', '', '211.21.65.1', '2017-11-21 16:14:23'),
(1548, 'test', 10, 2, 2, '列表', '', '', '211.21.65.1', '2017-11-21 16:14:27'),
(1549, 'test', 10, 1, 2, '列表', '', '', '211.21.65.1', '2017-11-21 16:14:29'),
(1550, 'test', 10, 2, 2, '列表', '', '', '211.21.65.1', '2017-11-21 16:14:30'),
(1551, 'test', 10, 1, 2, '列表', '', '', '211.21.65.1', '2017-11-21 16:14:32'),
(1552, 'test', 10, 2, 2, '列表', '', '', '211.21.65.1', '2017-11-21 16:14:33'),
(1553, 'test', 3, 4, 2, '列表', '', '', '211.21.65.1', '2017-11-21 16:17:59'),
(1554, 'test', 4, 1, 2, '列表', '', '', '211.21.65.1', '2017-11-21 16:19:10'),
(1555, 'test', 7, 1, 2, '列表', '', '', '211.21.65.1', '2017-11-21 16:19:52'),
(1556, 'test', 7, 2, 2, '列表', '', '', '211.21.65.1', '2017-11-21 16:19:53'),
(1557, 'test', 7, 3, 2, '列表', '', '', '211.21.65.1', '2017-11-21 16:19:54'),
(1558, 'test', 7, 1, 2, '列表', '', '', '211.21.65.1', '2017-11-21 16:19:55'),
(1559, 'test', 7, 2, 2, '列表', '', '', '211.21.65.1', '2017-11-21 16:20:42'),
(1560, 'test', 7, 3, 2, '列表', '', '', '211.21.65.1', '2017-11-21 16:20:43'),
(1561, 'test', 7, 1, 2, '列表', '', '', '211.21.65.1', '2017-11-21 16:20:44'),
(1562, 'test', 7, 2, 2, '列表', '', '', '211.21.65.1', '2017-11-21 16:22:00'),
(1563, 'test', 7, 3, 2, '列表', '', '', '211.21.65.1', '2017-11-21 16:22:01'),
(1564, 'test', 7, 2, 2, '列表', '', '', '211.21.65.1', '2017-11-21 16:22:02'),
(1565, 'test', 7, 1, 2, '列表', '', '', '211.21.65.1', '2017-11-21 16:22:02'),
(1566, 'test', 7, 2, 2, '列表', '', '', '211.21.65.1', '2017-11-21 16:23:14'),
(1567, 'test', 7, 1, 2, '列表', '', '', '211.21.65.1', '2017-11-21 16:23:15'),
(1568, 'test', 7, 2, 2, '列表', '', '', '211.21.65.1', '2017-11-21 16:24:09'),
(1569, 'test', 7, 3, 2, '列表', '', '', '211.21.65.1', '2017-11-21 16:24:10'),
(1570, 'test', 7, 1, 2, '列表', '', '', '211.21.65.1', '2017-11-21 16:24:11'),
(1571, 'test', 7, 3, 2, '列表', '', '', '211.21.65.1', '2017-11-21 16:24:14'),
(1572, 'test', 7, 1, 2, '列表', '', '', '211.21.65.1', '2017-11-21 16:24:24'),
(1573, 'test', 4, 1, 2, '列表', '', '', '211.21.65.1', '2017-11-21 16:25:14'),
(1574, 'test', 5, 1, 2, '列表', '', '', '211.21.65.1', '2017-11-21 16:25:16'),
(1575, 'test', 5, 2, 2, '列表', '', '', '211.21.65.1', '2017-11-21 16:25:17'),
(1576, 'test', 6, 1, 2, '列表', '', '', '211.21.65.1', '2017-11-21 16:25:20'),
(1577, 'test', 2, 1, 2, '列表', '', '', '211.21.65.1', '2017-11-21 16:25:23'),
(1578, 'test', 2, 2, 2, '列表', '', '', '211.21.65.1', '2017-11-21 16:25:24'),
(1579, 'test', 1, 1, 2, '列表', '', '', '211.21.65.1', '2017-11-21 16:25:30'),
(1580, 'test', 10, 2, 2, '列表', '', '', '211.21.65.1', '2017-11-21 16:25:32'),
(1581, 'test', 10, 1, 2, '列表', '', '', '211.21.65.1', '2017-11-21 16:25:33'),
(1582, 'test', 3, 1, 2, '列表', '', '', '211.21.65.1', '2017-11-21 16:25:38'),
(1583, 'test', 3, 5, 2, '列表', '', '', '211.21.65.1', '2017-11-21 16:25:40'),
(1584, 'test', 3, 2, 2, '列表', '', '', '211.21.65.1', '2017-11-21 16:25:41'),
(1585, 'test', 3, 5, 2, '列表', '', '', '211.21.65.1', '2017-11-21 16:25:42'),
(1586, 'test', 3, 2, 2, '列表', '', '', '211.21.65.1', '2017-11-21 16:25:47'),
(1587, 'test', 3, 3, 2, '列表', '', '', '211.21.65.1', '2017-11-21 16:25:47'),
(1588, 'test', 3, 4, 2, '列表', '', '', '211.21.65.1', '2017-11-21 16:25:48'),
(1589, 'test', 3, 3, 2, '列表', '', '', '211.21.65.1', '2017-11-21 16:25:49'),
(1590, 'test', 3, 2, 2, '列表', '', '', '211.21.65.1', '2017-11-21 16:25:50'),
(1591, 'test', 3, 4, 2, '列表', '', '', '211.21.65.1', '2017-11-21 16:25:51'),
(1592, 'test', 3, 1, 2, '列表', '', '', '211.21.65.1', '2017-11-21 16:27:33'),
(1593, 'test', 3, 5, 2, '列表', '', '', '211.21.65.1', '2017-11-21 16:27:36'),
(1594, 'test', 3, 2, 2, '列表', '', '', '211.21.65.1', '2017-11-21 16:27:37'),
(1595, 'test', 4, 1, 2, '列表', '', '', '211.21.65.1', '2017-11-21 16:27:40'),
(1596, 'test', 9, 1, 2, '列表', '', '', '211.21.65.1', '2017-11-21 16:27:42'),
(1597, 'test', 2, 1, 2, '列表', '', '', '211.21.65.1', '2017-11-21 16:27:44'),
(1598, 'test', 2, 2, 2, '列表', '', '', '211.21.65.1', '2017-11-21 16:27:45'),
(1599, 'test', 1, 1, 2, '列表', '', '', '211.21.65.1', '2017-11-21 16:27:47'),
(1600, 'test', 10, 2, 2, '列表', '', '', '211.21.65.1', '2017-11-21 16:27:49'),
(1601, 'test', 10, 1, 2, '列表', '', '', '211.21.65.1', '2017-11-21 16:27:50'),
(1602, 'test', 7, 1, 2, '列表', '', '', '211.21.65.1', '2017-11-21 16:27:52'),
(1603, 'test', 3, 4, 2, '列表', '', '', '211.21.65.1', '2017-11-21 16:28:56'),
(1604, 'test', 3, 3, 2, '列表', '', '', '211.21.65.1', '2017-11-21 16:30:17'),
(1605, 'test', 3, 4, 2, '列表', '', '', '211.21.65.1', '2017-11-21 16:30:21'),
(1606, 'test', 3, 2, 2, '列表', '', '', '211.21.65.1', '2017-11-21 16:30:23'),
(1607, 'test', 4, 1, 2, '列表', '', '', '211.21.65.1', '2017-11-21 16:31:04'),
(1608, 'test', 6, 1, 2, '列表', '', '', '211.21.65.1', '2017-11-21 16:31:07'),
(1609, 'test', 8, 2, 2, '列表', '', '', '211.21.65.1', '2017-11-21 16:31:52'),
(1610, 'test', 8, 1, 2, '列表', '', '', '211.21.65.1', '2017-11-21 16:31:53'),
(1611, 'test', 9, 1, 2, '列表', '', '', '211.21.65.1', '2017-11-21 16:32:05'),
(1612, 'test', 3, 1, 2, '列表', '', '', '211.21.65.1', '2017-11-21 16:32:08'),
(1613, 'test', 3, 5, 2, '列表', '', '', '211.21.65.1', '2017-11-21 16:32:10'),
(1614, 'test', 3, 2, 2, '列表', '', '', '211.21.65.1', '2017-11-21 16:32:11'),
(1615, 'test', 3, 3, 2, '列表', '', '', '211.21.65.1', '2017-11-21 16:32:12'),
(1616, 'test', 3, 4, 2, '列表', '', '', '211.21.65.1', '2017-11-21 16:32:13'),
(1617, 'test', 7, 1, 2, '列表', '', '', '211.21.65.1', '2017-11-21 16:34:19'),
(1618, 'test', 7, 2, 2, '列表', '', '', '211.21.65.1', '2017-11-21 16:34:21'),
(1619, 'test', 7, 1, 2, '列表', '', '', '211.21.65.1', '2017-11-21 16:34:22'),
(1620, 'guest', 0, 0, 1, 'admin登入成功', '', '', '211.21.65.1', '2017-11-21 16:40:40'),
(1621, 'test', 6, 1, 2, '列表', '', '', '211.21.65.1', '2017-11-21 16:41:13'),
(1622, 'test', 10, 2, 2, '列表', '', '', '211.21.65.1', '2017-11-21 16:41:35'),
(1623, 'test', 10, 2, 4, '商品問題 id:2', '', '', '211.21.65.1', '2017-11-21 16:42:02'),
(1624, 'test', 10, 2, 4, '退貨相關 id:3', '', '', '211.21.65.1', '2017-11-21 16:42:09'),
(1625, 'test', 1, 1, 2, '列表', '', '', '211.21.65.1', '2017-11-21 16:42:21'),
(1626, 'test', 2, 1, 2, '列表', '', '', '211.21.65.1', '2017-11-21 16:42:24'),
(1627, 'test', 2, 2, 2, '列表', '', '', '211.21.65.1', '2017-11-21 16:42:25'),
(1628, 'test', 8, 2, 2, '列表', '', '', '211.21.65.1', '2017-11-21 16:42:41'),
(1629, 'test', 8, 1, 2, '列表', '', '', '211.21.65.1', '2017-11-21 16:42:42'),
(1630, 'test', 6, 1, 2, '列表', '', '', '211.21.65.1', '2017-11-21 16:43:00'),
(1631, 'test', 5, 1, 2, '列表', '', '', '211.21.65.1', '2017-11-21 16:43:02'),
(1632, 'test', 5, 2, 2, '列表', '', '', '211.21.65.1', '2017-11-21 16:43:03'),
(1633, 'test', 4, 1, 2, '列表', '', '', '211.21.65.1', '2017-11-21 16:43:06'),
(1634, 'test', 7, 1, 2, '列表', '', '', '211.21.65.1', '2017-11-21 16:43:08'),
(1635, 'test', 7, 2, 2, '列表', '', '', '211.21.65.1', '2017-11-21 16:43:09'),
(1636, 'test', 7, 3, 2, '列表', '', '', '211.21.65.1', '2017-11-21 16:43:10'),
(1637, 'test', 7, 1, 2, '列表', '', '', '211.21.65.1', '2017-11-21 16:43:11'),
(1638, 'test', 7, 1, 8, '{id:1510624288', '', '', '211.21.65.1', '2017-11-21 16:43:18'),
(1639, 'test', 7, 2, 2, '列表', '', '', '211.21.65.1', '2017-11-21 16:43:20'),
(1640, 'test', 7, 2, 8, '{id:1510624288', '', '', '211.21.65.1', '2017-11-21 16:43:31'),
(1641, 'test', 7, 3, 2, '列表', '', '', '211.21.65.1', '2017-11-21 16:43:32'),
(1642, 'test', 7, 3, 8, '{id:1510624288', '', '', '211.21.65.1', '2017-11-21 16:43:38'),
(1643, 'test', 3, 1, 2, '列表', '', '', '211.21.65.1', '2017-11-21 16:43:47'),
(1644, 'test', 3, 5, 2, '列表', '', '', '211.21.65.1', '2017-11-21 16:43:48'),
(1645, 'test', 3, 2, 2, '列表', '', '', '211.21.65.1', '2017-11-21 16:43:49'),
(1646, 'test', 3, 3, 2, '列表', '', '', '211.21.65.1', '2017-11-21 16:43:50'),
(1647, 'test', 3, 4, 2, '列表', '', '', '211.21.65.1', '2017-11-21 16:43:51'),
(1648, 'test', 3, 1, 2, '列表', '', '', '211.21.65.1', '2017-11-21 16:44:19'),
(1649, 'test', 3, 1, 8, '排序', '', '', '211.21.65.1', '2017-11-21 16:44:21'),
(1650, 'test', 7, 1, 2, '列表', '', '', '211.21.65.1', '2017-11-21 16:45:35'),
(1651, 'admin', 0, 0, 1, 'admin登入成功', '', '', '125.227.11.67', '2017-11-21 16:46:00'),
(1652, 'test', 7, 2, 2, '列表', '', '', '211.21.65.1', '2017-11-21 16:46:08'),
(1653, 'admin', 1, 1, 2, '列表', '', '', '125.227.11.67', '2017-11-21 16:46:09'),
(1654, 'test', 7, 1, 2, '列表', '', '', '211.21.65.1', '2017-11-21 16:46:11'),
(1655, 'admin', 1, 1, 8, 'customer id:2', '', '', '125.227.11.67', '2017-11-21 16:46:52'),
(1656, 'admin', 6, 1, 2, '列表', '', '', '125.227.11.67', '2017-11-21 16:46:55'),
(1657, 'admin', 4, 1, 2, '列表', '', '', '125.227.11.67', '2017-11-21 16:50:49'),
(1658, 'admin', 9, 1, 2, '列表', '', '', '125.227.11.67', '2017-11-21 16:51:16'),
(1659, 'admin', 8, 1, 2, '列表', '', '', '125.227.11.67', '2017-11-21 16:51:21'),
(1660, 'admin', 6, 1, 2, '列表', '', '', '125.227.11.67', '2017-11-21 16:53:03'),
(1661, 'test', 7, 2, 2, '列表', '', '', '211.21.65.1', '2017-11-21 17:10:24'),
(1662, 'test', 7, 3, 2, '列表', '', '', '211.21.65.1', '2017-11-21 17:10:25'),
(1663, 'test', 3, 1, 2, '列表', '', '', '211.21.65.1', '2017-11-21 17:10:29'),
(1664, 'test', 3, 5, 2, '列表', '', '', '211.21.65.1', '2017-11-21 17:10:30'),
(1665, 'test', 3, 2, 2, '列表', '', '', '211.21.65.1', '2017-11-21 17:10:31'),
(1666, 'test', 3, 3, 2, '列表', '', '', '211.21.65.1', '2017-11-21 17:10:32'),
(1667, 'test', 3, 4, 2, '列表', '', '', '211.21.65.1', '2017-11-21 17:10:32'),
(1668, 'test', 2, 1, 2, '列表', '', '', '211.21.65.1', '2017-11-21 17:11:39'),
(1669, 'test', 2, 2, 2, '列表', '', '', '211.21.65.1', '2017-11-21 17:11:41'),
(1670, 'test', 1, 1, 2, '列表', '', '', '211.21.65.1', '2017-11-21 17:11:43'),
(1671, 'test', 3, 1, 2, '列表', '', '', '211.21.65.1', '2017-11-21 17:11:52'),
(1672, 'test', 3, 5, 2, '列表', '', '', '211.21.65.1', '2017-11-21 17:11:53'),
(1673, 'test', 7, 1, 2, '列表', '', '', '211.21.65.1', '2017-11-21 17:12:45'),
(1674, 'test', 5, 1, 2, '列表', '', '', '211.21.65.1', '2017-11-21 17:12:48'),
(1675, 'test', 5, 2, 2, '列表', '', '', '211.21.65.1', '2017-11-21 17:12:49'),
(1676, 'test', 4, 1, 2, '列表', '', '', '211.21.65.1', '2017-11-21 17:12:53'),
(1677, 'test', 3, 1, 2, '列表', '', '', '211.21.65.1', '2017-11-21 17:12:55'),
(1678, 'test', 3, 5, 2, '列表', '', '', '211.21.65.1', '2017-11-21 17:12:56'),
(1679, 'test', 3, 2, 2, '列表', '', '', '211.21.65.1', '2017-11-21 17:12:56'),
(1680, 'test', 3, 3, 2, '列表', '', '', '211.21.65.1', '2017-11-21 17:12:57'),
(1681, 'test', 3, 4, 2, '列表', '', '', '211.21.65.1', '2017-11-21 17:12:58'),
(1682, 'test', 9, 1, 2, '列表', '', '', '211.21.65.1', '2017-11-21 17:13:00'),
(1683, 'test', 7, 1, 2, '列表', '', '', '211.21.65.1', '2017-11-21 17:17:35'),
(1684, 'test', 4, 1, 2, '列表', '', '', '211.21.65.1', '2017-11-21 17:18:15'),
(1685, 'test', 6, 1, 2, '列表', '', '', '211.21.65.1', '2017-11-21 17:19:06'),
(1686, 'guest', 0, 0, 1, 'admin登入成功', '', '', '211.21.65.1', '2017-11-22 10:06:03'),
(1687, 'test', 3, 5, 2, '列表', '', '', '211.21.65.1', '2017-11-22 10:14:49'),
(1688, 'test', 3, 2, 2, '列表', '', '', '211.21.65.1', '2017-11-22 10:14:51'),
(1689, 'test', 3, 3, 2, '列表', '', '', '211.21.65.1', '2017-11-22 10:15:42'),
(1690, 'test', 3, 4, 2, '列表', '', '', '211.21.65.1', '2017-11-22 10:15:44'),
(1691, 'test', 7, 1, 2, '列表', '', '', '211.21.65.1', '2017-11-22 10:15:49'),
(1692, 'test', 8, 2, 2, '列表', '', '', '211.21.65.1', '2017-11-22 10:15:55'),
(1693, 'test', 8, 1, 2, '列表', '', '', '211.21.65.1', '2017-11-22 10:15:58'),
(1694, 'test', 9, 1, 2, '列表', '', '', '211.21.65.1', '2017-11-22 10:16:01'),
(1695, 'test', 1, 1, 2, '列表', '', '', '211.21.65.1', '2017-11-22 10:16:26'),
(1696, 'test', 10, 2, 2, '列表', '', '', '211.21.65.1', '2017-11-22 10:16:50'),
(1697, 'test', 10, 1, 2, '列表', '', '', '211.21.65.1', '2017-11-22 10:16:52'),
(1698, 'test', 6, 1, 2, '列表', '', '', '211.21.65.1', '2017-11-22 10:24:59'),
(1699, 'test', 3, 4, 2, '列表', '', '', '211.21.65.1', '2017-11-22 10:33:29'),
(1700, 'test', 3, 4, 8, 'TEEEEEES id:TEEEEEEST', '', '', '211.21.65.1', '2017-11-22 10:34:01'),
(1701, 'test', 3, 4, 2, '列表', '', '', '211.21.65.1', '2017-11-22 10:34:06'),
(1702, 'test', 3, 4, 8, 'TEEEEEES id:TEEEEEEST', '', '', '211.21.65.1', '2017-11-22 10:34:13'),
(1703, 'test', 7, 1, 2, '列表', '', '', '211.21.65.1', '2017-11-22 11:00:52'),
(1704, 'test', 8, 2, 2, '列表', '', '', '211.21.65.1', '2017-11-22 11:00:53'),
(1705, 'test', 2, 1, 2, '列表', '', '', '211.21.65.1', '2017-11-22 11:00:56'),
(1706, 'test', 2, 2, 2, '列表', '', '', '211.21.65.1', '2017-11-22 11:00:57'),
(1707, 'test', 1, 1, 2, '列表', '', '', '211.21.65.1', '2017-11-22 11:01:09'),
(1708, 'test', 4, 1, 2, '列表', '', '', '211.21.65.1', '2017-11-22 11:01:17'),
(1709, 'test', 5, 1, 2, '列表', '', '', '211.21.65.1', '2017-11-22 11:08:20'),
(1710, 'test', 5, 2, 2, '列表', '', '', '211.21.65.1', '2017-11-22 11:08:21'),
(1711, 'test', 7, 1, 2, '列表', '', '', '211.21.65.1', '2017-11-22 11:10:26'),
(1712, 'test', 3, 1, 2, '列表', '', '', '211.21.65.1', '2017-11-22 11:22:17'),
(1713, 'test', 3, 5, 2, '列表', '', '', '211.21.65.1', '2017-11-22 11:22:18'),
(1714, 'test', 3, 2, 2, '列表', '', '', '211.21.65.1', '2017-11-22 11:22:19'),
(1715, 'test', 3, 5, 2, '列表', '', '', '211.21.65.1', '2017-11-22 11:25:13'),
(1716, 'test', 3, 2, 2, '列表', '', '', '211.21.65.1', '2017-11-22 11:25:13'),
(1717, 'test', 3, 3, 2, '列表', '', '', '211.21.65.1', '2017-11-22 11:25:15'),
(1718, 'test', 3, 4, 2, '列表', '', '', '211.21.65.1', '2017-11-22 11:25:17'),
(1719, 'test', 7, 1, 2, '列表', '', '', '211.21.65.1', '2017-11-22 11:25:25'),
(1720, 'test', 7, 2, 2, '列表', '', '', '211.21.65.1', '2017-11-22 11:25:28'),
(1721, 'test', 7, 3, 2, '列表', '', '', '211.21.65.1', '2017-11-22 11:25:29'),
(1722, 'test', 7, 1, 2, '列表', '', '', '211.21.65.1', '2017-11-22 11:25:30'),
(1723, 'test', 6, 1, 2, '列表', '', '', '211.21.65.1', '2017-11-22 11:26:21'),
(1724, 'test', 8, 2, 2, '列表', '', '', '211.21.65.1', '2017-11-22 11:27:54'),
(1725, 'test', 8, 1, 2, '列表', '', '', '211.21.65.1', '2017-11-22 11:27:55'),
(1726, 'test', 5, 1, 2, '列表', '', '', '211.21.65.1', '2017-11-22 11:27:57'),
(1727, 'test', 5, 2, 2, '列表', '', '', '211.21.65.1', '2017-11-22 11:27:58'),
(1728, 'test', 5, 1, 2, '列表', '', '', '211.21.65.1', '2017-11-22 11:28:11'),
(1729, 'test', 5, 2, 2, '列表', '', '', '211.21.65.1', '2017-11-22 11:28:12'),
(1730, 'test', 6, 1, 2, '列表', '', '', '211.21.65.1', '2017-11-22 11:35:25'),
(1731, 'test', 8, 2, 2, '列表', '', '', '211.21.65.1', '2017-11-22 11:35:27'),
(1732, 'test', 8, 1, 2, '列表', '', '', '211.21.65.1', '2017-11-22 11:35:28'),
(1733, 'admin', 0, 0, 1, 'admin登入成功', '', '', '61.63.182.149', '2017-11-22 14:29:46'),
(1734, 'admin', 6, 1, 2, '列表', '', '', '61.63.182.149', '2017-11-22 14:30:02'),
(1735, 'admin', 4, 1, 2, '列表', '', '', '61.63.182.149', '2017-11-22 14:30:09'),
(1736, 'test', 8, 1, 2, '列表', '', '', '211.21.65.1', '2017-11-22 15:43:06'),
(1737, 'test', 3, 1, 2, '列表', '', '', '211.21.65.1', '2017-11-22 15:43:11'),
(1738, 'test', 3, 5, 2, '列表', '', '', '211.21.65.1', '2017-11-22 15:43:12'),
(1739, 'test', 3, 2, 2, '列表', '', '', '211.21.65.1', '2017-11-22 15:43:13'),
(1740, 'test', 7, 1, 2, '列表', '', '', '211.21.65.1', '2017-11-22 15:47:32'),
(1741, 'test', 4, 1, 2, '列表', '', '', '211.21.65.1', '2017-11-22 15:48:21'),
(1742, 'test', 2, 1, 2, '列表', '', '', '211.21.65.1', '2017-11-22 15:49:49'),
(1743, 'test', 9, 1, 2, '列表', '', '', '211.21.65.1', '2017-11-22 15:49:51'),
(1744, 'test', 8, 2, 2, '列表', '', '', '211.21.65.1', '2017-11-22 15:49:59'),
(1745, 'test', 8, 1, 2, '列表', '', '', '211.21.65.1', '2017-11-22 15:50:03'),
(1746, 'test', 2, 1, 2, '列表', '', '', '211.21.65.1', '2017-11-22 15:50:11'),
(1747, 'test', 2, 2, 2, '列表', '', '', '211.21.65.1', '2017-11-22 15:50:13'),
(1748, 'test', 1, 1, 2, '列表', '', '', '211.21.65.1', '2017-11-22 15:50:15'),
(1749, 'test', 10, 2, 2, '列表', '', '', '211.21.65.1', '2017-11-22 15:50:18'),
(1750, 'test', 10, 1, 2, '列表', '', '', '211.21.65.1', '2017-11-22 15:50:19'),
(1751, 'test', 10, 2, 2, '列表', '', '', '211.21.65.1', '2017-11-22 15:50:21'),
(1752, 'test', 5, 1, 2, '列表', '', '', '211.21.65.1', '2017-11-22 15:50:25'),
(1753, 'test', 5, 2, 2, '列表', '', '', '211.21.65.1', '2017-11-22 15:50:26'),
(1754, 'test', 4, 1, 2, '列表', '', '', '211.21.65.1', '2017-11-22 15:50:30'),
(1755, 'test', 5, 1, 2, '列表', '', '', '211.21.65.1', '2017-11-22 15:51:02'),
(1756, 'test', 5, 2, 2, '列表', '', '', '211.21.65.1', '2017-11-22 15:51:02'),
(1757, 'test', 6, 1, 2, '列表', '', '', '211.21.65.1', '2017-11-22 15:51:06'),
(1758, 'test', 9, 1, 2, '列表', '', '', '211.21.65.1', '2017-11-22 15:51:08'),
(1759, 'test', 2, 1, 2, '列表', '', '', '211.21.65.1', '2017-11-22 15:51:10'),
(1760, 'test', 2, 2, 2, '列表', '', '', '211.21.65.1', '2017-11-22 15:51:11'),
(1761, 'test', 1, 1, 2, '列表', '', '', '211.21.65.1', '2017-11-22 15:51:17'),
(1762, 'test', 3, 1, 2, '列表', '', '', '211.21.65.1', '2017-11-22 15:52:53'),
(1763, 'test', 7, 1, 2, '列表', '', '', '211.21.65.1', '2017-11-22 15:52:55'),
(1764, 'test', 4, 1, 2, '列表', '', '', '211.21.65.1', '2017-11-22 15:53:56'),
(1765, 'test', 5, 1, 2, '列表', '', '', '211.21.65.1', '2017-11-22 15:54:30'),
(1766, 'test', 5, 2, 2, '列表', '', '', '211.21.65.1', '2017-11-22 15:54:32'),
(1767, 'test', 6, 1, 2, '列表', '', '', '211.21.65.1', '2017-11-22 15:54:35'),
(1768, 'test', 3, 5, 2, '列表', '', '', '211.21.65.1', '2017-11-22 15:55:15'),
(1769, 'test', 3, 5, 16, '1筆資料(\'0\')', '', '', '211.21.65.1', '2017-11-22 15:55:21'),
(1770, 'test', 3, 2, 2, '列表', '', '', '211.21.65.1', '2017-11-22 15:55:27'),
(1771, 'test', 3, 4, 2, '列表', '', '', '211.21.65.1', '2017-11-22 15:55:29'),
(1772, 'test', 7, 1, 2, '列表', '', '', '211.21.65.1', '2017-11-22 15:58:55'),
(1773, 'test', 3, 2, 2, '列表', '', '', '211.21.65.1', '2017-11-22 16:06:12'),
(1774, 'test', 3, 4, 2, '列表', '', '', '211.21.65.1', '2017-11-22 16:06:13'),
(1775, 'test', 6, 1, 2, '列表', '', '', '211.21.65.1', '2017-11-22 16:13:42'),
(1776, 'test', 5, 1, 2, '列表', '', '', '211.21.65.1', '2017-11-22 16:23:43'),
(1777, 'test', 6, 1, 2, '列表', '', '', '211.21.65.1', '2017-11-22 16:24:28'),
(1778, 'test', 4, 1, 2, '列表', '', '', '211.21.65.1', '2017-11-22 16:24:49'),
(1779, 'admin', 0, 0, 1, 'admin登入成功', '', '', '122.116.150.119', '2017-11-23 11:07:52'),
(1780, 'admin', 1, 1, 2, '列表', '', '', '122.116.150.119', '2017-11-23 11:08:00'),
(1781, 'admin', 1, 1, 8, '超級管理員 id:1', '', '', '122.116.150.119', '2017-11-23 11:08:06'),
(1782, 'guest', 0, 0, 1, 'admin登入成功', '', '', '211.21.65.1', '2017-11-23 14:51:23'),
(1783, 'guest', 3, 5, 2, '列表', '', '', '211.21.65.1', '2017-11-23 14:51:45'),
(1784, 'guest', 3, 2, 2, '列表', '', '', '211.21.65.1', '2017-11-23 14:52:07'),
(1785, 'guest', 3, 4, 2, '列表', '', '', '211.21.65.1', '2017-11-23 14:52:08'),
(1786, 'guest', 7, 1, 2, '列表', '', '', '211.21.65.1', '2017-11-23 14:52:24'),
(1787, 'guest', 3, 2, 2, '列表', '', '', '211.21.65.1', '2017-11-23 14:54:00'),
(1788, 'guest', 3, 4, 2, '列表', '', '', '211.21.65.1', '2017-11-23 14:54:01'),
(1789, 'guest', 3, 1, 2, '列表', '', '', '211.21.65.1', '2017-11-23 14:54:25'),
(1790, 'guest', 4, 1, 2, '列表', '', '', '211.21.65.1', '2017-11-23 14:54:54'),
(1791, 'guest', 8, 2, 2, '列表', '', '', '211.21.65.1', '2017-11-23 14:55:27'),
(1792, 'guest', 8, 1, 2, '列表', '', '', '211.21.65.1', '2017-11-23 14:55:29'),
(1793, 'guest', 9, 1, 2, '列表', '', '', '211.21.65.1', '2017-11-23 14:55:31'),
(1794, 'guest', 3, 5, 2, '列表', '', '', '211.21.65.1', '2017-11-23 14:56:00'),
(1795, 'guest', 10, 2, 2, '列表', '', '', '211.21.65.1', '2017-11-23 14:56:46'),
(1796, 'guest', 10, 1, 2, '列表', '', '', '211.21.65.1', '2017-11-23 14:56:55'),
(1797, 'guest', 0, 0, 1, 'admin登入成功', '', '', '211.21.65.1', '2017-11-23 15:31:43'),
(1798, 'guest', 7, 3, 2, '列表', '', '', '211.21.65.1', '2017-11-23 15:31:48'),
(1799, 'guest', 7, 1, 2, '列表', '', '', '211.21.65.1', '2017-11-23 15:31:51'),
(1800, 'admin', 0, 0, 1, 'admin登入成功', '', '', '175.182.69.145', '2017-11-23 21:22:46'),
(1801, 'admin', 4, 1, 2, '列表', '', '', '175.182.69.145', '2017-11-23 21:22:50'),
(1802, 'admin', 0, 0, 1, 'admin登入失敗-帳密不正確', '', '', '175.182.69.145', '2017-11-23 21:32:30'),
(1803, 'admin', 0, 0, 1, 'admin登入成功', '', '', '175.182.69.145', '2017-11-23 21:32:52'),
(1804, 'admin', 3, 1, 2, '列表', '', '', '175.182.69.145', '2017-11-23 21:32:58'),
(1805, 'admin', 3, 2, 2, '列表', '', '', '175.182.69.145', '2017-11-23 21:33:58'),
(1806, 'admin', 3, 2, 4, 'vincent111 id:vincent111', '', '', '175.182.69.145', '2017-11-23 21:35:25'),
(1807, 'admin', 3, 2, 2, '列表', '', '', '175.182.69.145', '2017-11-23 21:35:45'),
(1808, 'admin', 3, 4, 2, '列表', '', '', '175.182.69.145', '2017-11-23 21:35:47'),
(1809, 'admin', 3, 4, 8, 'vincent111 id:vincent111', '', '', '175.182.69.145', '2017-11-23 21:36:12'),
(1810, 'admin', 3, 4, 2, '列表', '', '', '175.182.69.145', '2017-11-23 21:37:12'),
(1811, 'admin', 3, 4, 8, 'vincent111 id:vincent111', '', '', '175.182.69.145', '2017-11-23 21:38:28'),
(1812, 'admin', 3, 4, 2, '列表', '', '', '175.182.69.145', '2017-11-23 21:40:19'),
(1813, 'admin', 3, 4, 8, '萃取液test10 id:test10', '', '', '175.182.69.145', '2017-11-23 21:42:10'),
(1814, 'admin', 9, 1, 2, '列表', '', '', '175.182.69.145', '2017-11-23 22:01:54'),
(1815, 'admin', 8, 2, 2, '列表', '', '', '175.182.69.145', '2017-11-23 22:02:07'),
(1816, 'admin', 0, 0, 1, 'admin登入成功', '', '', '59.127.37.46', '2017-11-24 14:16:24'),
(1817, 'admin', 7, 1, 2, '列表', '', '', '59.127.37.46', '2017-11-24 14:16:28'),
(1818, 'admin', 7, 3, 2, '列表', '', '', '59.127.37.46', '2017-11-24 14:30:03'),
(1819, 'admin', 7, 2, 2, '列表', '', '', '59.127.37.46', '2017-11-24 14:37:20'),
(1820, 'admin', 7, 1, 2, '列表', '', '', '59.127.37.46', '2017-11-24 14:37:21'),
(1821, 'admin', 4, 1, 2, '列表', '', '', '59.127.37.46', '2017-11-24 14:40:31'),
(1822, 'admin', 7, 1, 2, '列表', '', '', '59.127.37.46', '2017-11-24 14:40:57'),
(1823, 'admin', 0, 0, 1, 'admin登入成功', '', '', '175.182.69.145', '2017-11-24 19:48:56'),
(1824, 'admin', 4, 1, 2, '列表', '', '', '175.182.69.145', '2017-11-24 19:49:03'),
(1825, 'admin', 0, 0, 1, 'admin登入成功', '', '', '203.222.0.129', '2017-11-25 09:41:55'),
(1826, 'admin', 0, 0, 1, 'admin登入成功', '', '', '175.182.69.145', '2017-11-26 20:00:13'),
(1827, 'admin', 9, 1, 2, '列表', '', '', '175.182.69.145', '2017-11-26 20:00:25'),
(1828, 'admin', 8, 1, 2, '列表', '', '', '175.182.69.145', '2017-11-26 20:00:28'),
(1829, 'admin', 8, 2, 2, '列表', '', '', '175.182.69.145', '2017-11-26 20:00:33'),
(1830, 'admin', 9, 1, 2, '列表', '', '', '175.182.69.145', '2017-11-26 20:01:54'),
(1831, 'admin', 0, 0, 1, 'admin登入成功', '', '', '59.127.37.46', '2017-11-26 21:28:49'),
(1832, 'admin', 8, 1, 2, '列表', '', '', '59.127.37.46', '2017-11-26 21:30:38'),
(1833, 'admin', 8, 2, 2, '列表', '', '', '59.127.37.46', '2017-11-26 21:30:40'),
(1834, 'admin', 10, 1, 2, '列表', '', '', '59.127.37.46', '2017-11-26 21:30:47'),
(1835, 'admin', 11, 1, 2, '列表', '', '', '59.127.37.46', '2017-11-26 21:30:52'),
(1836, 'admin', 11, 2, 2, '列表', '', '', '59.127.37.46', '2017-11-26 21:30:53'),
(1837, 'admin', 11, 1, 2, '列表', '', '', '59.127.37.46', '2017-11-26 21:30:55'),
(1838, 'admin', 6, 1, 2, '列表', '', '', '59.127.37.46', '2017-11-26 21:31:17'),
(1839, 'admin', 6, 2, 2, '列表', '', '', '59.127.37.46', '2017-11-26 21:31:19'),
(1840, 'admin', 6, 1, 2, '列表', '', '', '59.127.37.46', '2017-11-26 21:31:34'),
(1841, 'admin', 6, 2, 2, '列表', '', '', '59.127.37.46', '2017-11-26 21:31:45'),
(1842, 'admin', 10, 1, 2, '列表', '', '', '59.127.37.46', '2017-11-26 21:31:51'),
(1843, 'admin', 7, 1, 2, '列表', '', '', '59.127.37.46', '2017-11-26 21:32:02'),
(1844, 'admin', 9, 1, 2, '列表', '', '', '59.127.37.46', '2017-11-26 21:32:08'),
(1845, 'admin', 8, 2, 2, '列表', '', '', '59.127.37.46', '2017-11-26 21:32:14'),
(1846, 'admin', 8, 1, 2, '列表', '', '', '59.127.37.46', '2017-11-26 21:32:17'),
(1847, 'admin', 5, 2, 2, '列表', '', '', '59.127.37.46', '2017-11-26 21:32:41'),
(1848, 'admin', 5, 1, 2, '列表', '', '', '59.127.37.46', '2017-11-26 21:32:43'),
(1849, 'admin', 4, 1, 2, '列表', '', '', '59.127.37.46', '2017-11-26 21:32:55'),
(1850, 'admin', 3, 1, 2, '列表', '', '', '59.127.37.46', '2017-11-26 21:33:00'),
(1851, 'admin', 3, 4, 2, '列表', '', '', '59.127.37.46', '2017-11-26 21:33:05'),
(1852, 'admin', 10, 1, 2, '列表', '', '', '59.127.37.46', '2017-11-26 21:41:34'),
(1853, 'admin', 11, 1, 2, '列表', '', '', '59.127.37.46', '2017-11-26 21:47:41'),
(1854, 'admin', 11, 2, 2, '列表', '', '', '59.127.37.46', '2017-11-26 21:47:54'),
(1855, 'admin', 10, 1, 2, '列表', '', '', '59.127.37.46', '2017-11-26 21:48:14'),
(1856, 'admin', 7, 3, 2, '列表', '', '', '59.127.37.46', '2017-11-26 21:50:48'),
(1857, 'admin', 7, 2, 2, '列表', '', '', '59.127.37.46', '2017-11-26 21:50:49'),
(1858, 'admin', 7, 1, 2, '列表', '', '', '59.127.37.46', '2017-11-26 21:50:50'),
(1859, 'admin', 7, 3, 2, '列表', '', '', '59.127.37.46', '2017-11-26 21:51:01'),
(1860, 'admin', 3, 4, 2, '列表', '', '', '59.127.37.46', '2017-11-26 21:51:04'),
(1861, 'admin', 7, 1, 2, '列表', '', '', '59.127.37.46', '2017-11-26 21:51:20'),
(1862, 'admin', 4, 1, 2, '列表', '', '', '59.127.37.46', '2017-11-26 21:53:44'),
(1863, 'admin', 10, 2, 2, '列表', '', '', '59.127.37.46', '2017-11-26 21:54:02'),
(1864, 'admin', 10, 1, 2, '列表', '', '', '59.127.37.46', '2017-11-26 21:54:10'),
(1865, 'admin', 6, 2, 2, '列表', '', '', '59.127.37.46', '2017-11-26 21:55:05'),
(1866, 'admin', 6, 1, 2, '列表', '', '', '59.127.37.46', '2017-11-26 21:55:20'),
(1867, 'admin', 11, 1, 2, '列表', '', '', '59.127.37.46', '2017-11-26 21:55:22'),
(1868, 'admin', 8, 2, 2, '列表', '', '', '59.127.37.46', '2017-11-26 21:55:24'),
(1869, 'admin', 8, 1, 2, '列表', '', '', '59.127.37.46', '2017-11-26 21:55:25'),
(1870, 'admin', 7, 1, 2, '列表', '', '', '59.127.37.46', '2017-11-26 21:55:30'),
(1871, 'guest', 0, 0, 1, 'admin登入成功', '', '', '211.21.65.1', '2017-11-27 10:28:54'),
(1872, 'guest', 10, 1, 2, '列表', '', '', '211.21.65.1', '2017-11-27 10:29:00'),
(1873, 'guest', 3, 1, 2, '列表', '', '', '211.21.65.1', '2017-11-27 10:29:23'),
(1874, 'guest', 7, 1, 2, '列表', '', '', '211.21.65.1', '2017-11-27 10:29:25'),
(1875, 'guest', 5, 1, 2, '列表', '', '', '211.21.65.1', '2017-11-27 10:29:27'),
(1876, 'guest', 10, 1, 2, '列表', '', '', '211.21.65.1', '2017-11-27 10:29:30'),
(1877, 'guest', 9, 1, 2, '列表', '', '', '211.21.65.1', '2017-11-27 10:29:32'),
(1878, 'guest', 8, 2, 2, '列表', '', '', '211.21.65.1', '2017-11-27 10:30:24'),
(1879, 'guest', 8, 1, 2, '列表', '', '', '211.21.65.1', '2017-11-27 10:30:25'),
(1880, 'guest', 9, 1, 2, '列表', '', '', '211.21.65.1', '2017-11-27 10:30:56'),
(1881, 'guest', 10, 2, 2, '列表', '', '', '211.21.65.1', '2017-11-27 10:30:58'),
(1882, 'guest', 6, 1, 2, '列表', '', '', '211.21.65.1', '2017-11-27 10:31:00'),
(1883, 'guest', 10, 1, 2, '列表', '', '', '211.21.65.1', '2017-11-27 10:31:04'),
(1884, 'guest', 5, 1, 2, '列表', '', '', '211.21.65.1', '2017-11-27 10:31:06'),
(1885, 'guest', 5, 2, 2, '列表', '', '', '211.21.65.1', '2017-11-27 10:31:07'),
(1886, 'guest', 3, 2, 2, '列表', '', '', '211.21.65.1', '2017-11-27 10:31:58'),
(1887, 'guest', 3, 4, 2, '列表', '', '', '211.21.65.1', '2017-11-27 10:31:59'),
(1888, 'guest', 3, 4, 8, '滴丸test01 id:test01', '', '', '211.21.65.1', '2017-11-27 10:32:45'),
(1889, 'admin', 0, 0, 1, 'admin登入成功', '', '', '59.127.37.46', '2017-11-27 10:38:43'),
(1890, 'guest', 7, 3, 2, '列表', '', '', '211.21.65.1', '2017-11-27 10:38:48'),
(1891, 'guest', 7, 2, 2, '列表', '', '', '211.21.65.1', '2017-11-27 10:38:51'),
(1892, 'admin', 6, 2, 2, '列表', '', '', '59.127.37.46', '2017-11-27 10:38:51'),
(1893, 'guest', 7, 1, 2, '列表', '', '', '211.21.65.1', '2017-11-27 10:38:52'),
(1894, 'guest', 10, 1, 2, '列表', '', '', '211.21.65.1', '2017-11-27 10:41:50'),
(1895, 'guest', 6, 1, 2, '列表', '', '', '211.21.65.1', '2017-11-27 10:41:57'),
(1896, 'guest', 10, 1, 2, '列表', '', '', '211.21.65.1', '2017-11-27 10:41:59'),
(1897, 'guest', 6, 1, 2, '列表', '', '', '211.21.65.1', '2017-11-27 10:42:08'),
(1898, 'guest', 9, 1, 2, '列表', '', '', '211.21.65.1', '2017-11-27 10:42:15'),
(1899, 'guest', 10, 2, 2, '列表', '', '', '211.21.65.1', '2017-11-27 10:42:18'),
(1900, 'guest', 10, 1, 2, '列表', '', '', '211.21.65.1', '2017-11-27 10:42:19'),
(1901, 'admin', 7, 1, 2, '列表', '', '', '59.127.37.46', '2017-11-27 10:45:16'),
(1902, 'admin', 4, 1, 2, '列表', '', '', '59.127.37.46', '2017-11-27 10:45:18'),
(1903, 'admin', 5, 1, 2, '列表', '', '', '59.127.37.46', '2017-11-27 10:45:48'),
(1904, 'admin', 5, 2, 2, '列表', '', '', '59.127.37.46', '2017-11-27 10:45:51'),
(1905, 'guest', 10, 2, 2, '列表', '', '', '211.21.65.1', '2017-11-27 10:46:21'),
(1906, 'guest', 10, 1, 2, '列表', '', '', '211.21.65.1', '2017-11-27 10:46:22'),
(1907, 'guest', 9, 1, 2, '列表', '', '', '211.21.65.1', '2017-11-27 10:46:28'),
(1908, 'admin', 9, 1, 2, '列表', '', '', '59.127.37.46', '2017-11-27 10:46:40'),
(1909, 'guest', 8, 2, 2, '列表', '', '', '211.21.65.1', '2017-11-27 10:46:40'),
(1910, 'guest', 8, 1, 2, '列表', '', '', '211.21.65.1', '2017-11-27 10:46:43'),
(1911, 'guest', 7, 1, 2, '列表', '', '', '211.21.65.1', '2017-11-27 10:47:01'),
(1912, 'admin', 8, 2, 2, '列表', '', '', '59.127.37.46', '2017-11-27 10:47:18'),
(1913, 'admin', 8, 1, 2, '列表', '', '', '59.127.37.46', '2017-11-27 10:47:28'),
(1914, 'admin', 11, 1, 2, '列表', '', '', '59.127.37.46', '2017-11-27 10:47:48'),
(1915, 'admin', 11, 2, 2, '列表', '', '', '59.127.37.46', '2017-11-27 10:47:49'),
(1916, 'admin', 10, 2, 2, '列表', '', '', '59.127.37.46', '2017-11-27 10:48:14'),
(1917, 'admin', 10, 1, 2, '列表', '', '', '59.127.37.46', '2017-11-27 10:48:16'),
(1918, 'admin', 1, 1, 2, '列表', '', '', '59.127.37.46', '2017-11-27 10:48:51'),
(1919, 'admin', 2, 1, 2, '列表', '', '', '59.127.37.46', '2017-11-27 10:48:57'),
(1920, 'admin', 2, 2, 2, '列表', '', '', '59.127.37.46', '2017-11-27 10:49:12'),
(1921, 'admin', 8, 2, 2, '列表', '', '', '59.127.37.46', '2017-11-27 10:49:16'),
(1922, 'admin', 8, 1, 2, '列表', '', '', '59.127.37.46', '2017-11-27 10:49:17'),
(1923, 'admin', 8, 2, 2, '列表', '', '', '59.127.37.46', '2017-11-27 10:49:22'),
(1924, 'admin', 2, 2, 2, '列表', '', '', '59.127.37.46', '2017-11-27 10:49:30'),
(1925, 'admin', 1, 1, 2, '列表', '', '', '59.127.37.46', '2017-11-27 10:49:32'),
(1926, 'guest', 3, 1, 2, '列表', '', '', '211.21.65.1', '2017-11-27 13:41:21'),
(1927, 'admin', 0, 0, 1, 'admin登入成功', '', '', '122.116.150.119', '2017-11-27 19:07:38'),
(1928, 'admin', 1, 1, 2, '列表', '', '', '122.116.150.119', '2017-11-27 19:07:56'),
(1929, 'admin', 1, 1, 8, 'customer id:2', '', '', '122.116.150.119', '2017-11-27 19:08:17'),
(1930, 'admin', 5, 2, 2, '列表', '', '', '122.116.150.119', '2017-11-27 19:08:23');
INSERT INTO `managerlogs` (`no`, `account`, `main_key`, `fun_key`, `action`, `descript`, `table`, `data`, `ip`, `addtime`) VALUES
(1931, 'admin', 4, 1, 2, '列表', '', '', '122.116.150.119', '2017-11-27 19:08:27'),
(1932, 'admin', 11, 1, 2, '列表', '', '', '122.116.150.119', '2017-11-27 19:08:46'),
(1933, 'admin', 11, 2, 2, '列表', '', '', '122.116.150.119', '2017-11-27 19:08:49'),
(1934, 'admin', 6, 1, 2, '列表', '', '', '122.116.150.119', '2017-11-27 19:08:53'),
(1935, 'admin', 6, 2, 2, '列表', '', '', '122.116.150.119', '2017-11-27 19:09:05'),
(1936, 'admin', 10, 1, 2, '列表', '', '', '122.116.150.119', '2017-11-27 19:09:08'),
(1937, 'admin', 8, 2, 2, '列表', '', '', '122.116.150.119', '2017-11-27 19:09:12'),
(1938, 'admin', 8, 1, 2, '列表', '', '', '122.116.150.119', '2017-11-27 19:09:15'),
(1939, 'admin', 9, 1, 2, '列表', '', '', '122.116.150.119', '2017-11-27 19:09:17'),
(1940, 'admin', 6, 1, 2, '列表', '', '', '122.116.150.119', '2017-11-27 19:09:28'),
(1941, 'admin', 9, 1, 2, '列表', '', '', '122.116.150.119', '2017-11-27 19:09:35'),
(1942, 'admin', 8, 2, 2, '列表', '', '', '122.116.150.119', '2017-11-27 19:09:39'),
(1943, 'admin', 8, 1, 2, '列表', '', '', '122.116.150.119', '2017-11-27 19:09:40'),
(1944, 'admin', 0, 0, 1, 'admin登入成功', '', '', '59.127.37.46', '2017-11-27 19:12:15'),
(1945, 'admin', 1, 1, 2, '列表', '', '', '59.127.37.46', '2017-11-27 19:12:24'),
(1946, 'admin', 3, 1, 2, '列表', '', '', '122.116.150.119', '2017-11-27 19:15:51'),
(1947, 'admin', 3, 2, 2, '列表', '', '', '122.116.150.119', '2017-11-27 19:15:59'),
(1948, 'admin', 3, 3, 2, '列表', '', '', '122.116.150.119', '2017-11-27 19:16:01'),
(1949, 'admin', 3, 4, 2, '列表', '', '', '122.116.150.119', '2017-11-27 19:16:02'),
(1950, 'admin', 5, 1, 2, '列表', '', '', '122.116.150.119', '2017-11-27 19:16:30'),
(1951, 'guest', 0, 0, 1, 'admin登入成功', '', '', '211.21.65.1', '2017-11-28 10:59:58'),
(1952, 'test', 3, 5, 2, '列表', '', '', '211.21.65.1', '2017-11-28 11:08:04'),
(1953, 'test', 3, 2, 2, '列表', '', '', '211.21.65.1', '2017-11-28 11:08:05'),
(1954, 'test', 6, 1, 2, '列表', '', '', '211.21.65.1', '2017-11-28 11:12:38'),
(1955, 'test', 6, 2, 2, '列表', '', '', '211.21.65.1', '2017-11-28 11:12:40'),
(1956, 'test', 6, 1, 2, '列表', '', '', '211.21.65.1', '2017-11-28 11:12:42'),
(1957, 'test', 3, 2, 2, '列表', '', '', '211.21.65.1', '2017-11-28 11:18:11'),
(1958, 'test', 3, 2, 8, 'test1128 id:test1128', '', '', '211.21.65.1', '2017-11-28 11:20:50'),
(1959, 'guest', 0, 0, 1, 'admin登入成功', '', '', '211.21.65.1', '2017-11-28 11:21:34'),
(1960, 'guest', 3, 2, 2, '列表', '', '', '211.21.65.1', '2017-11-28 11:21:39'),
(1961, 'guest', 3, 2, 8, 'test1128 id:test1128', '', '', '211.21.65.1', '2017-11-28 11:21:47'),
(1962, 'test', 3, 2, 2, '列表', '', '', '211.21.65.1', '2017-11-28 11:22:18'),
(1963, 'test', 3, 2, 8, 'test1128 id:test1128', '', '', '211.21.65.1', '2017-11-28 11:22:26'),
(1964, 'test', 3, 4, 2, '列表', '', '', '211.21.65.1', '2017-11-28 11:22:28'),
(1965, 'test', 3, 4, 2, '列表', '', '', '211.21.65.1', '2017-11-28 11:51:42'),
(1966, 'test', 3, 4, 8, 'test1128 id:test1128', '', '', '211.21.65.1', '2017-11-28 11:51:59'),
(1967, 'test', 3, 5, 2, '列表', '', '', '211.21.65.1', '2017-11-28 12:00:17'),
(1968, 'test', 3, 1, 2, '列表', '', '', '211.21.65.1', '2017-11-28 12:00:23'),
(1969, 'test', 3, 2, 2, '列表', '', '', '211.21.65.1', '2017-11-28 12:00:23'),
(1970, 'test', 3, 3, 2, '列表', '', '', '211.21.65.1', '2017-11-28 12:00:23'),
(1971, 'test', 3, 4, 2, '列表', '', '', '211.21.65.1', '2017-11-28 12:00:26'),
(1972, 'test', 7, 1, 2, '列表', '', '', '211.21.65.1', '2017-11-28 12:00:28'),
(1973, 'test', 4, 1, 2, '列表', '', '', '211.21.65.1', '2017-11-28 12:00:34'),
(1974, 'test', 10, 1, 2, '列表', '', '', '211.21.65.1', '2017-11-28 12:00:36'),
(1975, 'test', 11, 1, 2, '列表', '', '', '211.21.65.1', '2017-11-28 12:00:38'),
(1976, 'test', 11, 2, 2, '列表', '', '', '211.21.65.1', '2017-11-28 12:00:39'),
(1977, 'test', 11, 1, 2, '列表', '', '', '211.21.65.1', '2017-11-28 12:00:41'),
(1978, 'test', 11, 2, 2, '列表', '', '', '211.21.65.1', '2017-11-28 12:00:42'),
(1979, 'test', 11, 1, 2, '列表', '', '', '211.21.65.1', '2017-11-28 12:00:44'),
(1980, 'test', 11, 2, 2, '列表', '', '', '211.21.65.1', '2017-11-28 12:00:45'),
(1981, 'test', 11, 1, 2, '列表', '', '', '211.21.65.1', '2017-11-28 12:00:46'),
(1982, 'test', 11, 2, 2, '列表', '', '', '211.21.65.1', '2017-11-28 12:00:52'),
(1983, 'test', 8, 2, 2, '列表', '', '', '211.21.65.1', '2017-11-28 12:00:57'),
(1984, 'test', 8, 1, 2, '列表', '', '', '211.21.65.1', '2017-11-28 12:00:59'),
(1985, 'test', 9, 1, 2, '列表', '', '', '211.21.65.1', '2017-11-28 12:01:01'),
(1986, 'test', 2, 1, 2, '列表', '', '', '211.21.65.1', '2017-11-28 12:01:50'),
(1987, 'test', 2, 2, 2, '列表', '', '', '211.21.65.1', '2017-11-28 12:01:51'),
(1988, 'test', 6, 1, 2, '列表', '', '', '211.21.65.1', '2017-11-28 15:12:56'),
(1989, 'test', 6, 2, 2, '列表', '', '', '211.21.65.1', '2017-11-28 15:16:14'),
(1990, 'test', 6, 1, 2, '列表', '', '', '211.21.65.1', '2017-11-28 15:16:18'),
(1991, 'test', 6, 2, 2, '列表', '', '', '211.21.65.1', '2017-11-28 15:16:19'),
(1992, 'test', 6, 1, 2, '列表', '', '', '211.21.65.1', '2017-11-28 15:17:50'),
(1993, 'test', 6, 2, 2, '列表', '', '', '211.21.65.1', '2017-11-28 15:17:59'),
(1994, 'test', 11, 1, 2, '列表', '', '', '211.21.65.1', '2017-11-28 15:18:02'),
(1995, 'test', 11, 2, 2, '列表', '', '', '211.21.65.1', '2017-11-28 15:18:03'),
(1996, 'test', 5, 1, 2, '列表', '', '', '211.21.65.1', '2017-11-28 15:18:07'),
(1997, 'test', 5, 2, 2, '列表', '', '', '211.21.65.1', '2017-11-28 15:18:08'),
(1998, 'test', 5, 1, 2, '列表', '', '', '211.21.65.1', '2017-11-28 15:18:09'),
(1999, 'test', 5, 1, 8, '隱私權條款 id:2', '', '', '211.21.65.1', '2017-11-28 15:18:17'),
(2000, 'test', 5, 1, 8, '服務政策 id:3', '', '', '211.21.65.1', '2017-11-28 15:18:24'),
(2001, 'test', 5, 1, 8, '退貨須知 id:4', '', '', '211.21.65.1', '2017-11-28 15:18:31'),
(2002, 'test', 5, 1, 8, '商品寄送 id:5', '', '', '211.21.65.1', '2017-11-28 15:18:38'),
(2003, 'test', 5, 1, 8, '供應商資訊 id:6', '', '', '211.21.65.1', '2017-11-28 15:18:59'),
(2004, 'test', 5, 1, 8, '購物流程說明 id:7', '', '', '211.21.65.1', '2017-11-28 15:19:12'),
(2005, 'test', 5, 1, 8, '鑑賞期說明 id:8', '', '', '211.21.65.1', '2017-11-28 15:19:20'),
(2006, 'test', 7, 1, 2, '列表', '', '', '211.21.65.1', '2017-11-28 15:22:01'),
(2007, 'test', 7, 2, 2, '列表', '', '', '211.21.65.1', '2017-11-28 15:22:04'),
(2008, 'test', 7, 3, 2, '列表', '', '', '211.21.65.1', '2017-11-28 15:22:06'),
(2009, 'test', 4, 1, 2, '列表', '', '', '211.21.65.1', '2017-11-28 15:22:09'),
(2010, 'test', 5, 1, 2, '列表', '', '', '211.21.65.1', '2017-11-28 15:22:37'),
(2011, 'test', 5, 2, 2, '列表', '', '', '211.21.65.1', '2017-11-28 15:22:39'),
(2012, 'test', 6, 1, 2, '列表', '', '', '211.21.65.1', '2017-11-28 15:22:47'),
(2013, 'test', 6, 2, 2, '列表', '', '', '211.21.65.1', '2017-11-28 15:22:50'),
(2014, 'test', 6, 1, 2, '列表', '', '', '211.21.65.1', '2017-11-28 15:22:51'),
(2015, 'test', 7, 1, 2, '列表', '', '', '211.21.65.1', '2017-11-28 15:23:35'),
(2016, 'test', 7, 2, 2, '列表', '', '', '211.21.65.1', '2017-11-28 15:23:36'),
(2017, 'test', 7, 3, 2, '列表', '', '', '211.21.65.1', '2017-11-28 15:23:37'),
(2018, 'test', 3, 1, 2, '列表', '', '', '211.21.65.1', '2017-11-28 15:23:38'),
(2019, 'test', 3, 5, 2, '列表', '', '', '211.21.65.1', '2017-11-28 15:23:39'),
(2020, 'test', 3, 2, 2, '列表', '', '', '211.21.65.1', '2017-11-28 15:23:40'),
(2021, 'test', 3, 3, 2, '列表', '', '', '211.21.65.1', '2017-11-28 15:23:41'),
(2022, 'test', 3, 4, 2, '列表', '', '', '211.21.65.1', '2017-11-28 15:23:43'),
(2023, 'test', 3, 1, 2, '列表', '', '', '211.21.65.1', '2017-11-28 16:03:27'),
(2024, 'test', 3, 5, 2, '列表', '', '', '211.21.65.1', '2017-11-28 16:03:29'),
(2025, 'test', 3, 2, 2, '列表', '', '', '211.21.65.1', '2017-11-28 16:03:30'),
(2026, 'test', 4, 1, 2, '列表', '', '', '211.21.65.1', '2017-11-28 16:05:18'),
(2027, 'test', 7, 1, 2, '列表', '', '', '211.21.65.1', '2017-11-28 16:05:44'),
(2028, 'test', 5, 2, 2, '列表', '', '', '211.21.65.1', '2017-11-28 16:05:46'),
(2029, 'test', 0, 0, 1, 'admin登入失敗-帳密不正確', '', '', '211.21.65.1', '2017-11-28 16:22:36'),
(2030, 'test', 0, 0, 1, 'admin登入失敗-帳密不正確', '', '', '211.21.65.1', '2017-11-28 16:22:40'),
(2031, 'guest', 0, 0, 1, 'admin登入成功', '', '', '211.21.65.1', '2017-11-28 16:22:47'),
(2032, 'guest', 5, 2, 2, '列表', '', '', '211.21.65.1', '2017-11-28 16:22:52'),
(2033, 'guest', 5, 2, 8, '使用者故事 id:5', '', '', '211.21.65.1', '2017-11-28 16:22:57'),
(2034, 'guest', 10, 2, 2, '列表', '', '', '211.21.65.1', '2017-11-28 16:25:51'),
(2035, 'guest', 0, 0, 1, 'admin登入成功', '', '', '211.21.65.1', '2017-11-28 16:26:01'),
(2036, 'guest', 0, 0, 1, 'admin登入成功', '', '', '211.21.65.1', '2017-11-28 16:27:14'),
(2037, 'guest', 10, 2, 2, '列表', '', '', '211.21.65.1', '2017-11-28 16:27:23'),
(2038, 'guest', 10, 2, 4, '雜七雜八 id:4', '', '', '211.21.65.1', '2017-11-28 16:27:32'),
(2039, 'guest', 3, 1, 2, '列表', '', '', '211.21.65.1', '2017-11-28 16:41:02'),
(2040, 'guest', 7, 1, 2, '列表', '', '', '211.21.65.1', '2017-11-28 16:41:11'),
(2041, 'guest', 3, 2, 2, '列表', '', '', '211.21.65.1', '2017-11-28 16:43:02'),
(2042, 'guest', 3, 4, 2, '列表', '', '', '211.21.65.1', '2017-11-28 16:43:04'),
(2043, 'test', 3, 4, 8, 'test1128 id:test1128', '', '', '211.21.65.1', '2017-11-28 16:50:14'),
(2044, 'test', 3, 1, 2, '列表', '', '', '211.21.65.1', '2017-11-28 17:14:21'),
(2045, 'guest', 0, 0, 1, 'admin登入成功', '', '', '211.21.65.1', '2017-11-29 10:54:00'),
(2046, 'guest', 5, 2, 2, '列表', '', '', '211.21.65.1', '2017-11-29 10:54:11'),
(2047, 'guest', 5, 2, 8, '下班拉～～ id:4', '', '', '211.21.65.1', '2017-11-29 10:54:18'),
(2048, 'guest', 5, 2, 2, '列表', '', '', '211.21.65.1', '2017-11-29 10:54:40'),
(2049, 'guest', 6, 1, 2, '列表', '', '', '211.21.65.1', '2017-11-29 10:54:45'),
(2050, 'admin', 0, 0, 1, 'admin登入成功', '', '', '59.127.37.46', '2017-11-29 13:07:57'),
(2051, 'admin', 1, 1, 2, '列表', '', '', '59.127.37.46', '2017-11-29 13:08:06'),
(2052, 'admin', 11, 1, 2, '列表', '', '', '59.127.37.46', '2017-11-29 13:08:08'),
(2053, 'test', 6, 1, 2, '列表', '', '', '59.127.37.46', '2017-11-29 18:20:54'),
(2054, 'test', 6, 2, 2, '列表', '', '', '59.127.37.46', '2017-11-29 18:21:08'),
(2055, 'test', 6, 1, 2, '列表', '', '', '59.127.37.46', '2017-11-29 18:21:08'),
(2056, 'admin', 0, 0, 1, 'admin登入成功', '', '', '121.254.64.62', '2017-11-30 00:32:10'),
(2057, 'admin', 9, 1, 2, '列表', '', '', '121.254.64.62', '2017-11-30 00:32:14'),
(2058, 'admin', 8, 2, 2, '列表', '', '', '121.254.64.62', '2017-11-30 00:39:55'),
(2059, 'admin', 11, 1, 2, '列表', '', '', '121.254.64.62', '2017-11-30 00:40:17'),
(2060, 'admin', 6, 1, 2, '列表', '', '', '121.254.64.62', '2017-11-30 00:40:18'),
(2061, 'admin', 6, 2, 2, '列表', '', '', '121.254.64.62', '2017-11-30 00:40:23'),
(2062, 'admin', 10, 1, 2, '列表', '', '', '121.254.64.62', '2017-11-30 00:40:33'),
(2063, 'admin', 11, 1, 2, '列表', '', '', '121.254.64.62', '2017-11-30 00:40:47'),
(2064, 'admin', 11, 2, 2, '列表', '', '', '121.254.64.62', '2017-11-30 00:44:31'),
(2065, 'admin', 7, 1, 2, '列表', '', '', '121.254.64.62', '2017-11-30 00:44:36'),
(2066, 'admin', 0, 0, 1, 'admin登入成功', '', '', '59.127.37.46', '2017-11-30 10:52:56'),
(2067, 'admin', 9, 1, 2, '列表', '', '', '59.127.37.46', '2017-11-30 10:53:02'),
(2068, 'admin', 4, 1, 2, '列表', '', '', '59.127.37.46', '2017-11-30 11:17:34'),
(2069, 'admin', 9, 1, 2, '列表', '', '', '59.127.37.46', '2017-11-30 11:20:03'),
(2070, 'admin', 2, 1, 2, '列表', '', '', '59.127.37.46', '2017-11-30 11:20:51'),
(2071, 'admin', 1, 1, 2, '列表', '', '', '59.127.37.46', '2017-11-30 11:20:56'),
(2072, 'admin', 4, 1, 2, '列表', '', '', '59.127.37.46', '2017-11-30 11:21:07'),
(2073, 'admin', 3, 1, 2, '列表', '', '', '59.127.37.46', '2017-11-30 11:21:33'),
(2074, 'admin', 3, 5, 2, '列表', '', '', '59.127.37.46', '2017-11-30 11:21:43'),
(2075, 'admin', 3, 2, 2, '列表', '', '', '59.127.37.46', '2017-11-30 11:21:47'),
(2076, 'admin', 3, 3, 2, '列表', '', '', '59.127.37.46', '2017-11-30 11:21:49'),
(2077, 'admin', 3, 1, 2, '列表', '', '', '59.127.37.46', '2017-11-30 11:22:13'),
(2078, 'admin', 7, 1, 2, '列表', '', '', '59.127.37.46', '2017-11-30 11:23:22'),
(2079, 'admin', 4, 1, 2, '列表', '', '', '59.127.37.46', '2017-11-30 11:24:59'),
(2080, 'admin', 6, 1, 2, '列表', '', '', '59.127.37.46', '2017-11-30 11:25:04'),
(2081, 'admin', 6, 2, 2, '列表', '', '', '59.127.37.46', '2017-11-30 11:25:07'),
(2082, 'admin', 6, 1, 2, '列表', '', '', '59.127.37.46', '2017-11-30 11:25:13'),
(2083, 'admin', 6, 2, 2, '列表', '', '', '59.127.37.46', '2017-11-30 11:25:17'),
(2084, 'admin', 6, 1, 2, '列表', '', '', '59.127.37.46', '2017-11-30 11:25:18'),
(2085, 'admin', 11, 1, 2, '列表', '', '', '59.127.37.46', '2017-11-30 11:25:26'),
(2086, 'admin', 8, 2, 2, '列表', '', '', '59.127.37.46', '2017-11-30 11:25:27'),
(2087, 'admin', 8, 1, 2, '列表', '', '', '59.127.37.46', '2017-11-30 11:25:31'),
(2088, 'admin', 9, 1, 2, '列表', '', '', '59.127.37.46', '2017-11-30 11:25:35'),
(2089, 'guest', 0, 0, 1, 'admin登入成功', '', '', '211.21.65.1', '2017-11-30 11:46:58'),
(2090, 'test', 6, 1, 2, '列表', '', '', '211.21.65.1', '2017-11-30 11:47:21'),
(2091, 'test', 8, 2, 2, '列表', '', '', '211.21.65.1', '2017-11-30 11:47:26'),
(2092, 'test', 8, 1, 2, '列表', '', '', '211.21.65.1', '2017-11-30 11:47:33'),
(2093, 'test', 8, 2, 2, '列表', '', '', '211.21.65.1', '2017-11-30 11:48:54'),
(2094, 'test', 8, 1, 2, '列表', '', '', '211.21.65.1', '2017-11-30 11:49:03'),
(2095, 'test', 8, 2, 2, '列表', '', '', '211.21.65.1', '2017-11-30 11:49:05'),
(2096, 'test', 8, 1, 2, '列表', '', '', '211.21.65.1', '2017-11-30 11:49:30'),
(2097, 'guest', 0, 0, 1, 'admin登入成功', '', '', '211.21.65.1', '2017-11-30 13:38:51'),
(2098, 'test', 3, 4, 2, '列表', '', '', '211.21.65.1', '2017-11-30 13:39:29'),
(2099, 'test', 9, 1, 2, '列表', '', '', '211.21.65.1', '2017-11-30 13:39:58'),
(2100, 'test', 9, 1, 8, '紅陽 id:1', '', '', '211.21.65.1', '2017-11-30 13:43:13'),
(2101, 'test', 10, 1, 2, '列表', '', '', '211.21.65.1', '2017-11-30 13:43:24'),
(2102, 'test', 9, 1, 2, '列表', '', '', '211.21.65.1', '2017-11-30 13:44:06'),
(2103, 'test', 11, 2, 2, '列表', '', '', '211.21.65.1', '2017-11-30 13:49:21'),
(2104, 'test', 11, 1, 2, '列表', '', '', '211.21.65.1', '2017-11-30 13:49:21'),
(2105, 'test', 7, 1, 2, '列表', '', '', '211.21.65.1', '2017-11-30 13:49:23'),
(2106, 'test', 7, 2, 2, '列表', '', '', '211.21.65.1', '2017-11-30 14:12:39'),
(2107, 'test', 7, 3, 2, '列表', '', '', '211.21.65.1', '2017-11-30 14:12:40'),
(2108, 'test', 7, 1, 2, '列表', '', '', '211.21.65.1', '2017-11-30 14:12:41'),
(2109, 'test', 7, 1, 8, '{id:000000001', '', '', '211.21.65.1', '2017-11-30 14:12:51'),
(2110, 'test', 7, 2, 2, '列表', '', '', '211.21.65.1', '2017-11-30 14:12:53'),
(2111, 'test', 7, 2, 8, '{id:000000001', '', '', '211.21.65.1', '2017-11-30 14:13:07'),
(2112, 'test', 7, 3, 2, '列表', '', '', '211.21.65.1', '2017-11-30 14:13:18'),
(2113, 'test', 7, 2, 2, '列表', '', '', '211.21.65.1', '2017-11-30 14:13:19'),
(2114, 'test', 7, 2, 8, '{id:000000001', '', '', '211.21.65.1', '2017-11-30 14:13:27'),
(2115, 'test', 7, 3, 2, '列表', '', '', '211.21.65.1', '2017-11-30 14:13:28'),
(2116, 'test', 7, 2, 2, '列表', '', '', '211.21.65.1', '2017-11-30 14:13:30'),
(2117, 'test', 7, 1, 2, '列表', '', '', '211.21.65.1', '2017-11-30 14:13:30'),
(2118, 'test', 7, 1, 8, '{id:000000001', '', '', '211.21.65.1', '2017-11-30 14:13:42'),
(2119, 'test', 4, 1, 2, '列表', '', '', '211.21.65.1', '2017-11-30 14:14:17'),
(2120, 'test', 2, 1, 2, '列表', '', '', '211.21.65.1', '2017-11-30 14:14:30'),
(2121, 'test', 2, 2, 2, '列表', '', '', '211.21.65.1', '2017-11-30 14:14:32'),
(2122, 'test', 1, 1, 2, '列表', '', '', '211.21.65.1', '2017-11-30 14:14:40'),
(2123, 'test', 3, 4, 2, '列表', '', '', '211.21.65.1', '2017-11-30 14:15:10'),
(2124, 'test', 3, 3, 2, '列表', '', '', '211.21.65.1', '2017-11-30 14:15:13'),
(2125, 'test', 3, 2, 2, '列表', '', '', '211.21.65.1', '2017-11-30 14:15:14'),
(2126, 'test', 3, 5, 2, '列表', '', '', '211.21.65.1', '2017-11-30 14:15:14'),
(2127, 'test', 7, 1, 2, '列表', '', '', '211.21.65.1', '2017-11-30 14:15:23'),
(2128, 'test', 7, 2, 2, '列表', '', '', '211.21.65.1', '2017-11-30 14:15:28'),
(2129, 'test', 4, 1, 2, '列表', '', '', '211.21.65.1', '2017-11-30 14:15:30'),
(2130, 'test', 5, 1, 2, '列表', '', '', '211.21.65.1', '2017-11-30 14:15:42'),
(2131, 'test', 10, 1, 2, '列表', '', '', '211.21.65.1', '2017-11-30 14:15:43'),
(2132, 'test', 6, 1, 2, '列表', '', '', '211.21.65.1', '2017-11-30 14:15:48'),
(2133, 'test', 8, 2, 2, '列表', '', '', '211.21.65.1', '2017-11-30 14:15:52'),
(2134, 'test', 11, 1, 2, '列表', '', '', '211.21.65.1', '2017-11-30 14:15:52'),
(2135, 'test', 9, 1, 2, '列表', '', '', '211.21.65.1', '2017-11-30 14:15:58'),
(2136, 'test', 1, 1, 2, '列表', '', '', '211.21.65.1', '2017-11-30 14:16:03'),
(2137, 'test', 10, 2, 2, '列表', '', '', '211.21.65.1', '2017-11-30 14:16:07'),
(2138, 'test', 10, 1, 2, '列表', '', '', '211.21.65.1', '2017-11-30 14:16:11'),
(2139, 'test', 8, 1, 2, '列表', '', '', '211.21.65.1', '2017-11-30 14:40:27'),
(2140, 'test', 6, 1, 2, '列表', '', '', '211.21.65.1', '2017-11-30 14:57:25'),
(2141, 'test', 6, 2, 2, '列表', '', '', '211.21.65.1', '2017-11-30 14:57:25'),
(2142, 'test', 6, 1, 2, '列表', '', '', '211.21.65.1', '2017-11-30 14:57:27'),
(2143, 'test', 6, 1, 4, 'test02 id:test02', '', '', '211.21.65.1', '2017-11-30 14:58:18'),
(2144, 'testtest02', 6, 1, 2, '列表', '', '', '211.21.65.1', '2017-11-30 14:59:09'),
(2145, 'testtest02', 6, 1, 8, 'test02 id:test02', '', '', '211.21.65.1', '2017-11-30 14:59:29'),
(2146, 'testtest02', 6, 1, 2, '列表', '', '', '211.21.65.1', '2017-11-30 14:59:55'),
(2147, 'testtest02', 7, 1, 2, '列表', '', '', '211.21.65.1', '2017-11-30 15:15:05'),
(2148, 'testtest02', 6, 1, 2, '列表', '', '', '211.21.65.1', '2017-11-30 15:15:31'),
(2149, 'testtest02', 10, 1, 2, '列表', '', '', '211.21.65.1', '2017-11-30 15:15:58'),
(2150, 'testtest02', 5, 1, 2, '列表', '', '', '211.21.65.1', '2017-11-30 15:16:00'),
(2151, 'testtest02', 5, 2, 2, '列表', '', '', '211.21.65.1', '2017-11-30 15:16:01'),
(2152, 'testtest02', 4, 1, 2, '列表', '', '', '211.21.65.1', '2017-11-30 15:16:05'),
(2153, 'testtest02', 7, 1, 2, '列表', '', '', '211.21.65.1', '2017-11-30 15:16:15'),
(2154, 'testtest02', 3, 1, 2, '列表', '', '', '211.21.65.1', '2017-11-30 15:16:18'),
(2155, 'testtest02', 8, 2, 2, '列表', '', '', '211.21.65.1', '2017-11-30 15:16:21'),
(2156, 'testtest02', 8, 1, 2, '列表', '', '', '211.21.65.1', '2017-11-30 15:16:23'),
(2157, 'testtest02', 11, 1, 2, '列表', '', '', '211.21.65.1', '2017-11-30 15:16:27'),
(2158, 'testtest02', 11, 2, 2, '列表', '', '', '211.21.65.1', '2017-11-30 15:16:29'),
(2159, 'testtest02', 1, 1, 2, '列表', '', '', '211.21.65.1', '2017-11-30 15:16:34'),
(2160, 'testtest02', 2, 1, 2, '列表', '', '', '211.21.65.1', '2017-11-30 15:16:47'),
(2161, 'testtest02', 2, 1, 8, 'guest', '', '', '211.21.65.1', '2017-11-30 15:16:58'),
(2162, 'guest', 0, 0, 1, 'admin登入成功', '', '', '211.21.65.1', '2017-11-30 15:17:13'),
(2163, 'guest', 2, 2, 2, '列表', '', '', '211.21.65.1', '2017-11-30 15:17:19'),
(2164, 'guest', 9, 1, 2, '列表', '', '', '211.21.65.1', '2017-11-30 15:19:35'),
(2165, 'guest', 11, 1, 2, '列表', '', '', '211.21.65.1', '2017-11-30 15:19:38'),
(2166, 'guest', 11, 2, 2, '列表', '', '', '211.21.65.1', '2017-11-30 15:19:39'),
(2167, 'guest', 6, 1, 2, '列表', '', '', '211.21.65.1', '2017-11-30 15:19:41'),
(2168, 'guest', 6, 2, 2, '列表', '', '', '211.21.65.1', '2017-11-30 15:19:42'),
(2169, 'guest', 10, 1, 2, '列表', '', '', '211.21.65.1', '2017-11-30 15:19:43'),
(2170, 'guest', 5, 1, 2, '列表', '', '', '211.21.65.1', '2017-11-30 15:19:45'),
(2171, 'guest', 5, 2, 2, '列表', '', '', '211.21.65.1', '2017-11-30 15:19:46'),
(2172, 'guest', 4, 1, 2, '列表', '', '', '211.21.65.1', '2017-11-30 15:19:50'),
(2173, 'guest', 7, 1, 2, '列表', '', '', '211.21.65.1', '2017-11-30 15:19:52'),
(2174, 'guest', 7, 2, 2, '列表', '', '', '211.21.65.1', '2017-11-30 15:19:53'),
(2175, 'guest', 7, 3, 2, '列表', '', '', '211.21.65.1', '2017-11-30 15:19:54'),
(2176, 'guest', 3, 1, 2, '列表', '', '', '211.21.65.1', '2017-11-30 15:19:56'),
(2177, 'guest', 3, 5, 2, '列表', '', '', '211.21.65.1', '2017-11-30 15:19:57'),
(2178, 'guest', 3, 2, 2, '列表', '', '', '211.21.65.1', '2017-11-30 15:20:02'),
(2179, 'guest', 3, 4, 2, '列表', '', '', '211.21.65.1', '2017-11-30 15:20:03'),
(2180, 'guest', 2, 1, 2, '列表', '', '', '211.21.65.1', '2017-11-30 15:20:08'),
(2181, 'guest', 9, 1, 2, '列表', '', '', '211.21.65.1', '2017-11-30 15:20:15'),
(2182, 'guest', 8, 2, 2, '列表', '', '', '211.21.65.1', '2017-11-30 15:20:17'),
(2183, 'guest', 11, 1, 2, '列表', '', '', '211.21.65.1', '2017-11-30 15:20:19'),
(2184, 'guest', 6, 1, 2, '列表', '', '', '211.21.65.1', '2017-11-30 15:20:24'),
(2185, 'guest', 10, 1, 2, '列表', '', '', '211.21.65.1', '2017-11-30 15:20:30'),
(2186, 'guest', 5, 1, 2, '列表', '', '', '211.21.65.1', '2017-11-30 15:20:31'),
(2187, 'guest', 5, 2, 2, '列表', '', '', '211.21.65.1', '2017-11-30 15:20:32'),
(2188, 'guest', 4, 1, 2, '列表', '', '', '211.21.65.1', '2017-11-30 15:20:38'),
(2189, 'guest', 7, 1, 2, '列表', '', '', '211.21.65.1', '2017-11-30 15:20:39'),
(2190, 'guest', 7, 2, 2, '列表', '', '', '211.21.65.1', '2017-11-30 15:20:40'),
(2191, 'guest', 7, 3, 2, '列表', '', '', '211.21.65.1', '2017-11-30 15:20:40'),
(2192, 'guest', 3, 1, 2, '列表', '', '', '211.21.65.1', '2017-11-30 15:20:44'),
(2193, 'guest', 3, 5, 2, '列表', '', '', '211.21.65.1', '2017-11-30 15:20:44'),
(2194, 'guest', 3, 2, 2, '列表', '', '', '211.21.65.1', '2017-11-30 15:20:52'),
(2195, 'guest', 3, 3, 2, '列表', '', '', '211.21.65.1', '2017-11-30 15:20:53'),
(2196, 'guest', 3, 4, 2, '列表', '', '', '211.21.65.1', '2017-11-30 15:20:53'),
(2197, 'guest', 4, 1, 2, '列表', '', '', '211.21.65.1', '2017-11-30 15:24:39'),
(2198, 'guest', 1, 1, 2, '列表', '', '', '211.21.65.1', '2017-11-30 15:25:02'),
(2199, 'guest', 2, 2, 2, '列表', '', '', '211.21.65.1', '2017-11-30 15:25:06'),
(2200, 'guest', 3, 4, 2, '列表', '', '', '211.21.65.1', '2017-11-30 15:25:17'),
(2201, 'guest', 5, 1, 2, '列表', '', '', '211.21.65.1', '2017-11-30 15:37:21'),
(2202, 'guest', 5, 2, 2, '列表', '', '', '211.21.65.1', '2017-11-30 15:37:23'),
(2203, 'guest', 5, 1, 2, '列表', '', '', '211.21.65.1', '2017-11-30 15:37:26'),
(2204, 'guest', 10, 1, 2, '列表', '', '', '211.21.65.1', '2017-11-30 15:37:32'),
(2205, 'admin', 0, 0, 1, 'admin登入成功', '', '', '59.127.37.46', '2017-11-30 15:37:34'),
(2206, 'guest', 3, 1, 2, '列表', '', '', '211.21.65.1', '2017-11-30 15:37:37'),
(2207, 'guest', 3, 5, 2, '列表', '', '', '211.21.65.1', '2017-11-30 15:37:38'),
(2208, 'admin', 4, 1, 2, '列表', '', '', '59.127.37.46', '2017-11-30 15:37:40'),
(2209, 'guest', 3, 2, 2, '列表', '', '', '211.21.65.1', '2017-11-30 15:37:42'),
(2210, 'guest', 3, 3, 2, '列表', '', '', '211.21.65.1', '2017-11-30 15:37:43'),
(2211, 'guest', 3, 4, 2, '列表', '', '', '211.21.65.1', '2017-11-30 15:37:44'),
(2212, 'guest', 3, 3, 2, '列表', '', '', '211.21.65.1', '2017-11-30 15:37:46'),
(2213, 'guest', 3, 4, 2, '列表', '', '', '211.21.65.1', '2017-11-30 15:37:46'),
(2214, 'guest', 7, 1, 2, '列表', '', '', '211.21.65.1', '2017-11-30 15:38:10'),
(2215, 'guest', 3, 5, 2, '列表', '', '', '211.21.65.1', '2017-11-30 15:38:24'),
(2216, 'guest', 3, 1, 2, '列表', '', '', '211.21.65.1', '2017-11-30 15:38:33'),
(2217, 'guest', 3, 2, 2, '列表', '', '', '211.21.65.1', '2017-11-30 15:38:33'),
(2218, 'guest', 3, 3, 2, '列表', '', '', '211.21.65.1', '2017-11-30 15:38:34'),
(2219, 'guest', 3, 4, 2, '列表', '', '', '211.21.65.1', '2017-11-30 15:38:35'),
(2220, 'guest', 2, 1, 2, '列表', '', '', '211.21.65.1', '2017-11-30 15:38:39'),
(2221, 'guest', 1, 1, 2, '列表', '', '', '211.21.65.1', '2017-11-30 15:38:53'),
(2222, 'guest', 1, 1, 4, 'test id:4', '', '', '211.21.65.1', '2017-11-30 15:39:10'),
(2223, 'guest', 2, 1, 2, '列表', '', '', '211.21.65.1', '2017-11-30 15:39:14'),
(2224, 'guest', 2, 1, 4, 'guestguest', '', '', '211.21.65.1', '2017-11-30 15:40:03'),
(2225, 'guest', 2, 1, 2, '列表', '', '', '211.21.65.1', '2017-11-30 15:40:07'),
(2226, 'guest', 2, 2, 2, '列表', '', '', '211.21.65.1', '2017-11-30 15:40:08'),
(2227, 'guest', 1, 1, 2, '列表', '', '', '211.21.65.1', '2017-11-30 15:40:10'),
(2228, 'guest', 1, 1, 8, 'testtest id:4', '', '', '211.21.65.1', '2017-11-30 15:40:19'),
(2229, 'guest', 2, 1, 2, '列表', '', '', '211.21.65.1', '2017-11-30 15:40:22'),
(2230, 'guest', 2, 1, 8, 'guestguest', '', '', '211.21.65.1', '2017-11-30 15:40:27'),
(2231, 'guestguest', 0, 0, 1, 'admin登入成功', '', '', '211.21.65.1', '2017-11-30 15:40:42'),
(2232, 'guestguest', 3, 5, 2, '列表', '', '', '211.21.65.1', '2017-11-30 15:40:46'),
(2233, 'guestguest', 3, 1, 2, '列表', '', '', '211.21.65.1', '2017-11-30 15:40:47'),
(2234, 'guestguest', 3, 2, 2, '列表', '', '', '211.21.65.1', '2017-11-30 15:40:47'),
(2235, 'guestguest', 3, 3, 2, '列表', '', '', '211.21.65.1', '2017-11-30 15:40:48'),
(2236, 'guestguest', 3, 4, 2, '列表', '', '', '211.21.65.1', '2017-11-30 15:40:49'),
(2237, 'guest', 0, 0, 1, 'admin登入成功', '', '', '211.21.65.1', '2017-11-30 15:41:13'),
(2238, 'admin', 7, 1, 2, '列表', '', '', '59.127.37.46', '2017-11-30 15:42:51'),
(2239, 'admin', 0, 0, 1, 'admin登入成功', '', '', '59.127.37.46', '2017-11-30 15:43:26'),
(2240, 'admin', 7, 1, 2, '列表', '', '', '59.127.37.46', '2017-11-30 15:43:30'),
(2241, 'admin', 4, 1, 2, '列表', '', '', '59.127.37.46', '2017-11-30 15:43:49'),
(2242, 'guest', 6, 1, 2, '列表', '', '', '211.21.65.1', '2017-11-30 15:51:26'),
(2243, 'testtest02', 3, 1, 2, '列表', '', '', '211.21.65.1', '2017-11-30 15:52:47'),
(2244, 'testtest02', 3, 2, 2, '列表', '', '', '211.21.65.1', '2017-11-30 15:52:47'),
(2245, 'admin', 3, 2, 2, '列表', '', '', '59.127.37.46', '2017-11-30 15:55:44'),
(2246, 'admin', 3, 4, 2, '列表', '', '', '59.127.37.46', '2017-11-30 15:55:49'),
(2247, 'testtest02', 3, 2, 2, '列表', '', '', '211.21.65.1', '2017-11-30 15:57:11'),
(2248, 'testtest02', 3, 3, 2, '列表', '', '', '211.21.65.1', '2017-11-30 15:57:15'),
(2249, 'testtest02', 3, 4, 2, '列表', '', '', '211.21.65.1', '2017-11-30 15:57:16'),
(2250, 'testtest02', 7, 1, 2, '列表', '', '', '211.21.65.1', '2017-11-30 15:57:19'),
(2251, 'testtest02', 3, 1, 2, '列表', '', '', '211.21.65.1', '2017-11-30 15:57:27'),
(2252, 'testtest02', 5, 1, 2, '列表', '', '', '211.21.65.1', '2017-11-30 16:38:41'),
(2253, 'testtest02', 10, 1, 2, '列表', '', '', '211.21.65.1', '2017-11-30 16:46:55'),
(2254, 'testtest02', 6, 1, 2, '列表', '', '', '211.21.65.1', '2017-11-30 16:46:57'),
(2255, 'testtest02', 6, 2, 2, '列表', '', '', '211.21.65.1', '2017-11-30 16:46:57'),
(2256, 'testtest02', 11, 1, 2, '列表', '', '', '211.21.65.1', '2017-11-30 16:47:53'),
(2257, 'testtest02', 11, 2, 2, '列表', '', '', '211.21.65.1', '2017-11-30 16:47:54'),
(2258, 'testtest02', 8, 2, 2, '列表', '', '', '211.21.65.1', '2017-11-30 16:47:57'),
(2259, 'testtest02', 8, 1, 2, '列表', '', '', '211.21.65.1', '2017-11-30 16:47:58'),
(2260, 'testtest02', 9, 1, 2, '列表', '', '', '211.21.65.1', '2017-11-30 16:48:01'),
(2261, 'testtest02', 2, 1, 2, '列表', '', '', '211.21.65.1', '2017-11-30 16:48:03'),
(2262, 'testtest02', 2, 2, 2, '列表', '', '', '211.21.65.1', '2017-11-30 16:48:04'),
(2263, 'testtest02', 1, 1, 2, '列表', '', '', '211.21.65.1', '2017-11-30 16:48:08'),
(2264, 'testtest02', 5, 1, 2, '列表', '', '', '211.21.65.1', '2017-11-30 16:48:16'),
(2265, 'testtest02', 5, 2, 2, '列表', '', '', '211.21.65.1', '2017-11-30 16:48:18'),
(2266, 'testtest02', 6, 1, 2, '列表', '', '', '211.21.65.1', '2017-11-30 17:15:10'),
(2267, 'testtest02', 7, 1, 2, '列表', '', '', '211.21.65.1', '2017-11-30 17:15:12'),
(2268, 'testtest02', 3, 2, 2, '列表', '', '', '211.21.65.1', '2017-11-30 17:20:08'),
(2269, 'testtest02', 3, 3, 2, '列表', '', '', '211.21.65.1', '2017-11-30 17:20:45'),
(2270, 'testtest02', 3, 4, 2, '列表', '', '', '211.21.65.1', '2017-11-30 17:20:45'),
(2271, 'testtest02', 5, 1, 2, '列表', '', '', '211.21.65.1', '2017-11-30 17:20:54'),
(2272, 'testtest02', 5, 2, 2, '列表', '', '', '211.21.65.1', '2017-11-30 17:20:55'),
(2273, 'testtest02', 2, 1, 2, '列表', '', '', '211.21.65.1', '2017-11-30 17:21:04'),
(2274, 'testtest02', 2, 2, 2, '列表', '', '', '211.21.65.1', '2017-11-30 17:21:06'),
(2275, 'testtest02', 7, 1, 2, '列表', '', '', '211.21.65.1', '2017-11-30 17:22:46'),
(2276, 'testtest02', 7, 2, 2, '列表', '', '', '211.21.65.1', '2017-11-30 17:22:48'),
(2277, 'testtest02', 7, 3, 2, '列表', '', '', '211.21.65.1', '2017-11-30 17:22:48'),
(2278, 'testtest02', 3, 1, 2, '列表', '', '', '211.21.65.1', '2017-11-30 17:22:50'),
(2279, 'testtest02', 3, 5, 2, '列表', '', '', '211.21.65.1', '2017-11-30 17:22:51'),
(2280, 'testtest02', 3, 2, 2, '列表', '', '', '211.21.65.1', '2017-11-30 17:22:52'),
(2281, 'testtest02', 3, 3, 2, '列表', '', '', '211.21.65.1', '2017-11-30 17:22:53'),
(2282, 'testtest02', 3, 4, 2, '列表', '', '', '211.21.65.1', '2017-11-30 17:22:54'),
(2283, 'testtest02', 3, 4, 8, '不知道什麼test14 id:test14', '', '', '211.21.65.1', '2017-11-30 17:23:40'),
(2284, 'testtest02', 7, 1, 2, '列表', '', '', '211.21.65.1', '2017-11-30 17:32:20'),
(2285, 'testtest02', 10, 1, 2, '列表', '', '', '211.21.65.1', '2017-11-30 17:33:06'),
(2286, 'testtest02', 5, 1, 2, '列表', '', '', '211.21.65.1', '2017-11-30 17:34:05'),
(2287, 'testtest02', 5, 2, 2, '列表', '', '', '211.21.65.1', '2017-11-30 17:34:06'),
(2288, 'testtest02', 4, 1, 2, '列表', '', '', '211.21.65.1', '2017-11-30 17:34:09'),
(2289, 'testtest02', 7, 1, 2, '列表', '', '', '211.21.65.1', '2017-11-30 17:34:10'),
(2290, 'testtest02', 7, 2, 2, '列表', '', '', '211.21.65.1', '2017-11-30 17:34:10'),
(2291, 'testtest02', 7, 3, 2, '列表', '', '', '211.21.65.1', '2017-11-30 17:34:11'),
(2292, 'testtest02', 3, 1, 2, '列表', '', '', '211.21.65.1', '2017-11-30 17:34:12'),
(2293, 'testtest02', 3, 5, 2, '列表', '', '', '211.21.65.1', '2017-11-30 17:34:13'),
(2294, 'testtest02', 3, 2, 2, '列表', '', '', '211.21.65.1', '2017-11-30 17:34:13'),
(2295, 'testtest02', 3, 3, 2, '列表', '', '', '211.21.65.1', '2017-11-30 17:34:14'),
(2296, 'testtest02', 3, 4, 2, '列表', '', '', '211.21.65.1', '2017-11-30 17:34:15'),
(2297, 'testtest02', 6, 1, 2, '列表', '', '', '211.21.65.1', '2017-11-30 17:34:17'),
(2298, 'testtest02', 6, 2, 2, '列表', '', '', '211.21.65.1', '2017-11-30 17:34:18'),
(2299, 'testtest02', 11, 1, 2, '列表', '', '', '211.21.65.1', '2017-11-30 17:34:29'),
(2300, 'guest', 0, 0, 1, 'admin登入成功', '', '', '211.21.65.1', '2017-11-30 18:36:14'),
(2301, 'guest', 9, 1, 2, '列表', '', '', '211.21.65.1', '2017-11-30 18:36:19'),
(2302, 'admin', 0, 0, 1, 'admin登入成功', '', '', '175.182.69.145', '2017-11-30 21:03:56'),
(2303, 'admin', 9, 1, 2, '列表', '', '', '175.182.69.145', '2017-11-30 21:04:07'),
(2304, 'admin', 0, 0, 1, 'admin登入成功', '', '', '120.108.127.29', '2017-12-01 09:20:59'),
(2305, 'guest', 0, 0, 1, 'admin登入成功', '', '', '211.21.65.1', '2017-12-01 11:16:18'),
(2306, 'guest', 0, 0, 1, 'admin登入成功', '', '', '211.21.65.1', '2017-12-01 13:39:35'),
(2307, 'test', 8, 2, 2, '列表', '', '', '211.21.65.1', '2017-12-01 14:11:20'),
(2308, 'test', 8, 1, 2, '列表', '', '', '211.21.65.1', '2017-12-01 14:11:21'),
(2309, 'test', 11, 1, 2, '列表', '', '', '211.21.65.1', '2017-12-01 14:46:56'),
(2310, 'test', 11, 2, 2, '列表', '', '', '211.21.65.1', '2017-12-01 14:47:03'),
(2311, 'test', 11, 1, 2, '列表', '', '', '211.21.65.1', '2017-12-01 14:47:06'),
(2312, 'test', 3, 2, 2, '列表', '', '', '211.21.65.1', '2017-12-01 16:05:25'),
(2313, 'test', 3, 4, 2, '列表', '', '', '211.21.65.1', '2017-12-01 16:05:28'),
(2314, 'test', 7, 1, 2, '列表', '', '', '211.21.65.1', '2017-12-01 16:14:25'),
(2315, 'test', 7, 3, 2, '列表', '', '', '211.21.65.1', '2017-12-01 16:14:27'),
(2316, 'test', 7, 2, 2, '列表', '', '', '211.21.65.1', '2017-12-01 16:14:29'),
(2317, 'test', 7, 1, 2, '列表', '', '', '211.21.65.1', '2017-12-01 16:14:30'),
(2318, 'test', 7, 1, 2, '列表', '', '', '211.21.65.1', '2017-12-01 16:43:59'),
(2319, 'test', 11, 1, 2, '列表', '', '', '211.21.65.1', '2017-12-01 17:12:41'),
(2320, 'test', 11, 2, 2, '列表', '', '', '211.21.65.1', '2017-12-01 17:12:42'),
(2321, 'test', 6, 1, 2, '列表', '', '', '211.21.65.1', '2017-12-01 17:12:48'),
(2322, 'test', 6, 2, 2, '列表', '', '', '211.21.65.1', '2017-12-01 17:12:49'),
(2323, 'test', 4, 1, 2, '列表', '', '', '211.21.65.1', '2017-12-01 17:12:51'),
(2324, 'test', 7, 1, 2, '列表', '', '', '211.21.65.1', '2017-12-01 17:12:53'),
(2325, 'test', 7, 2, 2, '列表', '', '', '211.21.65.1', '2017-12-01 17:12:53'),
(2326, 'test', 7, 3, 2, '列表', '', '', '211.21.65.1', '2017-12-01 17:12:54'),
(2327, 'test', 5, 1, 2, '列表', '', '', '211.21.65.1', '2017-12-01 17:12:56'),
(2328, 'test', 5, 2, 2, '列表', '', '', '211.21.65.1', '2017-12-01 17:12:57'),
(2329, 'test', 4, 1, 2, '列表', '', '', '211.21.65.1', '2017-12-01 17:13:00'),
(2330, 'test', 10, 1, 2, '列表', '', '', '211.21.65.1', '2017-12-01 17:13:01'),
(2331, 'test', 6, 1, 2, '列表', '', '', '211.21.65.1', '2017-12-01 17:13:03'),
(2332, 'test', 6, 2, 2, '列表', '', '', '211.21.65.1', '2017-12-01 17:13:03'),
(2333, 'test', 11, 1, 2, '列表', '', '', '211.21.65.1', '2017-12-01 17:13:08'),
(2334, 'test', 11, 2, 2, '列表', '', '', '211.21.65.1', '2017-12-01 17:13:09'),
(2335, 'test', 8, 2, 2, '列表', '', '', '211.21.65.1', '2017-12-01 17:13:30'),
(2336, 'test', 8, 1, 2, '列表', '', '', '211.21.65.1', '2017-12-01 17:13:31'),
(2337, 'test', 9, 1, 2, '列表', '', '', '211.21.65.1', '2017-12-01 17:13:33'),
(2338, 'test', 2, 1, 2, '列表', '', '', '211.21.65.1', '2017-12-01 17:13:35'),
(2339, 'test', 2, 2, 2, '列表', '', '', '211.21.65.1', '2017-12-01 17:13:36'),
(2340, 'test', 1, 1, 2, '列表', '', '', '211.21.65.1', '2017-12-01 17:13:38'),
(2341, 'test', 10, 2, 2, '列表', '', '', '211.21.65.1', '2017-12-01 17:13:41'),
(2342, 'test', 10, 1, 2, '列表', '', '', '211.21.65.1', '2017-12-01 17:13:42'),
(2343, 'test', 7, 1, 2, '列表', '', '', '211.21.65.1', '2017-12-01 17:13:45'),
(2344, 'test', 3, 1, 2, '列表', '', '', '211.21.65.1', '2017-12-01 17:14:57'),
(2345, 'test', 3, 5, 2, '列表', '', '', '211.21.65.1', '2017-12-01 17:14:58'),
(2346, 'test', 3, 2, 2, '列表', '', '', '211.21.65.1', '2017-12-01 17:14:59'),
(2347, 'test', 3, 3, 2, '列表', '', '', '211.21.65.1', '2017-12-01 17:15:00'),
(2348, 'test', 3, 4, 2, '列表', '', '', '211.21.65.1', '2017-12-01 17:15:01'),
(2349, 'test', 7, 1, 2, '列表', '', '', '211.21.65.1', '2017-12-01 17:15:02'),
(2350, 'test', 7, 2, 2, '列表', '', '', '211.21.65.1', '2017-12-01 17:15:04'),
(2351, 'test', 7, 3, 2, '列表', '', '', '211.21.65.1', '2017-12-01 17:15:05'),
(2352, 'test', 4, 1, 2, '列表', '', '', '211.21.65.1', '2017-12-01 17:15:06'),
(2353, 'test', 10, 1, 2, '列表', '', '', '211.21.65.1', '2017-12-01 17:15:08'),
(2354, 'test', 6, 1, 2, '列表', '', '', '211.21.65.1', '2017-12-01 17:15:10'),
(2355, 'test', 6, 2, 2, '列表', '', '', '211.21.65.1', '2017-12-01 17:15:11'),
(2356, 'test', 11, 1, 2, '列表', '', '', '211.21.65.1', '2017-12-01 17:15:12'),
(2357, 'test', 11, 2, 2, '列表', '', '', '211.21.65.1', '2017-12-01 17:15:13'),
(2358, 'test', 8, 2, 2, '列表', '', '', '211.21.65.1', '2017-12-01 17:15:15'),
(2359, 'test', 8, 1, 2, '列表', '', '', '211.21.65.1', '2017-12-01 17:15:16'),
(2360, 'test', 9, 1, 2, '列表', '', '', '211.21.65.1', '2017-12-01 17:15:21'),
(2361, 'test', 2, 1, 2, '列表', '', '', '211.21.65.1', '2017-12-01 17:15:23'),
(2362, 'test', 2, 2, 2, '列表', '', '', '211.21.65.1', '2017-12-01 17:15:24'),
(2363, 'test', 1, 1, 2, '列表', '', '', '211.21.65.1', '2017-12-01 17:15:28'),
(2364, 'test', 10, 2, 2, '列表', '', '', '211.21.65.1', '2017-12-01 17:15:30'),
(2365, 'test', 10, 1, 2, '列表', '', '', '211.21.65.1', '2017-12-01 17:15:31'),
(2366, 'test', 3, 1, 2, '列表', '', '', '211.21.65.1', '2017-12-01 17:15:59'),
(2367, 'test', 3, 2, 2, '列表', '', '', '211.21.65.1', '2017-12-01 17:16:00'),
(2368, 'test', 3, 3, 2, '列表', '', '', '211.21.65.1', '2017-12-01 17:16:00'),
(2369, 'test', 3, 4, 2, '列表', '', '', '211.21.65.1', '2017-12-01 17:16:01'),
(2370, 'test', 7, 1, 2, '列表', '', '', '211.21.65.1', '2017-12-01 17:16:02'),
(2371, 'test', 7, 2, 2, '列表', '', '', '211.21.65.1', '2017-12-01 17:16:03'),
(2372, 'test', 7, 3, 2, '列表', '', '', '211.21.65.1', '2017-12-01 17:16:04'),
(2373, 'test', 4, 1, 2, '列表', '', '', '211.21.65.1', '2017-12-01 17:16:06'),
(2374, 'test', 5, 1, 2, '列表', '', '', '211.21.65.1', '2017-12-01 17:16:08'),
(2375, 'test', 5, 2, 2, '列表', '', '', '211.21.65.1', '2017-12-01 17:16:09'),
(2376, 'test', 7, 1, 2, '列表', '', '', '211.21.65.1', '2017-12-01 17:16:37'),
(2377, 'test', 7, 2, 2, '列表', '', '', '211.21.65.1', '2017-12-01 17:16:38'),
(2378, 'test', 7, 3, 2, '列表', '', '', '211.21.65.1', '2017-12-01 17:16:39'),
(2379, 'test', 4, 1, 2, '列表', '', '', '211.21.65.1', '2017-12-01 17:16:41'),
(2380, 'test', 10, 1, 2, '列表', '', '', '211.21.65.1', '2017-12-01 17:16:43'),
(2381, 'test', 6, 1, 2, '列表', '', '', '211.21.65.1', '2017-12-01 17:16:45'),
(2382, 'test', 6, 2, 2, '列表', '', '', '211.21.65.1', '2017-12-01 17:16:46'),
(2383, 'test', 11, 1, 2, '列表', '', '', '211.21.65.1', '2017-12-01 17:16:48'),
(2384, 'test', 8, 2, 2, '列表', '', '', '211.21.65.1', '2017-12-01 17:18:38'),
(2385, 'test', 8, 1, 2, '列表', '', '', '211.21.65.1', '2017-12-01 17:18:53'),
(2386, 'test', 9, 1, 2, '列表', '', '', '211.21.65.1', '2017-12-01 17:18:55'),
(2387, 'test', 2, 1, 2, '列表', '', '', '211.21.65.1', '2017-12-01 17:19:00'),
(2388, 'test', 2, 2, 2, '列表', '', '', '211.21.65.1', '2017-12-01 17:19:01'),
(2389, 'test', 2, 1, 2, '列表', '', '', '211.21.65.1', '2017-12-01 17:19:02'),
(2390, 'test', 1, 1, 2, '列表', '', '', '211.21.65.1', '2017-12-01 17:19:08'),
(2391, 'test', 10, 2, 2, '列表', '', '', '211.21.65.1', '2017-12-01 17:19:10'),
(2392, 'test', 10, 1, 2, '列表', '', '', '211.21.65.1', '2017-12-01 17:19:11'),
(2393, 'test', 6, 1, 2, '列表', '', '', '211.21.65.1', '2017-12-01 17:19:13'),
(2394, 'test', 6, 2, 2, '列表', '', '', '211.21.65.1', '2017-12-01 17:19:14'),
(2395, 'test', 10, 1, 2, '列表', '', '', '211.21.65.1', '2017-12-01 17:19:16'),
(2396, 'test', 5, 1, 2, '列表', '', '', '211.21.65.1', '2017-12-01 17:19:18'),
(2397, 'test', 5, 2, 2, '列表', '', '', '211.21.65.1', '2017-12-01 17:19:19'),
(2398, 'test', 4, 1, 2, '列表', '', '', '211.21.65.1', '2017-12-01 17:19:21'),
(2399, 'test', 7, 1, 2, '列表', '', '', '211.21.65.1', '2017-12-01 17:19:43'),
(2400, 'test', 6, 1, 2, '列表', '', '', '211.21.65.1', '2017-12-01 17:25:45'),
(2401, 'test', 6, 2, 2, '列表', '', '', '211.21.65.1', '2017-12-01 17:25:47'),
(2402, 'test', 11, 1, 2, '列表', '', '', '211.21.65.1', '2017-12-01 17:25:50'),
(2403, 'test', 8, 2, 2, '列表', '', '', '211.21.65.1', '2017-12-01 17:26:11'),
(2404, 'test', 8, 1, 2, '列表', '', '', '211.21.65.1', '2017-12-01 17:26:12'),
(2405, 'test', 9, 1, 2, '列表', '', '', '211.21.65.1', '2017-12-01 17:26:14'),
(2406, 'test', 2, 1, 2, '列表', '', '', '211.21.65.1', '2017-12-01 17:26:15'),
(2407, 'test', 2, 2, 2, '列表', '', '', '211.21.65.1', '2017-12-01 17:26:16'),
(2408, 'test', 1, 1, 2, '列表', '', '', '211.21.65.1', '2017-12-01 17:26:21'),
(2409, 'test', 11, 1, 2, '列表', '', '', '211.21.65.1', '2017-12-01 17:26:23'),
(2410, 'test', 11, 2, 2, '列表', '', '', '211.21.65.1', '2017-12-01 17:26:24'),
(2411, 'test', 6, 1, 2, '列表', '', '', '211.21.65.1', '2017-12-01 17:26:25'),
(2412, 'test', 6, 2, 2, '列表', '', '', '211.21.65.1', '2017-12-01 17:26:26'),
(2413, 'test', 10, 1, 2, '列表', '', '', '211.21.65.1', '2017-12-01 17:26:28'),
(2414, 'test', 5, 1, 2, '列表', '', '', '211.21.65.1', '2017-12-01 17:26:30'),
(2415, 'test', 5, 2, 2, '列表', '', '', '211.21.65.1', '2017-12-01 17:26:31'),
(2416, 'test', 4, 1, 2, '列表', '', '', '211.21.65.1', '2017-12-01 17:26:33'),
(2417, 'test', 7, 1, 2, '列表', '', '', '211.21.65.1', '2017-12-01 17:26:50'),
(2418, 'test', 7, 2, 2, '列表', '', '', '211.21.65.1', '2017-12-01 17:26:50'),
(2419, 'test', 7, 3, 2, '列表', '', '', '211.21.65.1', '2017-12-01 17:26:51'),
(2420, 'test', 3, 1, 2, '列表', '', '', '211.21.65.1', '2017-12-01 17:26:59'),
(2421, 'test', 3, 5, 2, '列表', '', '', '211.21.65.1', '2017-12-01 17:27:00'),
(2422, 'test', 3, 2, 2, '列表', '', '', '211.21.65.1', '2017-12-01 17:27:01'),
(2423, 'test', 3, 3, 2, '列表', '', '', '211.21.65.1', '2017-12-01 17:27:01'),
(2424, 'test', 3, 4, 2, '列表', '', '', '211.21.65.1', '2017-12-01 17:27:02'),
(2425, 'test', 5, 1, 2, '列表', '', '', '211.21.65.1', '2017-12-01 17:27:06'),
(2426, 'test', 6, 1, 2, '列表', '', '', '211.21.65.1', '2017-12-01 17:27:08'),
(2427, 'test', 10, 1, 2, '列表', '', '', '211.21.65.1', '2017-12-01 17:54:05'),
(2428, 'test', 7, 1, 2, '列表', '', '', '211.21.65.1', '2017-12-01 17:54:07'),
(2429, 'test', 4, 1, 2, '列表', '', '', '211.21.65.1', '2017-12-01 17:58:51'),
(2430, 'guest', 0, 0, 1, 'admin登入成功', '', '', '211.21.65.1', '2017-12-01 18:02:29'),
(2431, 'guest', 2, 2, 2, '列表', '', '', '211.21.65.1', '2017-12-01 18:02:55'),
(2432, 'guest', 2, 1, 2, '列表', '', '', '211.21.65.1', '2017-12-01 18:03:29'),
(2433, 'guest', 2, 2, 2, '列表', '', '', '211.21.65.1', '2017-12-01 18:03:32'),
(2434, 'guest', 2, 1, 2, '列表', '', '', '211.21.65.1', '2017-12-01 18:04:19'),
(2435, 'guest', 1, 1, 2, '列表', '', '', '211.21.65.1', '2017-12-01 18:04:22'),
(2436, 'guest', 2, 2, 2, '列表', '', '', '211.21.65.1', '2017-12-01 18:04:31'),
(2437, 'test', 2, 2, 2, '列表', '', '', '211.21.65.1', '2017-12-01 18:05:06'),
(2438, 'test', 11, 1, 2, '列表', '', '', '211.21.65.1', '2017-12-01 18:07:26'),
(2439, 'test', 11, 2, 2, '列表', '', '', '211.21.65.1', '2017-12-01 18:07:33'),
(2440, 'test', 11, 1, 2, '列表', '', '', '211.21.65.1', '2017-12-01 18:07:35'),
(2441, 'admin', 0, 0, 1, 'admin登入成功', '', '', '59.127.37.46', '2017-12-02 15:14:54'),
(2442, 'admin', 3, 4, 2, '列表', '', '', '59.127.37.46', '2017-12-02 15:16:24'),
(2443, 'admin', 7, 1, 2, '列表', '', '', '59.127.37.46', '2017-12-02 15:37:54'),
(2444, 'guest', 0, 0, 1, 'admin登入成功', '', '', '211.21.65.1', '2017-12-04 11:02:43'),
(2445, 'test', 7, 1, 2, '列表', '', '', '211.21.65.1', '2017-12-04 11:03:25'),
(2446, 'test', 7, 2, 2, '列表', '', '', '211.21.65.1', '2017-12-04 11:03:38'),
(2447, 'test', 7, 3, 2, '列表', '', '', '211.21.65.1', '2017-12-04 11:03:39'),
(2448, 'test', 5, 1, 2, '列表', '', '', '211.21.65.1', '2017-12-04 11:03:42'),
(2449, 'test', 6, 1, 2, '列表', '', '', '211.21.65.1', '2017-12-04 11:03:44'),
(2450, 'test', 6, 2, 2, '列表', '', '', '211.21.65.1', '2017-12-04 11:03:48'),
(2451, 'test', 11, 1, 2, '列表', '', '', '211.21.65.1', '2017-12-04 11:03:50'),
(2452, 'test', 11, 2, 2, '列表', '', '', '211.21.65.1', '2017-12-04 11:03:51'),
(2453, 'test', 8, 2, 2, '列表', '', '', '211.21.65.1', '2017-12-04 11:03:54'),
(2454, 'test', 8, 1, 2, '列表', '', '', '211.21.65.1', '2017-12-04 11:03:55'),
(2455, 'test', 4, 1, 2, '列表', '', '', '211.21.65.1', '2017-12-04 11:47:26'),
(2456, 'test', 6, 1, 2, '列表', '', '', '211.21.65.1', '2017-12-04 11:47:36'),
(2457, 'test', 6, 2, 2, '列表', '', '', '211.21.65.1', '2017-12-04 11:47:37'),
(2458, 'test', 11, 1, 2, '列表', '', '', '211.21.65.1', '2017-12-04 11:47:39'),
(2459, 'test', 11, 2, 2, '列表', '', '', '211.21.65.1', '2017-12-04 11:47:40'),
(2460, 'test', 8, 2, 2, '列表', '', '', '211.21.65.1', '2017-12-04 11:47:41'),
(2461, 'test', 8, 1, 2, '列表', '', '', '211.21.65.1', '2017-12-04 11:47:42'),
(2462, 'test', 9, 1, 2, '列表', '', '', '211.21.65.1', '2017-12-04 11:47:44'),
(2463, 'test', 2, 1, 2, '列表', '', '', '211.21.65.1', '2017-12-04 11:47:46'),
(2464, 'test', 2, 2, 2, '列表', '', '', '211.21.65.1', '2017-12-04 11:47:47'),
(2465, 'test', 1, 1, 2, '列表', '', '', '211.21.65.1', '2017-12-04 11:47:49'),
(2466, 'test', 10, 2, 2, '列表', '', '', '211.21.65.1', '2017-12-04 11:47:50'),
(2467, 'test', 10, 1, 2, '列表', '', '', '211.21.65.1', '2017-12-04 11:47:51'),
(2468, 'test', 6, 1, 2, '列表', '', '', '211.21.65.1', '2017-12-04 11:49:35'),
(2469, 'test', 6, 2, 2, '列表', '', '', '211.21.65.1', '2017-12-04 11:49:37'),
(2470, 'test', 11, 1, 2, '列表', '', '', '211.21.65.1', '2017-12-04 11:49:40'),
(2471, 'test', 11, 2, 2, '列表', '', '', '211.21.65.1', '2017-12-04 11:49:41'),
(2472, 'guest', 0, 0, 1, 'admin登入成功', '', '', '211.21.65.1', '2017-12-04 14:37:59'),
(2473, 'guest', 5, 2, 2, '列表', '', '', '211.21.65.1', '2017-12-04 14:38:10'),
(2474, 'guest', 5, 2, 8, '下班拉～～ id:4', '', '', '211.21.65.1', '2017-12-04 14:38:24'),
(2475, 'guest', 3, 1, 2, '列表', '', '', '211.21.65.1', '2017-12-04 14:42:38'),
(2476, 'guest', 3, 2, 2, '列表', '', '', '211.21.65.1', '2017-12-04 14:49:02'),
(2477, 'guest', 0, 0, 1, 'admin登入成功', '', '', '211.21.65.1', '2017-12-04 16:00:40'),
(2478, 'guest', 5, 1, 2, '列表', '', '', '211.21.65.1', '2017-12-04 16:00:47'),
(2479, 'guest', 5, 2, 2, '列表', '', '', '211.21.65.1', '2017-12-04 16:00:49'),
(2480, 'guest', 5, 2, 8, '下班拉～～ id:4', '', '', '211.21.65.1', '2017-12-04 16:01:02'),
(2481, 'guest', 3, 2, 2, '列表', '', '', '211.21.65.1', '2017-12-04 16:08:09'),
(2482, 'guest', 0, 0, 1, 'admin登入成功', '', '', '211.21.65.1', '2017-12-04 17:06:13'),
(2483, 'guest', 4, 1, 2, '列表', '', '', '211.21.65.1', '2017-12-04 17:06:17'),
(2484, 'guest', 10, 1, 2, '列表', '', '', '211.21.65.1', '2017-12-04 17:06:25'),
(2485, 'guest', 6, 1, 2, '列表', '', '', '211.21.65.1', '2017-12-04 17:06:26'),
(2486, 'guest', 6, 2, 2, '列表', '', '', '211.21.65.1', '2017-12-04 17:06:28'),
(2487, 'guest', 11, 1, 2, '列表', '', '', '211.21.65.1', '2017-12-04 17:06:29'),
(2488, 'guest', 11, 2, 2, '列表', '', '', '211.21.65.1', '2017-12-04 17:06:30'),
(2489, 'guest', 8, 2, 2, '列表', '', '', '211.21.65.1', '2017-12-04 17:06:38'),
(2490, 'guest', 9, 1, 2, '列表', '', '', '211.21.65.1', '2017-12-04 17:06:40'),
(2491, 'guest', 8, 1, 2, '列表', '', '', '211.21.65.1', '2017-12-04 17:06:43'),
(2492, 'guest', 6, 1, 2, '列表', '', '', '211.21.65.1', '2017-12-04 17:08:49'),
(2493, 'guest', 6, 2, 2, '列表', '', '', '211.21.65.1', '2017-12-04 17:08:50'),
(2494, 'guest', 4, 1, 2, '列表', '', '', '211.21.65.1', '2017-12-04 17:08:53'),
(2495, 'guest', 8, 2, 2, '列表', '', '', '211.21.65.1', '2017-12-04 17:09:35'),
(2496, 'guest', 9, 1, 2, '列表', '', '', '211.21.65.1', '2017-12-04 17:09:37'),
(2497, 'guest', 6, 2, 2, '列表', '', '', '211.21.65.1', '2017-12-04 17:09:40'),
(2498, 'guest', 7, 1, 2, '列表', '', '', '211.21.65.1', '2017-12-04 17:09:49'),
(2499, 'test', 6, 1, 2, '列表', '', '', '211.21.65.1', '2017-12-04 18:21:43'),
(2500, 'test', 6, 2, 2, '列表', '', '', '211.21.65.1', '2017-12-04 18:21:44'),
(2501, 'test', 11, 1, 2, '列表', '', '', '211.21.65.1', '2017-12-04 18:22:00'),
(2502, 'test', 11, 2, 2, '列表', '', '', '211.21.65.1', '2017-12-04 18:22:01'),
(2503, 'test', 8, 2, 2, '列表', '', '', '211.21.65.1', '2017-12-04 18:22:03'),
(2504, 'test', 8, 1, 2, '列表', '', '', '211.21.65.1', '2017-12-04 18:22:04'),
(2505, 'test', 9, 1, 2, '列表', '', '', '211.21.65.1', '2017-12-04 18:22:07'),
(2506, 'test', 2, 1, 2, '列表', '', '', '211.21.65.1', '2017-12-04 18:22:09'),
(2507, 'test', 2, 2, 2, '列表', '', '', '211.21.65.1', '2017-12-04 18:22:09'),
(2508, 'test', 11, 1, 2, '列表', '', '', '211.21.65.1', '2017-12-04 18:22:12'),
(2509, 'test', 11, 2, 2, '列表', '', '', '211.21.65.1', '2017-12-04 18:22:13'),
(2510, 'test', 6, 1, 2, '列表', '', '', '211.21.65.1', '2017-12-04 18:22:15'),
(2511, 'test', 6, 2, 2, '列表', '', '', '211.21.65.1', '2017-12-04 18:22:16'),
(2512, 'test', 10, 1, 2, '列表', '', '', '211.21.65.1', '2017-12-04 18:22:19'),
(2513, 'test', 5, 1, 2, '列表', '', '', '211.21.65.1', '2017-12-04 18:22:21'),
(2514, 'test', 5, 2, 2, '列表', '', '', '211.21.65.1', '2017-12-04 18:22:22'),
(2515, 'test', 4, 1, 2, '列表', '', '', '211.21.65.1', '2017-12-04 18:22:25'),
(2516, 'test', 10, 1, 2, '列表', '', '', '211.21.65.1', '2017-12-04 18:29:31'),
(2517, 'test', 5, 1, 2, '列表', '', '', '211.21.65.1', '2017-12-04 18:29:34'),
(2518, 'test', 5, 2, 2, '列表', '', '', '211.21.65.1', '2017-12-04 18:29:35'),
(2519, 'test', 3, 1, 2, '列表', '', '', '211.21.65.1', '2017-12-04 18:29:39'),
(2520, 'test', 3, 2, 2, '列表', '', '', '211.21.65.1', '2017-12-04 18:29:40'),
(2521, 'test', 3, 3, 2, '列表', '', '', '211.21.65.1', '2017-12-04 18:29:43'),
(2522, 'test', 3, 4, 2, '列表', '', '', '211.21.65.1', '2017-12-04 18:29:43'),
(2523, 'guest', 0, 0, 1, 'admin登入成功', '', '', '211.21.65.1', '2017-12-05 10:49:06'),
(2524, 'test', 8, 2, 2, '列表', '', '', '211.21.65.1', '2017-12-05 11:16:12'),
(2525, 'test', 8, 1, 2, '列表', '', '', '211.21.65.1', '2017-12-05 11:16:13'),
(2526, 'admin', 0, 0, 1, 'admin登入成功', '', '', '120.108.127.29', '2017-12-05 13:25:07'),
(2527, 'admin', 8, 2, 2, '列表', '', '', '120.108.127.29', '2017-12-05 13:25:30'),
(2528, 'admin', 8, 1, 2, '列表', '', '', '120.108.127.29', '2017-12-05 13:25:42'),
(2529, 'admin', 3, 1, 2, '列表', '', '', '120.108.127.29', '2017-12-05 13:26:23'),
(2530, 'admin', 3, 2, 2, '列表', '', '', '120.108.127.29', '2017-12-05 13:26:24'),
(2531, 'admin', 3, 4, 2, '列表', '', '', '120.108.127.29', '2017-12-05 13:26:32'),
(2532, 'guest', 0, 0, 1, 'admin登入成功', '', '', '211.21.65.1', '2017-12-05 14:43:07'),
(2533, 'guest', 5, 2, 2, '列表', '', '', '211.21.65.1', '2017-12-05 14:43:15'),
(2534, 'guest', 3, 2, 2, '列表', '', '', '211.21.65.1', '2017-12-05 14:45:10'),
(2535, 'guest', 0, 0, 1, 'admin登入成功', '', '', '211.21.65.1', '2017-12-05 16:49:02'),
(2536, 'guest', 4, 1, 2, '列表', '', '', '211.21.65.1', '2017-12-05 16:49:09'),
(2537, 'admin', 0, 0, 1, 'admin登入成功', '', '', '122.116.150.119', '2017-12-06 14:17:56'),
(2538, 'admin', 3, 1, 2, '列表', '', '', '122.116.150.119', '2017-12-06 14:18:04'),
(2539, 'admin', 3, 5, 2, '列表', '', '', '122.116.150.119', '2017-12-06 14:18:08'),
(2540, 'admin', 3, 2, 2, '列表', '', '', '122.116.150.119', '2017-12-06 14:18:09'),
(2541, 'admin', 3, 2, 8, 'testtesttest id:testtest02', '', '', '122.116.150.119', '2017-12-06 14:18:30'),
(2542, 'admin', 0, 0, 1, 'admin登入失敗-帳密不正確', '', '', '122.116.150.119', '2017-12-06 14:27:09'),
(2543, 'admin', 0, 0, 1, 'admin登入成功', '', '', '122.116.150.119', '2017-12-06 14:27:36'),
(2544, 'admin', 0, 0, 1, 'admin登入成功', '', '', '122.116.150.119', '2017-12-06 14:30:23'),
(2545, 'test', 5, 1, 2, '列表', '', '', '122.116.150.119', '2017-12-06 15:47:08'),
(2546, 'test', 5, 3, 8, 'id:1,2,3,4,5,6,7,8,9,10,11', '', '', '122.116.150.119', '2017-12-06 15:47:42'),
(2547, 'test', 5, 1, 2, '列表', '', '', '122.116.150.119', '2017-12-06 15:50:12'),
(2548, 'test', 5, 1, 8, '關於我們 id:1', '', '', '122.116.150.119', '2017-12-06 15:50:25'),
(2549, 'test', 5, 1, 2, '列表', '', '', '122.116.150.119', '2017-12-06 15:50:45'),
(2550, 'test', 5, 2, 2, '列表', '', '', '122.116.150.119', '2017-12-06 15:50:58'),
(2551, 'test', 5, 2, 4, '珍菌堂 id:6', '', '', '122.116.150.119', '2017-12-06 15:57:02'),
(2552, 'test', 5, 2, 2, '列表', '', '', '122.116.150.119', '2017-12-06 16:17:04'),
(2553, 'test', 5, 1, 2, '列表', '', '', '122.116.150.119', '2017-12-06 16:17:18'),
(2554, 'test', 5, 2, 2, '列表', '', '', '122.116.150.119', '2017-12-06 16:21:03'),
(2555, 'test', 5, 1, 2, '列表', '', '', '122.116.150.119', '2017-12-06 16:22:01'),
(2556, 'test', 10, 1, 2, '列表', '', '', '122.116.150.119', '2017-12-06 17:07:47'),
(2557, 'test', 6, 1, 2, '列表', '', '', '122.116.150.119', '2017-12-06 17:08:00'),
(2558, 'test', 6, 2, 2, '列表', '', '', '122.116.150.119', '2017-12-06 17:08:04'),
(2559, 'test', 10, 1, 2, '列表', '', '', '122.116.150.119', '2017-12-06 17:08:43'),
(2560, 'test', 3, 1, 2, '列表', '', '', '122.116.150.119', '2017-12-06 17:08:56'),
(2561, 'test', 3, 5, 2, '列表', '', '', '122.116.150.119', '2017-12-06 17:08:58'),
(2562, 'test', 3, 2, 2, '列表', '', '', '122.116.150.119', '2017-12-06 17:08:58'),
(2563, 'test', 3, 3, 2, '列表', '', '', '122.116.150.119', '2017-12-06 17:08:58'),
(2564, 'test', 3, 4, 2, '列表', '', '', '122.116.150.119', '2017-12-06 17:08:58'),
(2565, 'test', 3, 1, 2, '列表', '', '', '122.116.150.119', '2017-12-06 17:08:59'),
(2566, 'test', 3, 5, 2, '列表', '', '', '122.116.150.119', '2017-12-06 17:09:02'),
(2567, 'test', 3, 2, 2, '列表', '', '', '122.116.150.119', '2017-12-06 17:09:10'),
(2568, 'test', 3, 3, 2, '列表', '', '', '122.116.150.119', '2017-12-06 17:09:12'),
(2569, 'test', 3, 4, 2, '列表', '', '', '122.116.150.119', '2017-12-06 17:09:15'),
(2570, 'test', 7, 1, 2, '列表', '', '', '122.116.150.119', '2017-12-06 17:09:23'),
(2571, 'test', 1, 1, 2, '列表', '', '', '122.116.150.119', '2017-12-06 17:28:37');
INSERT INTO `managerlogs` (`no`, `account`, `main_key`, `fun_key`, `action`, `descript`, `table`, `data`, `ip`, `addtime`) VALUES
(2572, 'test', 2, 1, 2, '列表', '', '', '122.116.150.119', '2017-12-06 17:28:42'),
(2573, 'test', 9, 1, 2, '列表', '', '', '122.116.150.119', '2017-12-06 17:29:04'),
(2574, 'test', 7, 1, 2, '列表', '', '', '122.116.150.119', '2017-12-06 17:29:31'),
(2575, 'test', 7, 2, 2, '列表', '', '', '122.116.150.119', '2017-12-06 17:29:33'),
(2576, 'test', 4, 1, 2, '列表', '', '', '122.116.150.119', '2017-12-06 17:29:40'),
(2577, 'test', 5, 1, 2, '列表', '', '', '122.116.150.119', '2017-12-07 10:46:01'),
(2578, 'test', 4, 1, 2, '列表', '', '', '122.116.150.119', '2017-12-07 10:46:12'),
(2579, 'test', 10, 1, 2, '列表', '', '', '122.116.150.119', '2017-12-07 10:46:40'),
(2580, 'guest', 0, 0, 1, 'admin登入成功', '', '', '211.21.65.1', '2017-12-07 11:03:21'),
(2581, 'guest', 4, 1, 2, '列表', '', '', '211.21.65.1', '2017-12-07 11:03:32'),
(2582, 'test', 10, 2, 2, '列表', '', '', '122.116.150.119', '2017-12-07 11:08:43'),
(2583, 'test', 10, 2, 8, '其他問題 id:4', '', '', '122.116.150.119', '2017-12-07 11:08:57'),
(2584, 'guest', 11, 1, 2, '列表', '', '', '211.21.65.1', '2017-12-07 11:12:32'),
(2585, 'guest', 11, 2, 2, '列表', '', '', '211.21.65.1', '2017-12-07 11:12:35'),
(2586, 'guest', 8, 2, 2, '列表', '', '', '211.21.65.1', '2017-12-07 11:12:37'),
(2587, 'guest', 8, 1, 2, '列表', '', '', '211.21.65.1', '2017-12-07 11:12:38'),
(2588, 'guest', 9, 1, 2, '列表', '', '', '211.21.65.1', '2017-12-07 11:12:40'),
(2589, 'guest', 1, 1, 2, '列表', '', '', '211.21.65.1', '2017-12-07 11:12:42'),
(2590, 'guest', 10, 2, 2, '列表', '', '', '211.21.65.1', '2017-12-07 11:12:44'),
(2591, 'guest', 10, 1, 2, '列表', '', '', '211.21.65.1', '2017-12-07 11:12:46'),
(2592, 'guest', 4, 1, 2, '列表', '', '', '211.21.65.1', '2017-12-07 11:12:48'),
(2593, 'guest', 5, 1, 2, '列表', '', '', '211.21.65.1', '2017-12-07 11:12:50'),
(2594, 'guest', 5, 2, 2, '列表', '', '', '211.21.65.1', '2017-12-07 11:12:51'),
(2595, 'guest', 7, 1, 2, '列表', '', '', '211.21.65.1', '2017-12-07 11:12:54'),
(2596, 'guest', 7, 2, 2, '列表', '', '', '211.21.65.1', '2017-12-07 11:12:54'),
(2597, 'guest', 7, 3, 2, '列表', '', '', '211.21.65.1', '2017-12-07 11:12:55'),
(2598, 'guest', 3, 1, 2, '列表', '', '', '211.21.65.1', '2017-12-07 11:12:57'),
(2599, 'guest', 3, 5, 2, '列表', '', '', '211.21.65.1', '2017-12-07 11:12:58'),
(2600, 'guest', 3, 2, 2, '列表', '', '', '211.21.65.1', '2017-12-07 11:12:59'),
(2601, 'guest', 3, 3, 2, '列表', '', '', '211.21.65.1', '2017-12-07 11:13:00'),
(2602, 'guest', 3, 2, 2, '列表', '', '', '211.21.65.1', '2017-12-07 11:13:01'),
(2603, 'guest', 3, 3, 2, '列表', '', '', '211.21.65.1', '2017-12-07 11:13:05'),
(2604, 'guest', 3, 5, 2, '列表', '', '', '211.21.65.1', '2017-12-07 11:13:06'),
(2605, 'guest', 3, 4, 2, '列表', '', '', '211.21.65.1', '2017-12-07 11:13:09'),
(2606, 'guest', 3, 3, 2, '列表', '', '', '211.21.65.1', '2017-12-07 11:13:10'),
(2607, 'guest', 3, 2, 2, '列表', '', '', '211.21.65.1', '2017-12-07 11:13:11'),
(2608, 'guest', 3, 1, 2, '列表', '', '', '211.21.65.1', '2017-12-07 11:13:25'),
(2609, 'guest', 3, 5, 2, '列表', '', '', '211.21.65.1', '2017-12-07 11:13:26'),
(2610, 'guest', 3, 2, 2, '列表', '', '', '211.21.65.1', '2017-12-07 11:13:27'),
(2611, 'guest', 3, 3, 2, '列表', '', '', '211.21.65.1', '2017-12-07 11:13:27'),
(2612, 'guest', 3, 4, 2, '列表', '', '', '211.21.65.1', '2017-12-07 11:13:28'),
(2613, 'guest', 7, 1, 2, '列表', '', '', '211.21.65.1', '2017-12-07 11:13:31'),
(2614, 'guest', 5, 1, 2, '列表', '', '', '211.21.65.1', '2017-12-07 11:13:34'),
(2615, 'guest', 10, 1, 2, '列表', '', '', '211.21.65.1', '2017-12-07 11:13:36'),
(2616, 'guest', 6, 1, 2, '列表', '', '', '211.21.65.1', '2017-12-07 11:13:38'),
(2617, 'guest', 6, 2, 2, '列表', '', '', '211.21.65.1', '2017-12-07 11:13:39'),
(2618, 'guest', 11, 1, 2, '列表', '', '', '211.21.65.1', '2017-12-07 11:13:41'),
(2619, 'guest', 11, 2, 2, '列表', '', '', '211.21.65.1', '2017-12-07 11:13:42'),
(2620, 'guest', 8, 2, 2, '列表', '', '', '211.21.65.1', '2017-12-07 11:13:44'),
(2621, 'guest', 8, 1, 2, '列表', '', '', '211.21.65.1', '2017-12-07 11:13:45'),
(2622, 'guest', 9, 1, 2, '列表', '', '', '211.21.65.1', '2017-12-07 11:13:46'),
(2623, 'guest', 2, 1, 2, '列表', '', '', '211.21.65.1', '2017-12-07 11:13:48'),
(2624, 'guest', 2, 2, 2, '列表', '', '', '211.21.65.1', '2017-12-07 11:13:49'),
(2625, 'guest', 5, 2, 2, '列表', '', '', '211.21.65.1', '2017-12-07 11:13:53'),
(2626, 'guest', 5, 1, 2, '列表', '', '', '211.21.65.1', '2017-12-07 11:13:55'),
(2627, 'guest', 5, 2, 2, '列表', '', '', '211.21.65.1', '2017-12-07 11:13:58'),
(2628, 'guest', 4, 1, 2, '列表', '', '', '211.21.65.1', '2017-12-07 11:14:01'),
(2629, 'guest', 7, 1, 2, '列表', '', '', '211.21.65.1', '2017-12-07 11:14:03'),
(2630, 'guest', 7, 2, 2, '列表', '', '', '211.21.65.1', '2017-12-07 11:14:05'),
(2631, 'guest', 7, 3, 2, '列表', '', '', '211.21.65.1', '2017-12-07 11:14:06'),
(2632, 'guest', 2, 2, 2, '列表', '', '', '211.21.65.1', '2017-12-07 11:14:36'),
(2633, 'admin', 0, 0, 1, 'admin登入成功', '', '', '59.127.37.46', '2017-12-07 12:54:58'),
(2634, 'admin', 4, 1, 2, '列表', '', '', '59.127.37.46', '2017-12-07 12:55:05'),
(2635, 'admin', 8, 1, 2, '列表', '', '', '59.127.37.46', '2017-12-07 13:00:04'),
(2636, 'admin', 9, 1, 2, '列表', '', '', '59.127.37.46', '2017-12-07 13:00:12'),
(2637, 'admin', 7, 2, 2, '列表', '', '', '59.127.37.46', '2017-12-07 13:00:21'),
(2638, 'admin', 7, 1, 2, '列表', '', '', '59.127.37.46', '2017-12-07 13:00:23'),
(2639, 'admin', 4, 1, 2, '列表', '', '', '59.127.37.46', '2017-12-07 13:03:59'),
(2640, 'admin', 6, 1, 2, '列表', '', '', '59.127.37.46', '2017-12-07 13:04:55'),
(2641, 'admin', 4, 1, 2, '列表', '', '', '59.127.37.46', '2017-12-07 13:05:00'),
(2642, 'guest', 0, 0, 1, 'admin登入成功', '', '', '211.21.65.1', '2017-12-07 13:47:50'),
(2643, 'guest', 7, 1, 2, '列表', '', '', '211.21.65.1', '2017-12-07 13:54:08'),
(2644, 'guest', 8, 1, 2, '列表', '', '', '211.21.65.1', '2017-12-07 13:54:17'),
(2645, 'guest', 9, 1, 2, '列表', '', '', '211.21.65.1', '2017-12-07 13:54:27'),
(2646, 'guest', 9, 1, 8, '紅陽 id:1', '', '', '211.21.65.1', '2017-12-07 13:54:53'),
(2647, 'guest', 3, 1, 2, '列表', '', '', '211.21.65.1', '2017-12-07 13:55:11'),
(2648, 'guest', 3, 5, 2, '列表', '', '', '211.21.65.1', '2017-12-07 13:55:17'),
(2649, 'guest', 3, 1, 2, '列表', '', '', '211.21.65.1', '2017-12-07 13:55:18'),
(2650, 'guest', 3, 5, 2, '列表', '', '', '211.21.65.1', '2017-12-07 13:55:27'),
(2651, 'guest', 3, 2, 2, '列表', '', '', '211.21.65.1', '2017-12-07 13:55:32'),
(2652, 'guest', 3, 1, 2, '列表', '', '', '211.21.65.1', '2017-12-07 13:59:08'),
(2653, 'guest', 3, 5, 2, '列表', '', '', '211.21.65.1', '2017-12-07 13:59:09'),
(2654, 'guest', 7, 1, 2, '列表', '', '', '211.21.65.1', '2017-12-07 13:59:11'),
(2655, 'guest', 4, 1, 2, '列表', '', '', '211.21.65.1', '2017-12-07 13:59:15'),
(2656, 'guest', 8, 1, 2, '列表', '', '', '211.21.65.1', '2017-12-07 14:00:48'),
(2657, 'admin', 0, 0, 1, 'admin登入成功', '', '', '120.108.127.29', '2017-12-07 14:37:55'),
(2658, 'admin', 8, 1, 2, '列表', '', '', '120.108.127.29', '2017-12-07 14:41:38'),
(2659, 'admin', 0, 0, 1, 'admin登入成功', '', '', '59.127.37.46', '2017-12-07 14:56:10'),
(2660, 'admin', 6, 2, 2, '列表', '', '', '59.127.37.46', '2017-12-07 14:56:24'),
(2661, 'guest', 0, 0, 1, 'admin登入成功', '', '', '211.21.65.1', '2017-12-07 15:02:19'),
(2662, 'guest', 4, 1, 2, '列表', '', '', '211.21.65.1', '2017-12-07 15:02:26'),
(2663, 'guest', 9, 1, 2, '列表', '', '', '211.21.65.1', '2017-12-07 15:02:52'),
(2664, 'guest', 2, 1, 2, '列表', '', '', '211.21.65.1', '2017-12-07 15:02:55'),
(2665, 'guest', 2, 2, 2, '列表', '', '', '211.21.65.1', '2017-12-07 15:02:56'),
(2666, 'guest', 8, 2, 2, '列表', '', '', '211.21.65.1', '2017-12-07 15:03:00'),
(2667, 'guest', 11, 1, 2, '列表', '', '', '211.21.65.1', '2017-12-07 15:03:02'),
(2668, 'guest', 11, 2, 2, '列表', '', '', '211.21.65.1', '2017-12-07 15:03:03'),
(2669, 'guest', 10, 1, 2, '列表', '', '', '211.21.65.1', '2017-12-07 15:03:04'),
(2670, 'guest', 6, 1, 2, '列表', '', '', '211.21.65.1', '2017-12-07 15:03:06'),
(2671, 'guest', 6, 2, 2, '列表', '', '', '211.21.65.1', '2017-12-07 15:03:07'),
(2672, 'admin', 8, 2, 2, '列表', '', '', '59.127.37.46', '2017-12-07 15:21:15'),
(2673, 'admin', 8, 1, 2, '列表', '', '', '59.127.37.46', '2017-12-07 15:21:16'),
(2674, 'admin', 8, 2, 2, '列表', '', '', '59.127.37.46', '2017-12-07 15:26:57'),
(2675, 'admin', 8, 1, 2, '列表', '', '', '59.127.37.46', '2017-12-07 15:27:13'),
(2676, 'admin', 8, 2, 2, '列表', '', '', '59.127.37.46', '2017-12-07 15:28:49'),
(2677, 'admin', 8, 1, 2, '列表', '', '', '59.127.37.46', '2017-12-07 15:28:51'),
(2678, 'guest', 6, 1, 2, '列表', '', '', '211.21.65.1', '2017-12-07 15:42:08'),
(2679, 'guest', 11, 1, 2, '列表', '', '', '211.21.65.1', '2017-12-07 15:42:27'),
(2680, 'guest', 8, 1, 2, '列表', '', '', '211.21.65.1', '2017-12-07 15:42:38'),
(2681, 'guest', 9, 1, 2, '列表', '', '', '211.21.65.1', '2017-12-07 15:42:54'),
(2682, 'guest', 5, 2, 2, '列表', '', '', '211.21.65.1', '2017-12-07 18:26:04'),
(2683, 'guest', 3, 1, 2, '列表', '', '', '211.21.65.1', '2017-12-07 18:26:14'),
(2684, 'guest', 3, 2, 2, '列表', '', '', '211.21.65.1', '2017-12-07 18:26:15'),
(2685, 'guest', 5, 2, 2, '列表', '', '', '211.21.65.1', '2017-12-07 18:26:31'),
(2686, 'guest', 5, 2, 8, '下班拉～～ id:4', '', '', '211.21.65.1', '2017-12-07 18:27:14'),
(2687, 'guest', 5, 2, 16, '1筆資料(\'4\')', '', '', '211.21.65.1', '2017-12-07 18:27:29'),
(2688, 'guest', 5, 2, 4, '１１１１１１ id:7', '', '', '211.21.65.1', '2017-12-07 18:28:32'),
(2689, 'guest', 5, 2, 16, '1筆資料(\'7\')', '', '', '211.21.65.1', '2017-12-07 18:28:42'),
(2690, 'guest', 4, 1, 2, '列表', '', '', '211.21.65.1', '2017-12-07 19:11:16'),
(2691, 'guest', 7, 1, 2, '列表', '', '', '211.21.65.1', '2017-12-07 19:11:22'),
(2692, 'admin', 0, 0, 1, 'admin登入成功', '', '', '61.223.6.243', '2017-12-07 21:35:28'),
(2693, 'admin', 7, 1, 2, '列表', '', '', '61.223.6.243', '2017-12-07 21:35:33'),
(2694, 'admin', 0, 0, 1, 'admin登入成功', '', '', '120.108.85.124', '2017-12-08 11:10:44'),
(2695, 'admin', 7, 1, 2, '列表', '', '', '120.108.85.124', '2017-12-08 11:10:51'),
(2696, 'admin', 0, 0, 1, 'admin登入成功', '', '', '59.127.37.46', '2017-12-11 12:51:53'),
(2697, 'admin', 2, 1, 2, '列表', '', '', '59.127.37.46', '2017-12-11 12:51:58'),
(2698, 'admin', 4, 1, 2, '列表', '', '', '59.127.37.46', '2017-12-11 12:52:01'),
(2699, 'admin', 10, 1, 2, '列表', '', '', '59.127.37.46', '2017-12-11 12:52:20'),
(2700, 'admin', 6, 1, 2, '列表', '', '', '59.127.37.46', '2017-12-11 12:52:22'),
(2701, 'admin', 6, 2, 2, '列表', '', '', '59.127.37.46', '2017-12-11 12:52:23'),
(2702, 'admin', 11, 1, 2, '列表', '', '', '59.127.37.46', '2017-12-11 12:52:25'),
(2703, 'admin', 11, 2, 2, '列表', '', '', '59.127.37.46', '2017-12-11 12:52:26'),
(2704, 'admin', 8, 2, 2, '列表', '', '', '59.127.37.46', '2017-12-11 12:52:29'),
(2705, 'admin', 8, 1, 2, '列表', '', '', '59.127.37.46', '2017-12-11 12:52:30'),
(2706, 'hikkiw@gmail.com', 0, 0, 1, 'admin登入失敗-帳密不正確', '', '', '122.116.150.119', '2017-12-11 15:42:52'),
(2707, 'admin', 0, 0, 1, 'admin登入成功', '', '', '1.200.35.173', '2017-12-11 17:04:56'),
(2708, 'admin', 8, 2, 2, '列表', '', '', '1.200.35.173', '2017-12-11 17:05:04'),
(2709, 'admin', 8, 1, 2, '列表', '', '', '1.200.35.173', '2017-12-11 17:05:05'),
(2710, '0986060051', 0, 0, 1, 'admin登入失敗-帳密不正確', '', '', '122.116.150.119', '2017-12-11 17:13:39'),
(2711, 'admin', 0, 0, 1, 'admin登入成功', '', '', '59.127.37.46', '2017-12-11 17:15:46'),
(2712, 'admin', 0, 0, 1, 'admin登入成功', '', '', '59.127.37.46', '2017-12-11 17:15:49'),
(2713, 'admin', 2, 1, 2, '列表', '', '', '59.127.37.46', '2017-12-11 17:16:23'),
(2714, 'admin', 2, 1, 2, '列表', '', '', '59.127.37.46', '2017-12-11 17:16:28'),
(2715, 'admin', 0, 0, 1, 'admin登入成功', '', '', '122.116.150.119', '2017-12-11 17:21:36'),
(2716, 'admin', 7, 1, 2, '列表', '', '', '122.116.150.119', '2017-12-11 17:22:12'),
(2717, 'admin', 3, 1, 2, '列表', '', '', '122.116.150.119', '2017-12-11 17:22:51'),
(2718, 'admin', 3, 5, 2, '列表', '', '', '122.116.150.119', '2017-12-11 17:23:21'),
(2719, 'admin', 3, 2, 2, '列表', '', '', '122.116.150.119', '2017-12-11 17:23:23'),
(2720, 'admin', 3, 2, 8, 'testtesttest id:testtest02', '', '', '122.116.150.119', '2017-12-11 17:23:51'),
(2721, 'admin', 3, 3, 2, '列表', '', '', '122.116.150.119', '2017-12-11 17:32:23'),
(2722, 'admin', 3, 4, 2, '列表', '', '', '122.116.150.119', '2017-12-11 17:32:29'),
(2723, 'admin', 3, 3, 2, '列表', '', '', '122.116.150.119', '2017-12-11 17:33:02'),
(2724, 'admin', 3, 4, 2, '列表', '', '', '122.116.150.119', '2017-12-11 17:33:06'),
(2725, 'admin', 3, 4, 8, 'TEEEEEES id:TEEEEEEST', '', '', '122.116.150.119', '2017-12-11 17:33:16'),
(2726, 'admin', 7, 1, 2, '列表', '', '', '122.116.150.119', '2017-12-11 17:34:54'),
(2727, 'admin', 3, 4, 2, '列表', '', '', '122.116.150.119', '2017-12-11 17:35:02'),
(2728, 'admin', 7, 1, 2, '列表', '', '', '122.116.150.119', '2017-12-11 17:35:09'),
(2729, 'admin', 4, 1, 2, '列表', '', '', '122.116.150.119', '2017-12-11 17:35:16'),
(2730, 'admin', 7, 1, 2, '列表', '', '', '122.116.150.119', '2017-12-11 17:37:02'),
(2731, 'admin', 4, 1, 2, '列表', '', '', '122.116.150.119', '2017-12-11 17:37:35'),
(2732, 'admin', 3, 4, 2, '列表', '', '', '122.116.150.119', '2017-12-11 17:40:10'),
(2733, 'admin', 4, 1, 2, '列表', '', '', '122.116.150.119', '2017-12-11 17:44:53'),
(2734, 'admin', 4, 1, 8, '周周凱 id:zjttw_20171112233010', '', '', '122.116.150.119', '2017-12-11 17:45:13'),
(2735, 'admin', 5, 1, 2, '列表', '', '', '122.116.150.119', '2017-12-11 17:51:54'),
(2736, 'admin', 4, 1, 2, '列表', '', '', '122.116.150.119', '2017-12-11 17:52:07'),
(2737, 'admin', 5, 1, 2, '列表', '', '', '122.116.150.119', '2017-12-11 17:52:15'),
(2738, 'admin', 5, 2, 2, '列表', '', '', '122.116.150.119', '2017-12-11 17:52:22'),
(2739, 'admin', 5, 3, 8, 'id:1,2,3,4,5,6,7,8,9,10,11', '', '', '122.116.150.119', '2017-12-11 17:52:46'),
(2740, 'admin', 10, 1, 2, '列表', '', '', '122.116.150.119', '2017-12-11 17:53:03'),
(2741, 'admin', 6, 1, 2, '列表', '', '', '122.116.150.119', '2017-12-11 17:53:23'),
(2742, 'admin', 6, 1, 8, 'test02 id:test02', '', '', '122.116.150.119', '2017-12-11 17:55:29'),
(2743, 'guest', 0, 0, 1, 'admin登入成功', '', '', '211.21.65.1', '2017-12-11 18:08:12'),
(2744, 'guest', 7, 1, 2, '列表', '', '', '211.21.65.1', '2017-12-11 18:12:09'),
(2745, 'guest', 4, 1, 2, '列表', '', '', '211.21.65.1', '2017-12-11 18:12:16'),
(2746, 'guest', 10, 1, 2, '列表', '', '', '211.21.65.1', '2017-12-11 18:12:20'),
(2747, 'guest', 6, 1, 2, '列表', '', '', '211.21.65.1', '2017-12-11 18:12:22'),
(2748, 'guest', 6, 2, 2, '列表', '', '', '211.21.65.1', '2017-12-11 18:12:23'),
(2749, 'guest', 10, 2, 2, '列表', '', '', '211.21.65.1', '2017-12-11 18:12:27'),
(2750, 'admin', 6, 2, 2, '列表', '', '', '122.116.150.119', '2017-12-11 18:13:41'),
(2751, 'admin', 6, 1, 2, '列表', '', '', '122.116.150.119', '2017-12-11 18:14:59'),
(2752, 'admin', 2, 1, 2, '列表', '', '', '122.116.150.119', '2017-12-11 18:15:03'),
(2753, 'admin', 2, 2, 2, '列表', '', '', '122.116.150.119', '2017-12-11 18:15:13'),
(2754, 'admin', 1, 1, 2, '列表', '', '', '122.116.150.119', '2017-12-11 18:15:23'),
(2755, 'admin', 10, 2, 2, '列表', '', '', '122.116.150.119', '2017-12-11 18:15:36'),
(2756, 'admin', 10, 1, 2, '列表', '', '', '122.116.150.119', '2017-12-11 18:15:41'),
(2757, 'admin', 10, 2, 2, '列表', '', '', '122.116.150.119', '2017-12-11 18:16:11'),
(2758, 'admin', 10, 1, 2, '列表', '', '', '122.116.150.119', '2017-12-11 18:16:16'),
(2759, 'guest', 5, 1, 2, '列表', '', '', '211.21.65.1', '2017-12-11 18:22:08'),
(2760, 'guest', 5, 2, 2, '列表', '', '', '211.21.65.1', '2017-12-11 18:22:10'),
(2761, 'guest', 6, 1, 2, '列表', '', '', '211.21.65.1', '2017-12-11 18:49:53'),
(2762, 'guest', 11, 1, 2, '列表', '', '', '211.21.65.1', '2017-12-11 18:52:11'),
(2763, 'guest', 11, 2, 2, '列表', '', '', '211.21.65.1', '2017-12-11 18:52:12'),
(2764, 'guest', 8, 2, 2, '列表', '', '', '211.21.65.1', '2017-12-11 18:52:14'),
(2765, 'guest', 8, 1, 2, '列表', '', '', '211.21.65.1', '2017-12-11 18:52:19'),
(2766, 'guest', 9, 1, 2, '列表', '', '', '211.21.65.1', '2017-12-11 18:52:47'),
(2767, 'admin', 0, 0, 1, 'admin登入成功', '', '', '59.127.37.46', '2017-12-11 19:19:34'),
(2768, 'admin', 7, 2, 2, '列表', '', '', '59.127.37.46', '2017-12-11 19:19:40'),
(2769, 'admin', 7, 1, 2, '列表', '', '', '59.127.37.46', '2017-12-11 19:19:42'),
(2770, 'admin', 7, 3, 2, '列表', '', '', '59.127.37.46', '2017-12-11 19:19:43'),
(2771, 'admin', 7, 2, 2, '列表', '', '', '59.127.37.46', '2017-12-11 19:19:48'),
(2772, 'admin', 7, 1, 2, '列表', '', '', '59.127.37.46', '2017-12-11 19:19:49'),
(2773, 'admin', 0, 0, 1, 'admin登入成功', '', '', '61.63.182.149', '2017-12-12 09:07:10'),
(2774, 'admin', 7, 2, 2, '列表', '', '', '61.63.182.149', '2017-12-12 09:07:15'),
(2775, 'admin', 0, 0, 1, 'admin登入成功', '', '', '59.127.37.46', '2017-12-12 10:45:34'),
(2776, 'admin', 0, 0, 1, 'admin登入成功', '', '', '59.127.37.46', '2017-12-12 17:02:55'),
(2777, 'admin', 8, 2, 2, '列表', '', '', '59.127.37.46', '2017-12-12 17:02:59'),
(2778, 'admin', 8, 1, 2, '列表', '', '', '59.127.37.46', '2017-12-12 17:03:01'),
(2779, 'admin', 8, 2, 2, '列表', '', '', '59.127.37.46', '2017-12-12 17:04:41'),
(2780, 'admin', 8, 1, 2, '列表', '', '', '59.127.37.46', '2017-12-12 17:04:51'),
(2781, 'admin', 8, 2, 2, '列表', '', '', '59.127.37.46', '2017-12-12 17:05:08'),
(2782, 'admin', 8, 1, 2, '列表', '', '', '59.127.37.46', '2017-12-12 17:05:10'),
(2783, 'admin', 8, 2, 2, '列表', '', '', '59.127.37.46', '2017-12-12 17:05:18'),
(2784, 'guest', 0, 0, 1, 'admin登入成功', '', '', '211.21.65.1', '2017-12-13 10:21:41'),
(2785, 'guest', 7, 1, 2, '列表', '', '', '211.21.65.1', '2017-12-13 10:22:00'),
(2786, 'guest', 4, 1, 2, '列表', '', '', '211.21.65.1', '2017-12-13 10:23:09'),
(2787, 'guest', 5, 1, 2, '列表', '', '', '211.21.65.1', '2017-12-13 10:23:12'),
(2788, 'guest', 5, 2, 2, '列表', '', '', '211.21.65.1', '2017-12-13 10:23:19'),
(2789, 'guest', 6, 1, 2, '列表', '', '', '211.21.65.1', '2017-12-13 10:23:27'),
(2790, 'guest', 10, 1, 2, '列表', '', '', '211.21.65.1', '2017-12-13 10:23:32'),
(2791, 'guest', 6, 2, 2, '列表', '', '', '211.21.65.1', '2017-12-13 10:23:35'),
(2792, 'guest', 3, 4, 2, '列表', '', '', '211.21.65.1', '2017-12-13 10:23:40'),
(2793, 'guest', 3, 3, 2, '列表', '', '', '211.21.65.1', '2017-12-13 10:23:42'),
(2794, 'guest', 3, 4, 2, '列表', '', '', '211.21.65.1', '2017-12-13 10:23:44'),
(2795, 'guest', 3, 1, 2, '列表', '', '', '211.21.65.1', '2017-12-13 10:23:46'),
(2796, 'guest', 3, 5, 2, '列表', '', '', '211.21.65.1', '2017-12-13 10:23:47'),
(2797, 'guest', 3, 2, 2, '列表', '', '', '211.21.65.1', '2017-12-13 10:23:48'),
(2798, 'guest', 0, 0, 1, 'admin登入成功', '', '', '211.21.65.1', '2017-12-13 17:57:56'),
(2799, 'guest', 0, 0, 1, 'admin登入成功', '', '', '211.21.65.1', '2017-12-14 11:01:24'),
(2800, 'test', 8, 2, 2, '列表', '', '', '211.21.65.1', '2017-12-14 11:01:54'),
(2801, 'test', 8, 1, 2, '列表', '', '', '211.21.65.1', '2017-12-14 11:01:54'),
(2802, 'guest', 0, 0, 1, 'admin登入成功', '', '', '211.21.65.1', '2017-12-15 14:31:34'),
(2803, 'guest', 8, 2, 2, '列表', '', '', '211.21.65.1', '2017-12-15 14:31:43'),
(2804, 'guest', 8, 1, 2, '列表', '', '', '211.21.65.1', '2017-12-15 14:31:43'),
(2805, 'guest', 8, 2, 2, '列表', '', '', '211.21.65.1', '2017-12-15 14:47:19'),
(2806, 'admin', 0, 0, 1, 'admin登入成功', '', '', '59.127.37.46', '2017-12-16 14:28:05'),
(2807, 'admin', 7, 1, 2, '列表', '', '', '59.127.37.46', '2017-12-16 14:28:10'),
(2808, 'admin', 0, 0, 1, 'admin登入成功', '', '', '59.127.37.46', '2017-12-16 16:41:53'),
(2809, 'admin', 10, 2, 2, '列表', '', '', '59.127.37.46', '2017-12-16 16:42:00'),
(2810, 'admin', 10, 1, 2, '列表', '', '', '59.127.37.46', '2017-12-16 16:42:01'),
(2811, 'admin', 10, 2, 2, '列表', '', '', '59.127.37.46', '2017-12-16 16:42:07'),
(2812, 'admin', 10, 1, 2, '列表', '', '', '59.127.37.46', '2017-12-16 16:42:09'),
(2813, 'admin', 10, 2, 2, '列表', '', '', '59.127.37.46', '2017-12-16 16:42:38'),
(2814, 'admin', 10, 1, 2, '列表', '', '', '59.127.37.46', '2017-12-16 16:43:19'),
(2815, 'admin', 10, 2, 2, '列表', '', '', '59.127.37.46', '2017-12-16 16:43:25'),
(2816, 'admin', 10, 1, 2, '列表', '', '', '59.127.37.46', '2017-12-16 16:44:08'),
(2817, 'admin', 10, 2, 2, '列表', '', '', '59.127.37.46', '2017-12-16 16:44:10'),
(2818, 'admin', 10, 1, 2, '列表', '', '', '59.127.37.46', '2017-12-16 16:44:25'),
(2819, 'admin', 10, 2, 2, '列表', '', '', '59.127.37.46', '2017-12-16 16:46:07'),
(2820, 'admin', 10, 1, 2, '列表', '', '', '59.127.37.46', '2017-12-16 16:46:07'),
(2821, 'admin', 4, 1, 2, '列表', '', '', '59.127.37.46', '2017-12-16 17:02:46'),
(2822, 'admin', 0, 0, 1, 'admin登入成功', '', '', '59.127.37.46', '2017-12-16 17:56:29'),
(2823, 'admin', 4, 1, 2, '列表', '', '', '59.127.37.46', '2017-12-16 17:56:37'),
(2824, 'admin', 6, 1, 2, '列表', '', '', '59.127.37.46', '2017-12-16 17:59:27'),
(2825, 'admin', 6, 2, 2, '列表', '', '', '59.127.37.46', '2017-12-16 18:01:02'),
(2826, 'admin', 0, 0, 1, 'admin登入成功', '', '', '175.182.69.145', '2017-12-17 21:26:00'),
(2827, 'admin', 7, 1, 2, '列表', '', '', '175.182.69.145', '2017-12-17 21:26:08'),
(2828, 'admin', 0, 0, 1, 'admin登入成功', '', '', '122.116.150.119', '2017-12-18 10:31:56'),
(2829, 'admin', 3, 1, 2, '列表', '', '', '122.116.150.119', '2017-12-18 10:36:18'),
(2830, 'admin', 3, 1, 8, '健康食品-1 id:5', '', '', '122.116.150.119', '2017-12-18 10:36:31'),
(2831, 'admin', 3, 1, 8, '排序', '', '', '122.116.150.119', '2017-12-18 10:36:49'),
(2832, 'admin', 3, 5, 2, '列表', '', '', '122.116.150.119', '2017-12-18 10:37:18'),
(2833, 'admin', 3, 2, 2, '列表', '', '', '122.116.150.119', '2017-12-18 10:37:21'),
(2834, 'admin', 3, 2, 8, 'testtesttest id:testtest02', '', '', '122.116.150.119', '2017-12-18 10:38:45'),
(2835, 'admin', 3, 5, 2, '列表', '', '', '122.116.150.119', '2017-12-18 10:55:52'),
(2836, 'admin', 3, 2, 2, '列表', '', '', '122.116.150.119', '2017-12-18 10:55:53'),
(2837, 'admin', 0, 0, 1, 'admin登入成功', '', '', '59.127.37.46', '2017-12-18 11:28:02'),
(2838, 'admin', 4, 1, 2, '列表', '', '', '59.127.37.46', '2017-12-18 11:28:08'),
(2839, 'admin', 7, 1, 2, '列表', '', '', '59.127.37.46', '2017-12-18 11:28:22'),
(2840, 'admin', 4, 1, 2, '列表', '', '', '59.127.37.46', '2017-12-18 11:31:13'),
(2841, 'admin', 7, 1, 2, '列表', '', '', '59.127.37.46', '2017-12-18 11:31:34'),
(2842, 'admin', 0, 0, 1, 'admin登入成功', '', '', '122.116.150.119', '2017-12-18 11:35:05'),
(2843, 'admin', 3, 3, 2, '列表', '', '', '122.116.150.119', '2017-12-18 11:35:18'),
(2844, 'admin', 3, 4, 2, '列表', '', '', '122.116.150.119', '2017-12-18 11:35:28'),
(2845, 'admin', 3, 4, 8, 'TEEEEEES id:TEEEEEEST', '', '', '122.116.150.119', '2017-12-18 11:36:15'),
(2846, 'admin', 3, 4, 2, '列表', '', '', '122.116.150.119', '2017-12-18 11:42:30'),
(2847, 'admin', 7, 1, 2, '列表', '', '', '122.116.150.119', '2017-12-18 11:43:23'),
(2848, 'admin', 5, 2, 2, '列表', '', '', '122.116.150.119', '2017-12-18 11:43:27'),
(2849, 'admin', 0, 0, 1, 'admin登入成功', '', '', '59.127.37.46', '2017-12-18 12:00:40'),
(2850, 'admin', 0, 0, 1, 'admin登入成功', '', '', '59.127.37.46', '2017-12-18 12:00:45'),
(2851, 'admin', 7, 3, 2, '列表', '', '', '59.127.37.46', '2017-12-18 12:00:52'),
(2852, 'admin', 7, 1, 2, '列表', '', '', '59.127.37.46', '2017-12-18 12:00:55'),
(2853, 'admin', 3, 3, 2, '列表', '', '', '122.116.150.119', '2017-12-18 12:26:05'),
(2854, 'admin', 3, 4, 2, '列表', '', '', '122.116.150.119', '2017-12-18 12:26:10'),
(2855, 'admin', 0, 0, 1, 'admin登入成功', '', '', '59.127.37.46', '2017-12-18 12:48:50'),
(2856, 'admin', 3, 1, 2, '列表', '', '', '59.127.37.46', '2017-12-18 12:48:54'),
(2857, 'admin', 3, 5, 2, '列表', '', '', '59.127.37.46', '2017-12-18 12:48:55'),
(2858, 'admin', 3, 2, 2, '列表', '', '', '59.127.37.46', '2017-12-18 12:48:55'),
(2859, 'admin', 0, 0, 1, 'admin登入成功', '', '', '122.116.150.119', '2017-12-18 13:47:11'),
(2860, 'admin', 10, 1, 2, '列表', '', '', '122.116.150.119', '2017-12-18 13:55:53'),
(2861, 'admin', 6, 2, 2, '列表', '', '', '122.116.150.119', '2017-12-18 13:55:58'),
(2862, 'admin', 11, 1, 2, '列表', '', '', '122.116.150.119', '2017-12-18 13:56:25'),
(2863, 'admin', 11, 2, 2, '列表', '', '', '122.116.150.119', '2017-12-18 13:56:26'),
(2864, 'admin', 11, 1, 2, '列表', '', '', '122.116.150.119', '2017-12-18 13:56:29'),
(2865, 'admin', 8, 2, 2, '列表', '', '', '122.116.150.119', '2017-12-18 13:56:32'),
(2866, 'admin', 11, 1, 2, '列表', '', '', '122.116.150.119', '2017-12-18 13:56:38'),
(2867, 'admin', 11, 2, 2, '列表', '', '', '122.116.150.119', '2017-12-18 13:56:40'),
(2868, 'test', 11, 2, 2, '列表', '', '', '122.116.150.119', '2017-12-18 15:11:27'),
(2869, 'test', 4, 1, 2, '列表', '', '', '122.116.150.119', '2017-12-18 15:50:51'),
(2870, 'admin', 0, 0, 1, 'admin登入成功', '', '', '61.63.182.149', '2017-12-18 15:59:16'),
(2871, 'admin', 7, 2, 2, '列表', '', '', '61.63.182.149', '2017-12-18 16:00:38'),
(2872, 'test', 5, 1, 2, '列表', '', '', '122.116.150.119', '2017-12-18 16:02:15'),
(2873, 'test', 5, 3, 8, 'id:1,2,3,4,5,6,7,8,9,10,11', '', '', '122.116.150.119', '2017-12-18 16:03:46'),
(2874, 'test', 3, 4, 2, '列表', '', '', '122.116.150.119', '2017-12-18 16:14:04'),
(2875, 'test', 3, 4, 8, 'TEEEEEES id:TEEEEEEST', '', '', '122.116.150.119', '2017-12-18 16:14:24'),
(2876, 'admin', 0, 0, 1, 'admin登入成功', '', '', '122.116.150.119', '2017-12-18 17:40:46'),
(2877, 'admin', 7, 1, 2, '列表', '', '', '122.116.150.119', '2017-12-18 17:40:51'),
(2878, 'admin', 7, 1, 8, '{id:1513589836', '', '', '122.116.150.119', '2017-12-18 17:41:28'),
(2879, 'admin', 4, 1, 2, '列表', '', '', '122.116.150.119', '2017-12-18 17:45:04'),
(2880, 'admin', 4, 1, 8, ' id:zjttw_20171206165949', '', '', '122.116.150.119', '2017-12-18 17:46:58'),
(2881, 'admin', 11, 1, 2, '列表', '', '', '122.116.150.119', '2017-12-18 17:51:45'),
(2882, 'admin', 11, 2, 2, '列表', '', '', '122.116.150.119', '2017-12-18 17:51:47'),
(2883, 'admin', 0, 0, 1, 'admin登入成功', '', '', '175.182.69.145', '2017-12-18 23:53:49'),
(2884, 'admin', 7, 1, 2, '列表', '', '', '175.182.69.145', '2017-12-18 23:53:55'),
(2885, 'admin', 0, 0, 1, 'admin登入成功', '', '', '61.63.182.149', '2017-12-19 11:38:42'),
(2886, 'admin', 0, 0, 1, 'admin登入成功', '', '', '61.63.182.149', '2017-12-19 11:43:45'),
(2887, 'admin', 7, 1, 2, '列表', '', '', '61.63.182.149', '2017-12-19 11:43:51'),
(2888, 'admin', 7, 1, 8, '{id:1513654966', '', '', '61.63.182.149', '2017-12-19 11:44:53'),
(2889, 'admin', 0, 0, 1, 'admin登入失敗-帳密不正確', '', '', '61.63.182.149', '2017-12-19 13:09:52'),
(2890, 'admin', 0, 0, 1, 'admin登入成功', '', '', '61.63.182.149', '2017-12-19 13:10:38'),
(2891, 'admin', 7, 1, 2, '列表', '', '', '61.63.182.149', '2017-12-19 13:10:48'),
(2892, 'admin', 0, 0, 1, 'admin登入成功', '', '', '59.127.37.46', '2017-12-22 18:37:24'),
(2893, 'admin', 4, 2, 2, '列表', '', '', '59.127.37.46', '2017-12-22 18:37:29'),
(2894, 'admin', 4, 1, 2, '列表', '', '', '59.127.37.46', '2017-12-22 18:37:31'),
(2895, 'admin', 4, 2, 2, '列表', '', '', '59.127.37.46', '2017-12-22 18:37:37'),
(2896, 'admin', 4, 1, 2, '列表', '', '', '59.127.37.46', '2017-12-22 18:51:03'),
(2897, 'admin', 4, 2, 2, '列表', '', '', '59.127.37.46', '2017-12-22 18:51:06'),
(2898, 'admin', 0, 0, 1, 'admin登入成功', '', '', '203.217.117.129', '2017-12-25 02:49:47'),
(2899, 'admin', 12, 1, 2, '列表', '', '', '203.217.117.129', '2017-12-25 02:49:54'),
(2900, 'admin', 0, 0, 1, 'admin登入成功', '', '', '59.127.37.46', '2017-12-25 11:56:54'),
(2901, 'admin', 7, 1, 2, '列表', '', '', '59.127.37.46', '2017-12-25 11:57:01'),
(2902, 'admin', 0, 0, 1, 'admin登入成功', '', '', '59.127.37.46', '2017-12-25 12:12:39'),
(2903, 'admin', 12, 1, 2, '列表', '', '', '59.127.37.46', '2017-12-25 12:12:44'),
(2904, 'admin', 8, 1, 2, '列表', '', '', '59.127.37.46', '2017-12-25 12:13:21'),
(2905, 'admin', 8, 2, 2, '列表', '', '', '59.127.37.46', '2017-12-25 12:13:23'),
(2906, 'admin', 9, 1, 2, '列表', '', '', '59.127.37.46', '2017-12-25 12:13:32'),
(2907, 'admin', 4, 2, 2, '列表', '', '', '59.127.37.46', '2017-12-25 12:13:42'),
(2908, 'admin', 4, 1, 2, '列表', '', '', '59.127.37.46', '2017-12-25 12:13:47'),
(2909, 'admin', 4, 2, 2, '列表', '', '', '59.127.37.46', '2017-12-25 12:14:07'),
(2910, 'admin', 4, 1, 2, '列表', '', '', '59.127.37.46', '2017-12-25 12:14:12'),
(2911, 'admin', 4, 2, 2, '列表', '', '', '59.127.37.46', '2017-12-25 12:14:23'),
(2912, 'admin', 4, 1, 2, '列表', '', '', '59.127.37.46', '2017-12-25 12:15:17'),
(2913, 'admin', 12, 1, 2, '列表', '', '', '59.127.37.46', '2017-12-25 12:33:37'),
(2914, 'admin', 0, 0, 1, 'admin登入成功', '', '', '59.127.37.46', '2017-12-25 14:15:10'),
(2915, 'admin', 7, 1, 2, '列表', '', '', '59.127.37.46', '2017-12-25 14:17:03'),
(2916, 'admin', 12, 1, 2, '列表', '', '', '59.127.37.46', '2017-12-25 14:19:18'),
(2917, 'guest', 0, 0, 1, 'admin登入成功', '', '', '211.21.65.1', '2017-12-25 16:54:40'),
(2918, 'test', 12, 1, 2, '列表', '', '', '211.21.65.1', '2017-12-25 16:55:05'),
(2919, 'test', 4, 1, 2, '列表', '', '', '211.21.65.1', '2017-12-25 16:55:14'),
(2920, 'test', 3, 1, 2, '列表', '', '', '211.21.65.1', '2017-12-25 16:55:18'),
(2921, 'test', 3, 5, 2, '列表', '', '', '211.21.65.1', '2017-12-25 16:55:20'),
(2922, 'test', 3, 2, 2, '列表', '', '', '211.21.65.1', '2017-12-25 16:55:22'),
(2923, 'test', 3, 3, 2, '列表', '', '', '211.21.65.1', '2017-12-25 16:55:47'),
(2924, 'test', 3, 4, 2, '列表', '', '', '211.21.65.1', '2017-12-25 16:55:48'),
(2925, 'test', 10, 1, 2, '列表', '', '', '211.21.65.1', '2017-12-25 16:56:48'),
(2926, 'test', 6, 1, 2, '列表', '', '', '211.21.65.1', '2017-12-25 16:56:52'),
(2927, 'test', 6, 2, 2, '列表', '', '', '211.21.65.1', '2017-12-25 16:56:53'),
(2928, 'test', 8, 2, 2, '列表', '', '', '211.21.65.1', '2017-12-25 16:56:55'),
(2929, 'test', 8, 1, 2, '列表', '', '', '211.21.65.1', '2017-12-25 16:56:56'),
(2930, 'test', 4, 2, 2, '列表', '', '', '211.21.65.1', '2017-12-25 16:57:41'),
(2931, 'test', 4, 1, 2, '列表', '', '', '211.21.65.1', '2017-12-25 16:57:41'),
(2932, 'test', 4, 2, 2, '列表', '', '', '211.21.65.1', '2017-12-25 16:57:41'),
(2933, 'test', 5, 1, 2, '列表', '', '', '211.21.65.1', '2017-12-25 16:57:58'),
(2934, 'test', 2, 1, 2, '列表', '', '', '211.21.65.1', '2017-12-25 16:58:25'),
(2935, 'test', 2, 2, 2, '列表', '', '', '211.21.65.1', '2017-12-25 16:58:27'),
(2936, 'test', 9, 1, 2, '列表', '', '', '211.21.65.1', '2017-12-25 16:58:30'),
(2937, 'test', 8, 2, 2, '列表', '', '', '211.21.65.1', '2017-12-25 16:58:32'),
(2938, 'test', 8, 1, 2, '列表', '', '', '211.21.65.1', '2017-12-25 16:58:33'),
(2939, 'test', 11, 1, 2, '列表', '', '', '211.21.65.1', '2017-12-25 16:58:35'),
(2940, 'test', 11, 2, 2, '列表', '', '', '211.21.65.1', '2017-12-25 16:58:36'),
(2941, 'test', 6, 1, 2, '列表', '', '', '211.21.65.1', '2017-12-25 16:58:38'),
(2942, 'test', 6, 2, 2, '列表', '', '', '211.21.65.1', '2017-12-25 16:58:41'),
(2943, 'test', 10, 1, 2, '列表', '', '', '211.21.65.1', '2017-12-25 16:58:43'),
(2944, 'test', 5, 1, 2, '列表', '', '', '211.21.65.1', '2017-12-25 16:58:45'),
(2945, 'test', 5, 2, 2, '列表', '', '', '211.21.65.1', '2017-12-25 16:58:46'),
(2946, 'test', 3, 5, 2, '列表', '', '', '211.21.65.1', '2017-12-25 17:01:31'),
(2947, 'test', 3, 2, 2, '列表', '', '', '211.21.65.1', '2017-12-25 17:01:32'),
(2948, 'test', 3, 4, 2, '列表', '', '', '211.21.65.1', '2017-12-25 17:01:32'),
(2949, 'test', 3, 4, 8, 'TEEEEEES id:TEEEEEEST', '', '', '211.21.65.1', '2017-12-25 17:01:44'),
(2950, 'guest', 0, 0, 1, 'admin登入成功', '', '', '211.21.65.1', '2017-12-25 17:03:02'),
(2951, 'guest', 6, 1, 2, '列表', '', '', '211.21.65.1', '2017-12-25 17:03:16'),
(2952, 'guest', 6, 2, 2, '列表', '', '', '211.21.65.1', '2017-12-25 17:03:17'),
(2953, 'guest', 10, 1, 2, '列表', '', '', '211.21.65.1', '2017-12-25 17:03:19'),
(2954, 'guest', 5, 1, 2, '列表', '', '', '211.21.65.1', '2017-12-25 17:03:21'),
(2955, 'guest', 4, 1, 2, '列表', '', '', '211.21.65.1', '2017-12-25 17:03:22'),
(2956, 'guest', 4, 2, 2, '列表', '', '', '211.21.65.1', '2017-12-25 17:03:23'),
(2957, 'guest', 12, 1, 2, '列表', '', '', '211.21.65.1', '2017-12-25 17:03:25'),
(2958, 'guest', 7, 1, 2, '列表', '', '', '211.21.65.1', '2017-12-25 17:03:26'),
(2959, 'guest', 7, 1, 8, '{id:1513611873', '', '', '211.21.65.1', '2017-12-25 17:04:23'),
(2960, 'guest', 7, 2, 2, '列表', '', '', '211.21.65.1', '2017-12-25 17:04:34'),
(2961, 'guest', 7, 2, 8, '{id:1513660152', '', '', '211.21.65.1', '2017-12-25 17:04:44'),
(2962, 'guest', 7, 1, 2, '列表', '', '', '211.21.65.1', '2017-12-25 17:04:46'),
(2963, 'guest', 7, 1, 8, '{id:1513660152', '', '', '211.21.65.1', '2017-12-25 17:05:00'),
(2964, 'guest', 7, 2, 2, '列表', '', '', '211.21.65.1', '2017-12-25 17:05:04'),
(2965, 'guest', 7, 1, 2, '列表', '', '', '211.21.65.1', '2017-12-25 17:05:14'),
(2966, 'guest', 7, 2, 2, '列表', '', '', '211.21.65.1', '2017-12-25 17:10:35'),
(2967, 'guest', 7, 3, 2, '列表', '', '', '211.21.65.1', '2017-12-25 17:10:52'),
(2968, 'guest', 12, 1, 2, '列表', '', '', '211.21.65.1', '2017-12-25 17:10:53'),
(2969, 'guest', 5, 1, 2, '列表', '', '', '211.21.65.1', '2017-12-25 17:10:56'),
(2970, 'guest', 5, 2, 2, '列表', '', '', '211.21.65.1', '2017-12-25 17:10:57'),
(2971, 'guest', 4, 1, 2, '列表', '', '', '211.21.65.1', '2017-12-25 17:34:45'),
(2972, 'guest', 4, 2, 2, '列表', '', '', '211.21.65.1', '2017-12-25 17:34:47'),
(2973, 'guest', 5, 1, 2, '列表', '', '', '211.21.65.1', '2017-12-25 17:34:51'),
(2974, 'guest', 5, 2, 2, '列表', '', '', '211.21.65.1', '2017-12-25 17:34:52'),
(2975, 'guest', 10, 1, 2, '列表', '', '', '211.21.65.1', '2017-12-25 17:34:54'),
(2976, 'guest', 11, 1, 2, '列表', '', '', '211.21.65.1', '2017-12-25 17:34:56'),
(2977, 'admin', 0, 0, 1, 'admin登入成功', '', '', '59.127.37.46', '2017-12-25 18:26:44'),
(2978, 'admin', 12, 2, 2, '列表', '', '', '59.127.37.46', '2017-12-25 18:27:00'),
(2979, 'admin', 0, 0, 1, 'admin登入成功', '', '', '61.63.182.149', '2017-12-26 08:53:21'),
(2980, 'admin', 12, 2, 2, '列表', '', '', '61.63.182.149', '2017-12-26 08:54:04'),
(2981, 'admin', 12, 1, 2, '列表', '', '', '61.63.182.149', '2017-12-26 09:08:22'),
(2982, 'admin', 12, 2, 2, '列表', '', '', '61.63.182.149', '2017-12-26 09:08:24'),
(2983, 'admin', 12, 1, 2, '列表', '', '', '61.63.182.149', '2017-12-26 09:08:25'),
(2984, 'admin', 12, 2, 2, '列表', '', '', '61.63.182.149', '2017-12-26 09:09:23'),
(2985, 'admin', 12, 1, 2, '列表', '', '', '61.63.182.149', '2017-12-26 09:09:25'),
(2986, 'admin', 12, 2, 2, '列表', '', '', '61.63.182.149', '2017-12-26 09:10:06'),
(2987, 'guest', 0, 0, 1, 'admin登入成功', '', '', '211.21.65.1', '2017-12-26 09:50:50'),
(2988, 'admin', 0, 0, 1, 'admin登入成功', '', '', '61.63.182.149', '2017-12-26 10:39:14'),
(2989, 'admin', 12, 2, 2, '列表', '', '', '61.63.182.149', '2017-12-26 10:39:19'),
(2990, 'admin', 0, 0, 1, 'admin登入成功', '', '', '61.63.182.149', '2017-12-26 10:45:35'),
(2991, 'admin', 12, 2, 2, '列表', '', '', '61.63.182.149', '2017-12-26 10:45:39'),
(2992, 'admin', 7, 1, 2, '列表', '', '', '61.63.182.149', '2017-12-26 11:56:18'),
(2993, 'admin', 12, 2, 2, '列表', '', '', '61.63.182.149', '2017-12-26 12:09:02'),
(2994, 'admin', 0, 0, 1, 'admin登入成功', '', '', '61.63.182.149', '2017-12-26 13:31:14'),
(2995, 'admin', 12, 2, 2, '列表', '', '', '61.63.182.149', '2017-12-26 13:31:19'),
(2996, 'admin', 0, 0, 1, 'admin登入成功', '', '', '61.63.182.149', '2017-12-26 13:51:04'),
(2997, 'guest', 3, 1, 2, '列表', '', '', '211.21.65.1', '2017-12-26 13:52:55'),
(2998, 'guest', 3, 5, 2, '列表', '', '', '211.21.65.1', '2017-12-26 13:52:56'),
(2999, 'guest', 3, 2, 2, '列表', '', '', '211.21.65.1', '2017-12-26 13:52:57'),
(3000, 'guest', 3, 3, 2, '列表', '', '', '211.21.65.1', '2017-12-26 13:52:58'),
(3001, 'guest', 3, 4, 2, '列表', '', '', '211.21.65.1', '2017-12-26 13:52:59'),
(3002, 'admin', 12, 2, 2, '列表', '', '', '61.63.182.149', '2017-12-26 14:03:36'),
(3003, 'guest', 9, 1, 2, '列表', '', '', '211.21.65.1', '2017-12-26 14:16:35'),
(3004, 'guest', 8, 1, 2, '列表', '', '', '211.21.65.1', '2017-12-26 14:20:04'),
(3005, 'test', 6, 1, 2, '列表', '', '', '211.21.65.1', '2017-12-26 14:59:52'),
(3006, 'test', 6, 2, 2, '列表', '', '', '211.21.65.1', '2017-12-26 14:59:54'),
(3007, 'test', 6, 1, 2, '列表', '', '', '211.21.65.1', '2017-12-26 15:00:08'),
(3008, 'test', 10, 1, 2, '列表', '', '', '211.21.65.1', '2017-12-26 15:17:32'),
(3009, 'test', 11, 1, 2, '列表', '', '', '211.21.65.1', '2017-12-26 15:17:33'),
(3010, 'test', 8, 1, 2, '列表', '', '', '211.21.65.1', '2017-12-26 15:18:38'),
(3011, 'test', 1, 1, 2, '列表', '', '', '211.21.65.1', '2017-12-26 15:19:09'),
(3012, 'test', 2, 1, 2, '列表', '', '', '211.21.65.1', '2017-12-26 15:19:12'),
(3013, 'test', 2, 2, 2, '列表', '', '', '211.21.65.1', '2017-12-26 15:19:13'),
(3014, 'test', 6, 1, 2, '列表', '', '', '211.21.65.1', '2017-12-26 15:19:37'),
(3015, 'test', 6, 2, 2, '列表', '', '', '211.21.65.1', '2017-12-26 15:19:38'),
(3016, 'test', 6, 1, 2, '列表', '', '', '211.21.65.1', '2017-12-26 15:19:39'),
(3017, 'testtest02', 7, 2, 2, '列表', '', '', '211.21.65.1', '2017-12-26 15:25:51'),
(3018, 'testtest02', 7, 3, 2, '列表', '', '', '211.21.65.1', '2017-12-26 15:25:52'),
(3019, 'testtest02', 4, 1, 2, '列表', '', '', '211.21.65.1', '2017-12-26 15:27:57'),
(3020, 'testtest02', 4, 2, 2, '列表', '', '', '211.21.65.1', '2017-12-26 15:27:58'),
(3021, 'testtest02', 5, 1, 2, '列表', '', '', '211.21.65.1', '2017-12-26 15:28:06'),
(3022, 'testtest02', 5, 2, 2, '列表', '', '', '211.21.65.1', '2017-12-26 15:28:13'),
(3023, 'testtest02', 10, 1, 2, '列表', '', '', '211.21.65.1', '2017-12-26 15:28:23'),
(3024, 'testtest02', 11, 1, 2, '列表', '', '', '211.21.65.1', '2017-12-26 15:28:25'),
(3025, 'testtest02', 11, 2, 2, '列表', '', '', '211.21.65.1', '2017-12-26 15:28:26'),
(3026, 'testtest02', 8, 2, 2, '列表', '', '', '211.21.65.1', '2017-12-26 15:28:28'),
(3027, 'testtest02', 8, 1, 2, '列表', '', '', '211.21.65.1', '2017-12-26 15:28:29'),
(3028, 'testtest02', 9, 1, 2, '列表', '', '', '211.21.65.1', '2017-12-26 15:28:30'),
(3029, 'testtest02', 2, 2, 2, '列表', '', '', '211.21.65.1', '2017-12-26 15:28:32'),
(3030, 'testtest02', 1, 1, 2, '列表', '', '', '211.21.65.1', '2017-12-26 15:28:34'),
(3031, 'testtest02', 10, 2, 2, '列表', '', '', '211.21.65.1', '2017-12-26 15:28:35'),
(3032, 'testtest02', 10, 1, 2, '列表', '', '', '211.21.65.1', '2017-12-26 15:28:37'),
(3033, 'testtest02', 9, 1, 2, '列表', '', '', '211.21.65.1', '2017-12-26 16:08:31'),
(3034, 'testtest02', 8, 2, 2, '列表', '', '', '211.21.65.1', '2017-12-26 16:08:38'),
(3035, 'testtest02', 8, 1, 2, '列表', '', '', '211.21.65.1', '2017-12-26 16:08:40'),
(3036, 'testtest02', 11, 1, 2, '列表', '', '', '211.21.65.1', '2017-12-26 16:08:41'),
(3037, 'testtest02', 11, 2, 2, '列表', '', '', '211.21.65.1', '2017-12-26 16:08:42'),
(3038, 'testtest02', 6, 1, 2, '列表', '', '', '211.21.65.1', '2017-12-26 16:08:45'),
(3039, 'testtest02', 6, 2, 2, '列表', '', '', '211.21.65.1', '2017-12-26 16:08:46'),
(3040, 'testtest02', 12, 2, 2, '列表', '', '', '211.21.65.1', '2017-12-26 16:08:54'),
(3041, 'testtest02', 12, 1, 2, '列表', '', '', '211.21.65.1', '2017-12-26 16:09:08'),
(3042, 'testtest02', 12, 2, 2, '列表', '', '', '211.21.65.1', '2017-12-26 16:09:09'),
(3043, 'admin', 0, 0, 1, 'admin登入成功', '', '', '61.63.182.149', '2017-12-26 16:13:10'),
(3044, 'admin', 12, 2, 2, '列表', '', '', '61.63.182.149', '2017-12-26 16:13:14'),
(3045, 'admin', 12, 1, 2, '列表', '', '', '61.63.182.149', '2017-12-26 16:23:08'),
(3046, 'admin', 12, 2, 2, '列表', '', '', '61.63.182.149', '2017-12-26 16:23:25'),
(3047, 'admin', 12, 1, 2, '列表', '', '', '61.63.182.149', '2017-12-26 16:23:26'),
(3048, 'admin', 12, 2, 2, '列表', '', '', '61.63.182.149', '2017-12-26 16:23:27'),
(3049, 'admin', 12, 1, 2, '列表', '', '', '61.63.182.149', '2017-12-26 16:23:28'),
(3050, 'admin', 12, 2, 2, '列表', '', '', '61.63.182.149', '2017-12-26 16:23:33'),
(3051, 'admin', 12, 1, 2, '列表', '', '', '61.63.182.149', '2017-12-26 16:23:34'),
(3052, 'admin', 12, 2, 2, '列表', '', '', '61.63.182.149', '2017-12-26 16:23:35'),
(3053, 'admin', 12, 1, 2, '列表', '', '', '61.63.182.149', '2017-12-26 16:23:36'),
(3054, 'admin', 12, 2, 2, '列表', '', '', '61.63.182.149', '2017-12-26 16:23:42'),
(3055, 'admin', 12, 1, 2, '列表', '', '', '61.63.182.149', '2017-12-26 16:23:44'),
(3056, 'testtest02', 7, 1, 2, '列表', '', '', '211.21.65.1', '2017-12-26 16:39:26'),
(3057, 'testtest02', 5, 1, 2, '列表', '', '', '211.21.65.1', '2017-12-26 16:50:19'),
(3058, 'guest', 12, 1, 2, '列表', '', '', '211.21.65.1', '2017-12-26 17:31:59'),
(3059, 'guest', 4, 1, 2, '列表', '', '', '211.21.65.1', '2017-12-26 17:32:03'),
(3060, 'guest', 4, 2, 2, '列表', '', '', '211.21.65.1', '2017-12-26 17:32:04'),
(3061, 'guest', 5, 1, 2, '列表', '', '', '211.21.65.1', '2017-12-26 17:32:07'),
(3062, 'guest', 5, 2, 2, '列表', '', '', '211.21.65.1', '2017-12-26 17:32:08'),
(3063, 'guest', 10, 1, 2, '列表', '', '', '211.21.65.1', '2017-12-26 17:32:11'),
(3064, 'guest', 6, 1, 2, '列表', '', '', '211.21.65.1', '2017-12-26 17:32:13'),
(3065, 'guest', 6, 2, 2, '列表', '', '', '211.21.65.1', '2017-12-26 17:32:14'),
(3066, 'admin', 0, 0, 1, 'admin登入成功', '', '', '61.63.182.149', '2017-12-26 17:34:50'),
(3067, 'admin', 12, 2, 2, '列表', '', '', '61.63.182.149', '2017-12-26 17:34:54'),
(3068, 'admin', 12, 1, 2, '列表', '', '', '61.63.182.149', '2017-12-26 17:35:00'),
(3069, 'admin', 12, 2, 2, '列表', '', '', '61.63.182.149', '2017-12-26 17:35:14'),
(3070, 'guest', 11, 1, 2, '列表', '', '', '211.21.65.1', '2017-12-26 17:44:04'),
(3071, 'guest', 8, 2, 2, '列表', '', '', '211.21.65.1', '2017-12-26 17:52:22'),
(3072, 'guest', 8, 1, 2, '列表', '', '', '211.21.65.1', '2017-12-26 17:52:23'),
(3073, 'guest', 9, 1, 2, '列表', '', '', '211.21.65.1', '2017-12-26 17:52:25'),
(3074, 'admin', 12, 1, 2, '列表', '', '', '61.63.182.149', '2017-12-26 17:52:27'),
(3075, 'guest', 2, 1, 2, '列表', '', '', '211.21.65.1', '2017-12-26 17:52:29'),
(3076, 'admin', 12, 2, 2, '列表', '', '', '61.63.182.149', '2017-12-26 17:52:29'),
(3077, 'admin', 12, 1, 2, '列表', '', '', '61.63.182.149', '2017-12-26 17:52:30'),
(3078, 'guest', 2, 2, 2, '列表', '', '', '211.21.65.1', '2017-12-26 17:52:30'),
(3079, 'guest', 5, 1, 2, '列表', '', '', '211.21.65.1', '2017-12-26 17:52:33'),
(3080, 'guest', 5, 2, 2, '列表', '', '', '211.21.65.1', '2017-12-26 17:52:34'),
(3081, 'admin', 12, 2, 2, '列表', '', '', '61.63.182.149', '2017-12-26 17:56:12'),
(3082, 'admin', 12, 1, 2, '列表', '', '', '61.63.182.149', '2017-12-26 17:56:13'),
(3083, 'admin', 12, 2, 2, '列表', '', '', '61.63.182.149', '2017-12-26 17:56:15'),
(3084, 'admin', 12, 1, 2, '列表', '', '', '61.63.182.149', '2017-12-26 17:56:17'),
(3085, 'admin', 0, 0, 1, 'admin登入成功', '', '', '61.63.182.149', '2017-12-26 18:08:21'),
(3086, 'admin', 12, 1, 2, '列表', '', '', '61.63.182.149', '2017-12-26 18:08:25'),
(3087, 'admin', 0, 0, 1, 'admin登入成功', '', '', '61.63.182.149', '2017-12-27 08:54:35'),
(3088, 'admin', 12, 2, 2, '列表', '', '', '61.63.182.149', '2017-12-27 08:54:40'),
(3089, 'admin', 12, 1, 2, '列表', '', '', '61.63.182.149', '2017-12-27 09:31:06'),
(3090, 'admin', 12, 2, 2, '列表', '', '', '61.63.182.149', '2017-12-27 09:31:07'),
(3091, 'admin', 12, 1, 2, '列表', '', '', '61.63.182.149', '2017-12-27 09:31:28'),
(3092, 'admin', 12, 2, 2, '列表', '', '', '61.63.182.149', '2017-12-27 09:31:28'),
(3093, 'admin', 4, 1, 2, '列表', '', '', '61.63.182.149', '2017-12-27 09:31:38'),
(3094, 'admin', 12, 2, 2, '列表', '', '', '61.63.182.149', '2017-12-27 09:32:41'),
(3095, 'admin', 12, 1, 2, '列表', '', '', '61.63.182.149', '2017-12-27 09:33:20'),
(3096, 'admin', 12, 2, 2, '列表', '', '', '61.63.182.149', '2017-12-27 09:33:21'),
(3097, 'admin', 12, 1, 2, '列表', '', '', '61.63.182.149', '2017-12-27 09:33:22'),
(3098, 'admin', 12, 2, 2, '列表', '', '', '61.63.182.149', '2017-12-27 09:33:26'),
(3099, 'admin', 12, 1, 2, '列表', '', '', '61.63.182.149', '2017-12-27 09:33:27'),
(3100, 'admin', 12, 2, 2, '列表', '', '', '61.63.182.149', '2017-12-27 09:33:28'),
(3101, 'admin', 12, 1, 2, '列表', '', '', '61.63.182.149', '2017-12-27 09:33:30'),
(3102, 'admin', 12, 2, 2, '列表', '', '', '61.63.182.149', '2017-12-27 09:33:31'),
(3103, 'admin', 12, 1, 2, '列表', '', '', '61.63.182.149', '2017-12-27 09:33:32'),
(3104, 'admin', 12, 2, 2, '列表', '', '', '61.63.182.149', '2017-12-27 09:33:33'),
(3105, 'admin', 12, 1, 2, '列表', '', '', '61.63.182.149', '2017-12-27 09:33:35'),
(3106, 'admin', 12, 2, 2, '列表', '', '', '61.63.182.149', '2017-12-27 09:33:36'),
(3107, 'admin', 12, 1, 2, '列表', '', '', '61.63.182.149', '2017-12-27 09:33:38'),
(3108, 'admin', 12, 2, 2, '列表', '', '', '61.63.182.149', '2017-12-27 09:33:39'),
(3109, 'admin', 12, 1, 2, '列表', '', '', '61.63.182.149', '2017-12-27 10:00:18'),
(3110, 'admin', 12, 2, 2, '列表', '', '', '61.63.182.149', '2017-12-27 10:00:20'),
(3111, 'admin', 12, 1, 2, '列表', '', '', '61.63.182.149', '2017-12-27 10:00:21'),
(3112, 'admin', 12, 2, 2, '列表', '', '', '61.63.182.149', '2017-12-27 10:00:23'),
(3113, 'admin', 0, 0, 1, 'admin登入成功', '', '', '61.63.182.149', '2017-12-27 12:31:10'),
(3114, 'admin', 12, 2, 2, '列表', '', '', '61.63.182.149', '2017-12-27 12:31:21'),
(3115, 'admin', 7, 1, 2, '列表', '', '', '61.63.182.149', '2017-12-27 13:10:12'),
(3116, 'admin', 12, 2, 2, '列表', '', '', '61.63.182.149', '2017-12-27 13:19:02'),
(3117, 'admin', 7, 1, 2, '列表', '', '', '61.63.182.149', '2017-12-27 13:59:40'),
(3118, 'admin', 7, 2, 2, '列表', '', '', '61.63.182.149', '2017-12-27 13:59:49'),
(3119, 'admin', 7, 1, 2, '列表', '', '', '61.63.182.149', '2017-12-27 13:59:52'),
(3120, 'admin', 12, 2, 2, '列表', '', '', '61.63.182.149', '2017-12-27 14:01:28'),
(3121, 'admin', 2, 2, 2, '列表', '', '', '61.63.182.149', '2017-12-27 14:54:13'),
(3122, 'admin', 12, 2, 2, '列表', '', '', '61.63.182.149', '2017-12-27 15:01:41'),
(3123, 'admin', 12, 1, 2, '列表', '', '', '61.63.182.149', '2017-12-27 15:06:22'),
(3124, 'admin', 12, 2, 2, '列表', '', '', '61.63.182.149', '2017-12-27 15:06:37'),
(3125, 'admin', 12, 1, 2, '列表', '', '', '61.63.182.149', '2017-12-27 15:07:07'),
(3126, 'admin', 12, 2, 2, '列表', '', '', '61.63.182.149', '2017-12-27 15:07:08'),
(3127, 'admin', 12, 1, 2, '列表', '', '', '61.63.182.149', '2017-12-27 15:12:57'),
(3128, 'admin', 12, 2, 2, '列表', '', '', '61.63.182.149', '2017-12-27 15:13:14'),
(3129, 'admin', 12, 1, 2, '列表', '', '', '61.63.182.149', '2017-12-27 15:13:14'),
(3130, 'admin', 12, 2, 2, '列表', '', '', '61.63.182.149', '2017-12-27 15:13:16'),
(3131, 'admin', 12, 1, 2, '列表', '', '', '61.63.182.149', '2017-12-27 15:13:17'),
(3132, 'admin', 12, 2, 2, '列表', '', '', '61.63.182.149', '2017-12-27 15:13:18'),
(3133, 'admin', 12, 1, 2, '列表', '', '', '61.63.182.149', '2017-12-27 15:41:51'),
(3134, 'admin', 7, 1, 2, '列表', '', '', '61.63.182.149', '2017-12-27 15:41:58'),
(3135, 'admin', 12, 1, 2, '列表', '', '', '61.63.182.149', '2017-12-27 15:42:06'),
(3136, 'admin', 12, 2, 2, '列表', '', '', '61.63.182.149', '2017-12-27 15:42:25'),
(3137, 'admin', 7, 1, 2, '列表', '', '', '61.63.182.149', '2017-12-27 15:42:44'),
(3138, 'admin', 3, 1, 2, '列表', '', '', '61.63.182.149', '2017-12-27 15:43:46'),
(3139, 'admin', 3, 5, 2, '列表', '', '', '61.63.182.149', '2017-12-27 15:43:54'),
(3140, 'admin', 3, 2, 2, '列表', '', '', '61.63.182.149', '2017-12-27 15:44:03'),
(3141, 'admin', 10, 1, 2, '列表', '', '', '61.63.182.149', '2017-12-27 15:44:16'),
(3142, 'admin', 5, 1, 2, '列表', '', '', '61.63.182.149', '2017-12-27 15:44:24'),
(3143, 'admin', 5, 2, 2, '列表', '', '', '61.63.182.149', '2017-12-27 15:44:25'),
(3144, 'admin', 5, 1, 2, '列表', '', '', '61.63.182.149', '2017-12-27 15:44:27'),
(3145, 'admin', 5, 2, 2, '列表', '', '', '61.63.182.149', '2017-12-27 15:44:42'),
(3146, 'admin', 12, 2, 2, '列表', '', '', '61.63.182.149', '2017-12-27 15:44:58'),
(3147, 'admin', 7, 1, 2, '列表', '', '', '61.63.182.149', '2017-12-27 15:45:31'),
(3148, 'admin', 7, 2, 2, '列表', '', '', '61.63.182.149', '2017-12-27 15:45:47'),
(3149, 'admin', 12, 2, 2, '列表', '', '', '61.63.182.149', '2017-12-27 15:45:52'),
(3150, 'admin', 12, 1, 2, '列表', '', '', '61.63.182.149', '2017-12-27 15:50:22'),
(3151, 'admin', 12, 2, 2, '列表', '', '', '61.63.182.149', '2017-12-27 15:50:22'),
(3152, 'admin', 12, 1, 2, '列表', '', '', '61.63.182.149', '2017-12-27 15:50:44'),
(3153, 'admin', 12, 2, 2, '列表', '', '', '61.63.182.149', '2017-12-27 15:50:46'),
(3154, 'admin', 12, 1, 2, '列表', '', '', '61.63.182.149', '2017-12-27 15:50:50'),
(3155, 'admin', 12, 2, 2, '列表', '', '', '61.63.182.149', '2017-12-27 15:50:51'),
(3156, 'admin', 12, 1, 2, '列表', '', '', '61.63.182.149', '2017-12-27 16:03:23'),
(3157, 'admin', 12, 2, 2, '列表', '', '', '61.63.182.149', '2017-12-27 16:03:27'),
(3158, 'admin', 12, 1, 2, '列表', '', '', '61.63.182.149', '2017-12-27 16:03:28'),
(3159, 'admin', 12, 2, 2, '列表', '', '', '61.63.182.149', '2017-12-27 16:03:31'),
(3160, 'admin', 7, 1, 2, '列表', '', '', '61.63.182.149', '2017-12-27 16:05:58'),
(3161, 'admin', 7, 2, 2, '列表', '', '', '61.63.182.149', '2017-12-27 16:05:59'),
(3162, 'admin', 12, 2, 2, '列表', '', '', '61.63.182.149', '2017-12-27 16:06:06'),
(3163, 'admin', 12, 1, 2, '列表', '', '', '61.63.182.149', '2017-12-27 16:07:20'),
(3164, 'admin', 12, 2, 2, '列表', '', '', '61.63.182.149', '2017-12-27 16:07:57'),
(3165, 'admin', 12, 1, 2, '列表', '', '', '61.63.182.149', '2017-12-27 16:08:30'),
(3166, 'admin', 7, 1, 2, '列表', '', '', '61.63.182.149', '2017-12-27 16:22:31'),
(3167, 'admin', 12, 1, 2, '列表', '', '', '61.63.182.149', '2017-12-27 16:23:39'),
(3168, 'admin', 12, 2, 2, '列表', '', '', '61.63.182.149', '2017-12-27 16:34:16'),
(3169, 'admin', 12, 1, 2, '列表', '', '', '61.63.182.149', '2017-12-27 16:34:16'),
(3170, 'admin', 12, 2, 2, '列表', '', '', '61.63.182.149', '2017-12-27 16:34:25'),
(3171, 'admin', 12, 1, 2, '列表', '', '', '61.63.182.149', '2017-12-27 16:35:42'),
(3172, 'admin', 12, 2, 2, '列表', '', '', '61.63.182.149', '2017-12-27 16:37:22'),
(3173, 'admin', 12, 1, 2, '列表', '', '', '61.63.182.149', '2017-12-27 16:37:23'),
(3174, 'admin', 12, 2, 2, '列表', '', '', '61.63.182.149', '2017-12-27 16:37:24'),
(3175, 'admin', 12, 1, 2, '列表', '', '', '61.63.182.149', '2017-12-27 16:38:18'),
(3176, 'admin', 12, 2, 2, '列表', '', '', '61.63.182.149', '2017-12-27 16:38:19'),
(3177, 'admin', 12, 1, 2, '列表', '', '', '61.63.182.149', '2017-12-27 16:38:21'),
(3178, 'admin', 12, 2, 2, '列表', '', '', '61.63.182.149', '2017-12-27 16:38:52'),
(3179, 'admin', 12, 1, 2, '列表', '', '', '61.63.182.149', '2017-12-27 16:38:53'),
(3180, 'admin', 12, 2, 2, '列表', '', '', '61.63.182.149', '2017-12-27 16:43:18'),
(3181, 'admin', 12, 1, 2, '列表', '', '', '61.63.182.149', '2017-12-27 16:44:42'),
(3182, 'admin', 12, 2, 2, '列表', '', '', '61.63.182.149', '2017-12-27 16:46:26'),
(3183, 'admin', 12, 1, 2, '列表', '', '', '61.63.182.149', '2017-12-27 16:48:21'),
(3184, 'admin', 12, 2, 2, '列表', '', '', '61.63.182.149', '2017-12-27 16:49:28'),
(3185, 'admin', 12, 1, 2, '列表', '', '', '61.63.182.149', '2017-12-27 16:49:29'),
(3186, 'admin', 12, 2, 2, '列表', '', '', '61.63.182.149', '2017-12-27 16:49:31'),
(3187, 'guest', 0, 0, 1, 'admin登入成功', '', '', '211.21.65.1', '2017-12-27 16:49:41'),
(3188, 'admin', 12, 1, 2, '列表', '', '', '61.63.182.149', '2017-12-27 16:50:17'),
(3189, 'admin', 7, 1, 2, '列表', '', '', '61.63.182.149', '2017-12-27 16:50:57'),
(3190, 'admin', 7, 2, 2, '列表', '', '', '61.63.182.149', '2017-12-27 16:51:01'),
(3191, 'admin', 7, 3, 2, '列表', '', '', '61.63.182.149', '2017-12-27 16:51:03'),
(3192, 'admin', 7, 1, 2, '列表', '', '', '61.63.182.149', '2017-12-27 16:51:06'),
(3193, 'admin', 12, 1, 2, '列表', '', '', '61.63.182.149', '2017-12-27 16:51:09'),
(3194, 'admin', 12, 2, 2, '列表', '', '', '61.63.182.149', '2017-12-27 16:52:04'),
(3195, 'admin', 12, 1, 2, '列表', '', '', '61.63.182.149', '2017-12-27 16:54:36'),
(3196, 'admin', 12, 2, 2, '列表', '', '', '61.63.182.149', '2017-12-27 16:55:24'),
(3197, 'admin', 0, 0, 1, 'admin登入成功', '', '', '61.63.182.149', '2017-12-27 16:58:56'),
(3198, 'admin', 12, 2, 2, '列表', '', '', '61.63.182.149', '2017-12-27 16:59:01'),
(3199, 'test', 7, 2, 2, '列表', '', '', '211.21.65.1', '2017-12-27 17:12:37'),
(3200, 'test', 8, 1, 2, '列表', '', '', '211.21.65.1', '2017-12-27 17:31:25'),
(3201, 'test', 8, 2, 2, '列表', '', '', '211.21.65.1', '2017-12-27 17:31:27');
INSERT INTO `managerlogs` (`no`, `account`, `main_key`, `fun_key`, `action`, `descript`, `table`, `data`, `ip`, `addtime`) VALUES
(3202, 'test', 8, 1, 2, '列表', '', '', '211.21.65.1', '2017-12-27 17:31:28'),
(3203, 'test', 9, 1, 2, '列表', '', '', '211.21.65.1', '2017-12-27 17:31:39'),
(3204, 'test', 12, 2, 2, '列表', '', '', '211.21.65.1', '2017-12-27 17:35:49'),
(3205, 'test', 5, 2, 2, '列表', '', '', '211.21.65.1', '2017-12-27 17:36:44'),
(3206, 'test', 9, 1, 2, '列表', '', '', '211.21.65.1', '2017-12-27 17:46:25'),
(3207, 'admin', 0, 0, 1, 'admin登入成功', '', '', '175.182.69.145', '2017-12-27 17:46:36'),
(3208, 'test', 8, 2, 2, '列表', '', '', '211.21.65.1', '2017-12-27 17:46:48'),
(3209, 'test', 8, 1, 2, '列表', '', '', '211.21.65.1', '2017-12-27 17:46:49'),
(3210, 'test', 8, 1, 2, '列表', '', '', '211.21.65.1', '2017-12-27 17:49:05'),
(3211, 'test', 3, 1, 2, '列表', '', '', '211.21.65.1', '2017-12-27 17:49:51'),
(3212, 'test', 3, 5, 2, '列表', '', '', '211.21.65.1', '2017-12-27 17:49:52'),
(3213, 'test', 3, 2, 2, '列表', '', '', '211.21.65.1', '2017-12-27 17:49:53'),
(3214, 'test', 3, 4, 2, '列表', '', '', '211.21.65.1', '2017-12-27 17:49:55'),
(3215, 'test', 3, 3, 2, '列表', '', '', '211.21.65.1', '2017-12-27 17:49:55'),
(3216, 'test', 7, 1, 2, '列表', '', '', '211.21.65.1', '2017-12-27 17:49:57'),
(3217, 'test', 4, 1, 2, '列表', '', '', '211.21.65.1', '2017-12-27 17:50:03'),
(3218, 'test', 4, 2, 2, '列表', '', '', '211.21.65.1', '2017-12-27 17:50:04'),
(3219, 'test', 5, 1, 2, '列表', '', '', '211.21.65.1', '2017-12-27 17:50:07'),
(3220, 'admin', 9, 1, 2, '列表', '', '', '175.182.69.145', '2017-12-27 17:50:08'),
(3221, 'test', 5, 2, 2, '列表', '', '', '211.21.65.1', '2017-12-27 17:50:08'),
(3222, 'test', 10, 1, 2, '列表', '', '', '211.21.65.1', '2017-12-27 17:50:10'),
(3223, 'test', 11, 1, 2, '列表', '', '', '211.21.65.1', '2017-12-27 17:50:13'),
(3224, 'test', 11, 2, 2, '列表', '', '', '211.21.65.1', '2017-12-27 17:50:14'),
(3225, 'test', 2, 1, 2, '列表', '', '', '211.21.65.1', '2017-12-27 17:50:16'),
(3226, 'test', 1, 1, 2, '列表', '', '', '211.21.65.1', '2017-12-27 17:50:18'),
(3227, 'admin', 3, 2, 2, '列表', '', '', '175.182.69.145', '2017-12-27 17:50:19'),
(3228, 'admin', 3, 4, 2, '列表', '', '', '175.182.69.145', '2017-12-27 17:50:20'),
(3229, 'test', 10, 2, 2, '列表', '', '', '211.21.65.1', '2017-12-27 17:50:20'),
(3230, 'admin', 3, 2, 2, '列表', '', '', '175.182.69.145', '2017-12-27 17:50:35'),
(3231, 'admin', 3, 4, 2, '列表', '', '', '175.182.69.145', '2017-12-27 17:50:56'),
(3232, 'admin', 0, 0, 1, 'admin登入成功', '', '', '59.127.37.46', '2017-12-27 17:51:26'),
(3233, 'admin', 4, 2, 2, '列表', '', '', '59.127.37.46', '2017-12-27 17:51:30'),
(3234, 'admin', 4, 1, 2, '列表', '', '', '59.127.37.46', '2017-12-27 17:51:32'),
(3235, 'admin', 4, 2, 2, '列表', '', '', '59.127.37.46', '2017-12-27 17:51:42'),
(3236, 'test', 11, 1, 2, '列表', '', '', '211.21.65.1', '2017-12-27 17:57:44'),
(3237, 'test', 5, 1, 2, '列表', '', '', '211.21.65.1', '2017-12-27 17:58:20'),
(3238, 'test', 5, 2, 2, '列表', '', '', '211.21.65.1', '2017-12-27 17:58:23'),
(3239, 'test', 12, 1, 2, '列表', '', '', '211.21.65.1', '2017-12-27 17:58:26'),
(3240, 'test', 12, 2, 2, '列表', '', '', '211.21.65.1', '2017-12-27 17:58:27'),
(3241, 'test', 8, 1, 2, '列表', '', '', '211.21.65.1', '2017-12-27 17:58:41'),
(3242, 'admin', 9, 1, 2, '列表', '', '', '175.182.69.145', '2017-12-27 18:01:22'),
(3243, 'admin', 9, 1, 2, '列表', '', '', '59.127.37.46', '2017-12-27 18:03:26'),
(3244, 'guest', 0, 0, 1, 'admin登入成功', '', '', '211.21.65.1', '2017-12-27 18:03:46'),
(3245, 'guest', 12, 1, 2, '列表', '', '', '211.21.65.1', '2017-12-27 18:03:50'),
(3246, 'guest', 12, 2, 2, '列表', '', '', '211.21.65.1', '2017-12-27 18:03:51'),
(3247, 'guest', 12, 1, 2, '列表', '', '', '211.21.65.1', '2017-12-27 18:03:52'),
(3248, 'admin', 8, 2, 2, '列表', '', '', '59.127.37.46', '2017-12-27 18:03:52'),
(3249, 'guest', 12, 2, 2, '列表', '', '', '211.21.65.1', '2017-12-27 18:03:53'),
(3250, 'admin', 8, 1, 2, '列表', '', '', '59.127.37.46', '2017-12-27 18:03:56'),
(3251, 'guest', 4, 2, 2, '列表', '', '', '211.21.65.1', '2017-12-27 18:03:57'),
(3252, 'admin', 8, 2, 2, '列表', '', '', '59.127.37.46', '2017-12-27 18:04:09'),
(3253, 'admin', 9, 1, 2, '列表', '', '', '59.127.37.46', '2017-12-27 18:04:11'),
(3254, 'guest', 4, 1, 2, '列表', '', '', '211.21.65.1', '2017-12-27 18:04:13'),
(3255, 'guest', 4, 2, 2, '列表', '', '', '211.21.65.1', '2017-12-27 18:04:31'),
(3256, 'guest', 4, 1, 2, '列表', '', '', '211.21.65.1', '2017-12-27 18:04:34'),
(3257, 'guest', 4, 2, 2, '列表', '', '', '211.21.65.1', '2017-12-27 18:04:36'),
(3258, 'guest', 4, 1, 2, '列表', '', '', '211.21.65.1', '2017-12-27 18:04:39'),
(3259, 'guest', 4, 2, 2, '列表', '', '', '211.21.65.1', '2017-12-27 18:04:48'),
(3260, 'guest', 4, 1, 2, '列表', '', '', '211.21.65.1', '2017-12-27 18:05:44'),
(3261, 'admin', 9, 1, 8, '紅陽 id:1', '', '', '59.127.37.46', '2017-12-27 18:11:07'),
(3262, 'guest', 7, 1, 2, '列表', '', '', '211.21.65.1', '2017-12-27 18:15:24'),
(3263, 'guest', 11, 2, 2, '列表', '', '', '211.21.65.1', '2017-12-27 18:15:42'),
(3264, 'guest', 11, 1, 2, '列表', '', '', '211.21.65.1', '2017-12-27 18:16:13'),
(3265, 'guest', 11, 2, 2, '列表', '', '', '211.21.65.1', '2017-12-27 18:16:26'),
(3266, 'guest', 11, 1, 2, '列表', '', '', '211.21.65.1', '2017-12-27 18:16:33'),
(3267, 'guest', 11, 2, 2, '列表', '', '', '211.21.65.1', '2017-12-27 18:16:44'),
(3268, 'guest', 3, 5, 2, '列表', '', '', '211.21.65.1', '2017-12-27 18:21:54'),
(3269, 'guest', 3, 2, 2, '列表', '', '', '211.21.65.1', '2017-12-27 18:21:55'),
(3270, 'guest', 6, 1, 2, '列表', '', '', '211.21.65.1', '2017-12-27 18:22:59'),
(3271, 'admin', 0, 0, 1, 'admin登入成功', '', '', '59.127.37.46', '2017-12-28 10:26:23'),
(3272, 'admin', 12, 2, 2, '列表', '', '', '59.127.37.46', '2017-12-28 10:51:06'),
(3273, 'admin', 12, 1, 2, '列表', '', '', '59.127.37.46', '2017-12-28 10:51:44'),
(3274, 'admin', 12, 2, 2, '列表', '', '', '59.127.37.46', '2017-12-28 10:51:45'),
(3275, 'admin', 12, 1, 2, '列表', '', '', '59.127.37.46', '2017-12-28 10:58:47'),
(3276, 'admin', 12, 2, 2, '列表', '', '', '59.127.37.46', '2017-12-28 11:14:39'),
(3277, 'admin', 9, 1, 2, '列表', '', '', '59.127.37.46', '2017-12-28 11:15:09'),
(3278, 'admin', 0, 0, 1, 'admin登入成功', '', '', '61.63.182.149', '2017-12-28 11:53:55'),
(3279, 'admin', 12, 2, 2, '列表', '', '', '61.63.182.149', '2017-12-28 11:54:02'),
(3280, 'admin', 12, 1, 2, '列表', '', '', '61.63.182.149', '2017-12-28 11:57:04'),
(3281, 'admin', 0, 0, 1, 'admin登入成功', '', '', '61.63.182.149', '2017-12-28 13:06:15'),
(3282, 'admin', 12, 2, 2, '列表', '', '', '61.63.182.149', '2017-12-28 13:09:31'),
(3283, 'admin', 12, 1, 2, '列表', '', '', '61.63.182.149', '2017-12-28 13:14:50'),
(3284, 'admin', 12, 2, 2, '列表', '', '', '61.63.182.149', '2017-12-28 14:04:58'),
(3285, 'admin', 12, 1, 2, '列表', '', '', '61.63.182.149', '2017-12-28 14:05:00'),
(3286, 'admin', 0, 0, 1, 'admin登入成功', '', '', '120.108.127.29', '2017-12-28 14:22:11'),
(3287, 'admin', 8, 1, 2, '列表', '', '', '120.108.127.29', '2017-12-28 14:24:06'),
(3288, 'admin', 8, 2, 2, '列表', '', '', '120.108.127.29', '2017-12-28 14:24:07'),
(3289, 'admin', 8, 1, 2, '列表', '', '', '120.108.127.29', '2017-12-28 14:24:09'),
(3290, 'admin', 12, 2, 2, '列表', '', '', '61.63.182.149', '2017-12-28 14:30:03'),
(3291, 'admin', 12, 1, 2, '列表', '', '', '61.63.182.149', '2017-12-28 14:30:14'),
(3292, 'admin', 0, 0, 1, 'admin登入成功', '', '', '59.127.37.46', '2017-12-28 15:06:42'),
(3293, 'admin', 5, 1, 2, '列表', '', '', '59.127.37.46', '2017-12-28 15:09:31'),
(3294, 'admin', 7, 1, 2, '列表', '', '', '59.127.37.46', '2017-12-28 15:09:34'),
(3295, 'admin', 12, 2, 2, '列表', '', '', '59.127.37.46', '2017-12-28 15:09:45'),
(3296, 'admin', 0, 0, 1, 'admin登入成功', '', '', '120.108.127.29', '2017-12-28 15:37:15'),
(3297, 'admin', 9, 1, 2, '列表', '', '', '120.108.127.29', '2017-12-28 15:37:23'),
(3298, 'admin', 9, 1, 8, '紅陽 id:1', '', '', '120.108.127.29', '2017-12-28 16:04:48'),
(3299, 'admin', 9, 1, 2, '列表', '', '', '59.127.37.46', '2017-12-28 16:08:09'),
(3300, 'admin', 9, 1, 8, '紅陽 id:1', '', '', '59.127.37.46', '2017-12-28 16:11:15'),
(3301, 'admin', 7, 1, 2, '列表', '', '', '61.63.182.149', '2017-12-28 16:11:59'),
(3302, 'admin', 12, 1, 2, '列表', '', '', '61.63.182.149', '2017-12-28 16:12:05'),
(3303, 'admin', 0, 0, 1, 'admin登入成功', '', '', '61.63.182.149', '2017-12-28 16:14:23'),
(3304, 'admin', 12, 1, 2, '列表', '', '', '61.63.182.149', '2017-12-28 16:14:28'),
(3305, 'admin', 5, 2, 2, '列表', '', '', '61.63.182.149', '2017-12-28 16:17:50'),
(3306, 'admin', 12, 1, 2, '列表', '', '', '61.63.182.149', '2017-12-28 16:18:13'),
(3307, 'admin', 8, 1, 2, '列表', '', '', '120.108.127.29', '2017-12-28 16:34:41'),
(3308, 'admin', 8, 2, 2, '列表', '', '', '120.108.127.29', '2017-12-28 16:34:44'),
(3309, 'admin', 8, 1, 2, '列表', '', '', '120.108.127.29', '2017-12-28 16:34:46'),
(3310, 'admin', 9, 1, 2, '列表', '', '', '59.127.37.46', '2017-12-28 16:49:55'),
(3311, 'admin', 12, 2, 2, '列表', '', '', '59.127.37.46', '2017-12-28 16:50:01'),
(3312, 'guest', 0, 0, 1, 'admin登入成功', '', '', '211.21.65.1', '2017-12-28 17:06:33'),
(3313, 'test', 12, 2, 2, '列表', '', '', '211.21.65.1', '2017-12-28 17:06:54'),
(3314, 'test', 12, 1, 2, '列表', '', '', '211.21.65.1', '2017-12-28 17:07:00'),
(3315, 'test', 4, 1, 2, '列表', '', '', '211.21.65.1', '2017-12-28 17:07:02'),
(3316, 'test', 4, 2, 2, '列表', '', '', '211.21.65.1', '2017-12-28 17:07:03'),
(3317, 'test', 4, 1, 2, '列表', '', '', '211.21.65.1', '2017-12-28 17:07:08'),
(3318, 'test', 5, 1, 2, '列表', '', '', '211.21.65.1', '2017-12-28 17:07:10'),
(3319, 'test', 5, 2, 2, '列表', '', '', '211.21.65.1', '2017-12-28 17:07:11'),
(3320, 'test', 10, 1, 2, '列表', '', '', '211.21.65.1', '2017-12-28 17:07:14'),
(3321, 'test', 11, 1, 2, '列表', '', '', '211.21.65.1', '2017-12-28 17:07:16'),
(3322, 'test', 3, 1, 2, '列表', '', '', '211.21.65.1', '2017-12-28 17:08:17'),
(3323, 'test', 3, 5, 2, '列表', '', '', '211.21.65.1', '2017-12-28 17:08:19'),
(3324, 'test', 3, 2, 2, '列表', '', '', '211.21.65.1', '2017-12-28 17:08:20'),
(3325, 'test', 7, 1, 2, '列表', '', '', '211.21.65.1', '2017-12-28 17:09:00'),
(3326, 'test', 4, 2, 2, '列表', '', '', '211.21.65.1', '2017-12-28 17:09:05'),
(3327, 'test', 4, 1, 2, '列表', '', '', '211.21.65.1', '2017-12-28 17:09:06'),
(3328, 'test', 4, 2, 2, '列表', '', '', '211.21.65.1', '2017-12-28 17:09:10'),
(3329, 'test', 9, 1, 2, '列表', '', '', '211.21.65.1', '2017-12-28 17:09:47'),
(3330, 'guest', 5, 1, 2, '列表', '', '', '211.21.65.1', '2017-12-28 17:18:26'),
(3331, 'guest', 5, 2, 2, '列表', '', '', '211.21.65.1', '2017-12-28 17:18:27'),
(3332, 'admin', 12, 2, 2, '列表', '', '', '61.63.182.149', '2017-12-28 17:33:05'),
(3333, 'admin', 12, 1, 2, '列表', '', '', '61.63.182.149', '2017-12-28 17:33:06'),
(3334, 'admin', 0, 0, 1, 'admin登入成功', '', '', '61.63.182.149', '2017-12-28 17:36:45'),
(3335, 'admin', 12, 1, 2, '列表', '', '', '61.63.182.149', '2017-12-28 17:36:49'),
(3336, 'admin', 12, 2, 2, '列表', '', '', '61.63.182.149', '2017-12-28 17:37:36'),
(3337, 'admin', 12, 1, 2, '列表', '', '', '61.63.182.149', '2017-12-28 17:37:37'),
(3338, 'admin', 12, 2, 2, '列表', '', '', '61.63.182.149', '2017-12-28 17:41:35'),
(3339, 'admin', 12, 1, 2, '列表', '', '', '61.63.182.149', '2017-12-28 17:41:36'),
(3340, 'guest', 3, 1, 2, '列表', '', '', '211.21.65.1', '2017-12-28 17:44:00'),
(3341, 'guest', 3, 5, 2, '列表', '', '', '211.21.65.1', '2017-12-28 17:44:01'),
(3342, 'guest', 3, 2, 2, '列表', '', '', '211.21.65.1', '2017-12-28 17:44:02'),
(3343, 'guest', 3, 1, 2, '列表', '', '', '211.21.65.1', '2017-12-28 17:44:04'),
(3344, 'guest', 3, 2, 2, '列表', '', '', '211.21.65.1', '2017-12-28 17:44:07'),
(3345, 'guest', 3, 4, 2, '列表', '', '', '211.21.65.1', '2017-12-28 17:45:17'),
(3346, 'guest', 3, 2, 2, '列表', '', '', '211.21.65.1', '2017-12-28 17:46:48'),
(3347, 'guest', 3, 4, 2, '列表', '', '', '211.21.65.1', '2017-12-28 17:46:51'),
(3348, 'guest', 4, 1, 2, '列表', '', '', '211.21.65.1', '2017-12-28 17:48:05'),
(3349, 'guest', 4, 2, 2, '列表', '', '', '211.21.65.1', '2017-12-28 17:48:16'),
(3350, 'guest', 5, 2, 2, '列表', '', '', '211.21.65.1', '2017-12-28 17:49:58'),
(3351, 'guest', 5, 1, 2, '列表', '', '', '211.21.65.1', '2017-12-28 17:50:00'),
(3352, 'test', 5, 2, 2, '列表', '', '', '211.21.65.1', '2017-12-28 17:55:38'),
(3353, 'test', 5, 1, 2, '列表', '', '', '211.21.65.1', '2017-12-28 17:55:39'),
(3354, 'test', 5, 3, 8, 'id:1,2,3,4,5,6,7,8,9,10,11', '', '', '211.21.65.1', '2017-12-28 17:55:50'),
(3355, 'test', 2, 1, 2, '列表', '', '', '211.21.65.1', '2017-12-28 17:58:30'),
(3356, 'test', 2, 2, 2, '列表', '', '', '211.21.65.1', '2017-12-28 17:58:31'),
(3357, 'admin', 12, 2, 2, '列表', '', '', '61.63.182.149', '2017-12-28 18:03:36'),
(3358, 'guest', 0, 0, 1, 'admin登入成功', '', '', '211.21.65.1', '2017-12-28 21:21:42'),
(3359, 'test', 7, 1, 2, '列表', '', '', '211.21.65.1', '2017-12-28 21:22:17'),
(3360, 'test', 3, 1, 2, '列表', '', '', '211.21.65.1', '2017-12-28 21:35:35'),
(3361, 'test', 3, 5, 2, '列表', '', '', '211.21.65.1', '2017-12-28 21:35:37'),
(3362, 'test', 3, 2, 2, '列表', '', '', '211.21.65.1', '2017-12-28 21:35:38'),
(3363, 'test', 7, 1, 2, '列表', '', '', '211.21.65.1', '2017-12-28 21:35:43'),
(3364, 'admin', 0, 0, 1, 'admin登入成功', '', '', '175.182.69.145', '2017-12-28 22:29:42'),
(3365, 'admin', 9, 1, 2, '列表', '', '', '175.182.69.145', '2017-12-28 22:29:52'),
(3366, 'admin', 9, 1, 8, '紅陽 id:1', '', '', '175.182.69.145', '2017-12-28 22:29:58'),
(3367, 'admin', 8, 2, 2, '列表', '', '', '175.182.69.145', '2017-12-28 22:30:15'),
(3368, 'admin', 8, 2, 8, '宅配/快遞 id:1', '', '', '175.182.69.145', '2017-12-28 22:31:31'),
(3369, 'admin', 8, 2, 4, '營業據點取貨 id:3', '', '', '175.182.69.145', '2017-12-28 22:32:02'),
(3370, 'admin', 8, 1, 2, '列表', '', '', '175.182.69.145', '2017-12-28 22:32:07'),
(3371, 'admin', 8, 2, 2, '列表', '', '', '175.182.69.145', '2017-12-28 22:32:07'),
(3372, 'admin', 8, 1, 2, '列表', '', '', '175.182.69.145', '2017-12-28 22:32:08'),
(3373, 'admin', 0, 0, 1, 'admin登入成功', '', '', '175.182.69.145', '2017-12-29 13:52:33'),
(3374, 'admin', 9, 1, 2, '列表', '', '', '175.182.69.145', '2017-12-29 13:52:38'),
(3375, 'admin', 0, 0, 1, 'admin登入成功', '', '', '175.182.69.145', '2017-12-29 14:50:40'),
(3376, 'admin', 8, 2, 2, '列表', '', '', '175.182.69.145', '2017-12-29 14:50:44'),
(3377, 'admin', 8, 1, 2, '列表', '', '', '175.182.69.145', '2017-12-29 14:50:53'),
(3378, 'admin', 8, 2, 2, '列表', '', '', '175.182.69.145', '2017-12-29 14:52:34'),
(3379, 'admin', 8, 1, 2, '列表', '', '', '175.182.69.145', '2017-12-29 14:52:39'),
(3380, 'admin', 8, 1, 4, '營業據點取貨 id:3', '', '', '175.182.69.145', '2017-12-29 14:53:15'),
(3381, 'admin', 8, 1, 16, '1筆資料(\'3\')', '', '', '175.182.69.145', '2017-12-29 14:53:40'),
(3382, 'guest', 0, 0, 1, 'admin登入成功', '', '', '211.21.65.1', '2017-12-29 15:35:13'),
(3383, 'guest', 3, 1, 2, '列表', '', '', '211.21.65.1', '2017-12-29 15:35:31'),
(3384, 'guest', 9, 1, 2, '列表', '', '', '211.21.65.1', '2017-12-29 15:35:34'),
(3385, 'guest', 8, 2, 2, '列表', '', '', '211.21.65.1', '2017-12-29 15:35:43'),
(3386, 'guest', 8, 1, 2, '列表', '', '', '211.21.65.1', '2017-12-29 15:35:43'),
(3387, 'test', 5, 1, 2, '列表', '', '', '211.21.65.1', '2017-12-29 15:42:51'),
(3388, 'test', 10, 1, 2, '列表', '', '', '211.21.65.1', '2017-12-29 15:42:52'),
(3389, 'test', 6, 1, 2, '列表', '', '', '211.21.65.1', '2017-12-29 15:42:55'),
(3390, 'test', 6, 2, 2, '列表', '', '', '211.21.65.1', '2017-12-29 15:42:56'),
(3391, 'test', 11, 1, 2, '列表', '', '', '211.21.65.1', '2017-12-29 15:43:02'),
(3392, 'test', 11, 2, 2, '列表', '', '', '211.21.65.1', '2017-12-29 15:43:03'),
(3393, 'test', 2, 1, 2, '列表', '', '', '211.21.65.1', '2017-12-29 15:46:17'),
(3394, 'test', 2, 2, 2, '列表', '', '', '211.21.65.1', '2017-12-29 15:46:18'),
(3395, 'test', 1, 1, 2, '列表', '', '', '211.21.65.1', '2017-12-29 15:46:20'),
(3396, 'test', 10, 2, 2, '列表', '', '', '211.21.65.1', '2017-12-29 15:46:22'),
(3397, 'test', 10, 1, 2, '列表', '', '', '211.21.65.1', '2017-12-29 15:46:26'),
(3398, 'test', 10, 2, 2, '列表', '', '', '211.21.65.1', '2017-12-29 15:46:32'),
(3399, 'test', 10, 1, 2, '列表', '', '', '211.21.65.1', '2017-12-29 15:47:12'),
(3400, 'test', 3, 1, 2, '列表', '', '', '211.21.65.1', '2017-12-29 16:11:10'),
(3401, 'test', 3, 5, 2, '列表', '', '', '211.21.65.1', '2017-12-29 16:11:14'),
(3402, 'test', 3, 2, 2, '列表', '', '', '211.21.65.1', '2017-12-29 16:11:17'),
(3403, 'test', 3, 3, 2, '列表', '', '', '211.21.65.1', '2017-12-29 16:11:35'),
(3404, 'test', 3, 4, 2, '列表', '', '', '211.21.65.1', '2017-12-29 16:11:37'),
(3405, 'test', 3, 2, 2, '列表', '', '', '211.21.65.1', '2017-12-29 16:11:37'),
(3406, 'test', 3, 4, 2, '列表', '', '', '211.21.65.1', '2017-12-29 16:11:51'),
(3407, 'test', 3, 4, 2, '列表', '', '', '211.21.65.1', '2017-12-29 16:12:39'),
(3408, 'test', 10, 1, 2, '列表', '', '', '211.21.65.1', '2017-12-29 17:48:39'),
(3409, 'test', 4, 2, 2, '列表', '', '', '211.21.65.1', '2017-12-29 17:48:49'),
(3410, 'test', 3, 2, 2, '列表', '', '', '211.21.65.1', '2017-12-29 18:15:14'),
(3411, 'test', 3, 4, 2, '列表', '', '', '211.21.65.1', '2017-12-29 18:15:15'),
(3412, 'test', 7, 1, 2, '列表', '', '', '211.21.65.1', '2017-12-29 18:33:59'),
(3413, 'test', 7, 3, 2, '列表', '', '', '211.21.65.1', '2017-12-29 18:34:01'),
(3414, 'test', 7, 2, 2, '列表', '', '', '211.21.65.1', '2017-12-29 18:34:02'),
(3415, 'guest', 0, 0, 1, 'admin登入成功', '', '', '211.21.65.1', '2017-12-31 13:07:35'),
(3416, 'guest', 3, 1, 2, '列表', '', '', '211.21.65.1', '2017-12-31 13:07:40'),
(3417, 'guest', 3, 5, 2, '列表', '', '', '211.21.65.1', '2017-12-31 13:07:41'),
(3418, 'guest', 3, 2, 2, '列表', '', '', '211.21.65.1', '2017-12-31 13:07:42'),
(3419, 'guest', 7, 1, 2, '列表', '', '', '211.21.65.1', '2017-12-31 13:08:04'),
(3420, 'guest', 12, 2, 2, '列表', '', '', '211.21.65.1', '2017-12-31 13:10:29'),
(3421, 'guest', 4, 1, 2, '列表', '', '', '211.21.65.1', '2017-12-31 13:10:56'),
(3422, 'guest', 4, 2, 2, '列表', '', '', '211.21.65.1', '2017-12-31 13:10:58'),
(3423, 'guest', 4, 1, 2, '列表', '', '', '211.21.65.1', '2017-12-31 13:10:59'),
(3424, 'guest', 4, 2, 2, '列表', '', '', '211.21.65.1', '2017-12-31 13:11:05'),
(3425, 'guest', 5, 1, 2, '列表', '', '', '211.21.65.1', '2017-12-31 13:11:25'),
(3426, 'guest', 10, 1, 2, '列表', '', '', '211.21.65.1', '2017-12-31 13:11:31'),
(3427, 'guest', 8, 1, 2, '列表', '', '', '211.21.65.1', '2017-12-31 13:11:47'),
(3428, 'guest', 9, 1, 2, '列表', '', '', '211.21.65.1', '2017-12-31 13:12:33'),
(3429, 'guest', 7, 3, 2, '列表', '', '', '211.21.65.1', '2017-12-31 13:13:50'),
(3430, 'guest', 7, 1, 2, '列表', '', '', '211.21.65.1', '2017-12-31 13:13:52'),
(3431, 'guest', 7, 2, 2, '列表', '', '', '211.21.65.1', '2017-12-31 13:13:54'),
(3432, 'guest', 7, 2, 8, '{id:1513654966', '', '', '211.21.65.1', '2017-12-31 13:14:06'),
(3433, 'guest', 7, 3, 2, '列表', '', '', '211.21.65.1', '2017-12-31 13:14:07'),
(3434, 'test', 3, 1, 2, '列表', '', '', '211.21.65.1', '2017-12-31 13:30:12'),
(3435, 'test', 3, 2, 2, '列表', '', '', '211.21.65.1', '2017-12-31 13:30:13'),
(3436, 'guest', 3, 1, 2, '列表', '', '', '211.21.65.1', '2017-12-31 14:41:14'),
(3437, 'guest', 3, 5, 2, '列表', '', '', '211.21.65.1', '2017-12-31 14:41:15'),
(3438, 'guest', 3, 2, 2, '列表', '', '', '211.21.65.1', '2017-12-31 14:41:16'),
(3439, 'guest', 7, 1, 2, '列表', '', '', '211.21.65.1', '2017-12-31 14:41:45'),
(3440, 'guest', 6, 1, 2, '列表', '', '', '211.21.65.1', '2017-12-31 14:42:00'),
(3441, 'guest', 6, 2, 2, '列表', '', '', '211.21.65.1', '2017-12-31 14:42:02'),
(3442, 'guest', 11, 1, 2, '列表', '', '', '211.21.65.1', '2017-12-31 14:42:04'),
(3443, 'guest', 11, 2, 2, '列表', '', '', '211.21.65.1', '2017-12-31 14:42:05'),
(3444, 'guest', 8, 2, 2, '列表', '', '', '211.21.65.1', '2017-12-31 14:42:07'),
(3445, 'guest', 8, 1, 2, '列表', '', '', '211.21.65.1', '2017-12-31 14:42:08'),
(3446, 'guest', 9, 1, 2, '列表', '', '', '211.21.65.1', '2017-12-31 14:42:12'),
(3447, 'guest', 5, 1, 2, '列表', '', '', '211.21.65.1', '2017-12-31 14:42:24'),
(3448, 'guest', 5, 2, 2, '列表', '', '', '211.21.65.1', '2017-12-31 14:42:27'),
(3449, 'guest', 7, 1, 2, '列表', '', '', '211.21.65.1', '2017-12-31 14:42:31'),
(3450, 'guest', 7, 2, 2, '列表', '', '', '211.21.65.1', '2017-12-31 14:42:33'),
(3451, 'guest', 7, 1, 2, '列表', '', '', '211.21.65.1', '2017-12-31 14:42:40'),
(3452, 'test', 7, 1, 2, '列表', '', '', '211.21.65.1', '2017-12-31 17:58:05'),
(3453, 'test', 3, 1, 2, '列表', '', '', '211.21.65.1', '2017-12-31 17:58:11'),
(3454, 'test', 3, 2, 2, '列表', '', '', '211.21.65.1', '2017-12-31 17:58:12'),
(3455, 'guest', 7, 1, 2, '列表', '', '', '211.21.65.1', '2017-12-31 18:09:17'),
(3456, 'guest', 9, 1, 2, '列表', '', '', '211.21.65.1', '2017-12-31 18:10:50'),
(3457, 'guest', 2, 2, 2, '列表', '', '', '211.21.65.1', '2017-12-31 18:11:13'),
(3458, 'test', 9, 1, 2, '列表', '', '', '211.21.65.1', '2017-12-31 18:12:54'),
(3459, 'test', 11, 1, 2, '列表', '', '', '211.21.65.1', '2017-12-31 18:14:44'),
(3460, 'test', 4, 2, 2, '列表', '', '', '211.21.65.1', '2017-12-31 18:22:11'),
(3461, 'guest', 3, 1, 2, '列表', '', '', '211.21.65.1', '2017-12-31 19:42:01'),
(3462, 'guest', 3, 5, 2, '列表', '', '', '211.21.65.1', '2017-12-31 19:42:41'),
(3463, 'guest', 3, 2, 2, '列表', '', '', '211.21.65.1', '2017-12-31 19:43:07'),
(3464, 'guest', 3, 3, 2, '列表', '', '', '211.21.65.1', '2017-12-31 19:43:39'),
(3465, 'guest', 3, 4, 2, '列表', '', '', '211.21.65.1', '2017-12-31 19:44:55'),
(3466, 'guest', 7, 1, 2, '列表', '', '', '211.21.65.1', '2017-12-31 19:45:26'),
(3467, 'guest', 7, 2, 2, '列表', '', '', '211.21.65.1', '2017-12-31 19:47:25'),
(3468, 'guest', 7, 3, 2, '列表', '', '', '211.21.65.1', '2017-12-31 19:47:56'),
(3469, 'guest', 12, 2, 2, '列表', '', '', '211.21.65.1', '2017-12-31 19:49:24'),
(3470, 'guest', 12, 1, 2, '列表', '', '', '211.21.65.1', '2017-12-31 19:50:15'),
(3471, 'guest', 4, 1, 2, '列表', '', '', '211.21.65.1', '2017-12-31 19:51:01'),
(3472, 'guest', 4, 2, 2, '列表', '', '', '211.21.65.1', '2017-12-31 19:52:09'),
(3473, 'guest', 4, 1, 2, '列表', '', '', '211.21.65.1', '2017-12-31 19:52:12'),
(3474, 'guest', 4, 2, 2, '列表', '', '', '211.21.65.1', '2017-12-31 19:52:20'),
(3475, 'guest', 4, 1, 2, '列表', '', '', '211.21.65.1', '2017-12-31 19:52:31'),
(3476, 'guest', 4, 2, 2, '列表', '', '', '211.21.65.1', '2017-12-31 19:52:41'),
(3477, 'guest', 5, 1, 2, '列表', '', '', '211.21.65.1', '2017-12-31 19:53:20'),
(3478, 'guest', 5, 2, 2, '列表', '', '', '211.21.65.1', '2017-12-31 19:53:51'),
(3479, 'guest', 10, 1, 2, '列表', '', '', '211.21.65.1', '2017-12-31 19:56:07'),
(3480, 'guest', 6, 1, 2, '列表', '', '', '211.21.65.1', '2017-12-31 19:56:58'),
(3481, 'guest', 11, 1, 2, '列表', '', '', '211.21.65.1', '2017-12-31 19:58:16'),
(3482, 'guest', 11, 2, 2, '列表', '', '', '211.21.65.1', '2017-12-31 19:59:07'),
(3483, 'guest', 8, 2, 2, '列表', '', '', '211.21.65.1', '2017-12-31 19:59:44'),
(3484, 'guest', 8, 1, 2, '列表', '', '', '211.21.65.1', '2017-12-31 20:00:52'),
(3485, 'guest', 9, 1, 2, '列表', '', '', '211.21.65.1', '2017-12-31 20:01:08'),
(3486, 'guest', 2, 1, 2, '列表', '', '', '211.21.65.1', '2017-12-31 20:02:50'),
(3487, 'guest', 2, 2, 2, '列表', '', '', '211.21.65.1', '2017-12-31 20:03:14'),
(3488, 'guest', 1, 1, 2, '列表', '', '', '211.21.65.1', '2017-12-31 20:04:27'),
(3489, 'guest', 10, 2, 2, '列表', '', '', '211.21.65.1', '2017-12-31 20:04:55'),
(3490, 'guest', 10, 1, 2, '列表', '', '', '211.21.65.1', '2017-12-31 20:04:58'),
(3491, 'guest', 5, 2, 2, '列表', '', '', '211.21.65.1', '2017-12-31 20:59:11'),
(3492, 'guest', 5, 1, 2, '列表', '', '', '211.21.65.1', '2017-12-31 20:59:12'),
(3493, 'guest', 5, 2, 2, '列表', '', '', '211.21.65.1', '2017-12-31 20:59:13'),
(3494, 'guest', 7, 2, 2, '列表', '', '', '211.21.65.1', '2017-12-31 20:59:16'),
(3495, 'guest', 7, 1, 2, '列表', '', '', '211.21.65.1', '2017-12-31 20:59:17'),
(3496, 'guest', 3, 1, 2, '列表', '', '', '211.21.65.1', '2017-12-31 20:59:19'),
(3497, 'guest', 3, 2, 2, '列表', '', '', '211.21.65.1', '2017-12-31 20:59:20'),
(3498, 'guest', 3, 4, 2, '列表', '', '', '211.21.65.1', '2017-12-31 20:59:21'),
(3499, 'admin', 0, 0, 1, 'admin登入成功', '', '', '61.63.182.149', '2018-01-02 08:57:44'),
(3500, 'admin', 12, 2, 2, '列表', '', '', '61.63.182.149', '2018-01-02 09:03:53'),
(3501, 'admin', 7, 1, 2, '列表', '', '', '61.63.182.149', '2018-01-02 09:22:52'),
(3502, 'admin', 12, 2, 2, '列表', '', '', '61.63.182.149', '2018-01-02 09:23:29'),
(3503, 'admin', 7, 2, 2, '列表', '', '', '61.63.182.149', '2018-01-02 09:25:12'),
(3504, 'admin', 12, 1, 2, '列表', '', '', '61.63.182.149', '2018-01-02 09:27:04'),
(3505, 'admin', 12, 2, 2, '列表', '', '', '61.63.182.149', '2018-01-02 09:29:15'),
(3506, 'admin', 12, 1, 2, '列表', '', '', '61.63.182.149', '2018-01-02 09:30:32'),
(3507, 'admin', 0, 0, 1, 'admin登入成功', '', '', '61.63.182.149', '2018-01-02 10:12:06'),
(3508, 'admin', 12, 2, 2, '列表', '', '', '61.63.182.149', '2018-01-02 10:12:10'),
(3509, 'admin', 0, 0, 1, 'admin登入成功', '', '', '59.127.37.46', '2018-01-02 11:43:30'),
(3510, 'admin', 12, 2, 2, '列表', '', '', '59.127.37.46', '2018-01-02 11:43:37'),
(3511, 'admin', 12, 1, 2, '列表', '', '', '59.127.37.46', '2018-01-02 11:43:44'),
(3512, 'admin', 12, 2, 2, '列表', '', '', '59.127.37.46', '2018-01-02 11:43:47'),
(3513, 'admin', 12, 1, 2, '列表', '', '', '59.127.37.46', '2018-01-02 11:56:51'),
(3514, 'admin', 6, 1, 2, '列表', '', '', '59.127.37.46', '2018-01-02 11:56:55'),
(3515, 'admin', 0, 0, 1, 'admin登入成功', '', '', '125.227.11.67', '2018-01-02 22:57:40'),
(3516, 'admin', 3, 1, 2, '列表', '', '', '125.227.11.67', '2018-01-02 22:57:58'),
(3517, 'admin', 3, 5, 2, '列表', '', '', '125.227.11.67', '2018-01-02 22:59:32'),
(3518, 'admin', 3, 2, 2, '列表', '', '', '125.227.11.67', '2018-01-02 23:00:57'),
(3519, 'admin', 3, 3, 2, '列表', '', '', '125.227.11.67', '2018-01-02 23:01:19'),
(3520, 'admin', 12, 1, 2, '列表', '', '', '125.227.11.67', '2018-01-02 23:02:27'),
(3521, 'admin', 12, 2, 2, '列表', '', '', '125.227.11.67', '2018-01-02 23:02:29'),
(3522, 'admin', 9, 1, 2, '列表', '', '', '125.227.11.67', '2018-01-02 23:03:17'),
(3523, 'admin', 10, 1, 2, '列表', '', '', '125.227.11.67', '2018-01-02 23:03:43'),
(3524, 'admin', 0, 0, 1, 'admin登入成功', '', '', '125.227.11.67', '2018-01-02 23:31:22'),
(3525, 'admin', 8, 1, 2, '列表', '', '', '125.227.11.67', '2018-01-02 23:38:47'),
(3526, 'admin', 8, 2, 2, '列表', '', '', '125.227.11.67', '2018-01-02 23:38:48'),
(3527, 'admin', 0, 0, 1, 'admin登入成功', '', '', '125.227.11.67', '2018-01-03 01:14:15'),
(3528, 'admin', 3, 1, 2, '列表', '', '', '125.227.11.67', '2018-01-03 01:14:28'),
(3529, 'admin', 4, 2, 2, '列表', '', '', '125.227.11.67', '2018-01-03 01:15:21'),
(3530, 'admin', 5, 1, 2, '列表', '', '', '125.227.11.67', '2018-01-03 01:15:48'),
(3531, 'admin', 3, 1, 2, '列表', '', '', '125.227.11.67', '2018-01-03 01:18:51'),
(3532, 'admin', 3, 5, 2, '列表', '', '', '125.227.11.67', '2018-01-03 01:19:08'),
(3533, 'admin', 7, 1, 2, '列表', '', '', '125.227.11.67', '2018-01-03 01:22:03'),
(3534, 'admin', 6, 1, 2, '列表', '', '', '125.227.11.67', '2018-01-03 01:23:26'),
(3535, 'admin', 12, 2, 2, '列表', '', '', '125.227.11.67', '2018-01-03 01:23:29'),
(3536, 'admin', 0, 0, 1, 'admin登入成功', '', '', '59.127.37.46', '2018-01-03 10:59:43'),
(3537, 'admin', 0, 0, 1, 'admin登入失敗-帳密不正確', '', '', '59.127.37.46', '2018-01-03 11:08:33'),
(3538, 'admin', 0, 0, 1, 'admin登入成功', '', '', '59.127.37.46', '2018-01-03 11:08:41'),
(3539, 'admin', 6, 1, 2, '列表', '', '', '59.127.37.46', '2018-01-03 11:08:47'),
(3540, 'admin', 0, 0, 1, 'admin登入成功', '', '', '59.127.37.46', '2018-01-03 14:53:11'),
(3541, 'admin', 4, 2, 2, '列表', '', '', '59.127.37.46', '2018-01-03 14:53:16'),
(3542, 'admin', 4, 1, 2, '列表', '', '', '59.127.37.46', '2018-01-03 14:53:34'),
(3543, 'admin', 4, 2, 2, '列表', '', '', '59.127.37.46', '2018-01-03 14:53:49'),
(3544, 'guest', 0, 0, 1, 'admin登入成功', '', '', '211.21.65.1', '2018-01-03 15:37:38'),
(3545, 'guest', 3, 2, 2, '列表', '', '', '211.21.65.1', '2018-01-03 15:37:44'),
(3546, 'guest', 7, 1, 2, '列表', '', '', '211.21.65.1', '2018-01-03 15:37:51'),
(3547, 'guest', 10, 1, 2, '列表', '', '', '211.21.65.1', '2018-01-03 15:37:55'),
(3548, 'guest', 5, 2, 2, '列表', '', '', '211.21.65.1', '2018-01-03 15:37:58'),
(3549, 'guest', 4, 1, 2, '列表', '', '', '211.21.65.1', '2018-01-03 15:38:00'),
(3550, 'guest', 4, 2, 2, '列表', '', '', '211.21.65.1', '2018-01-03 15:38:02'),
(3551, 'guest', 4, 1, 2, '列表', '', '', '211.21.65.1', '2018-01-03 15:38:03'),
(3552, 'guest', 4, 2, 2, '列表', '', '', '211.21.65.1', '2018-01-03 15:38:05'),
(3553, 'admin', 0, 0, 1, 'admin登入成功', '', '', '59.127.37.46', '2018-01-03 15:42:46'),
(3554, 'admin', 3, 1, 2, '列表', '', '', '59.127.37.46', '2018-01-03 15:42:50'),
(3555, 'admin', 4, 2, 2, '列表', '', '', '59.127.37.46', '2018-01-03 15:42:55'),
(3556, 'admin', 4, 1, 2, '列表', '', '', '59.127.37.46', '2018-01-03 15:42:59'),
(3557, 'admin', 4, 2, 2, '列表', '', '', '59.127.37.46', '2018-01-03 15:43:05'),
(3558, 'guest', 11, 1, 2, '列表', '', '', '211.21.65.1', '2018-01-03 15:44:57'),
(3559, 'admin', 0, 0, 1, 'admin登入成功', '', '', '120.108.127.29', '2018-01-03 15:53:36'),
(3560, 'admin', 6, 1, 2, '列表', '', '', '120.108.127.29', '2018-01-03 15:53:43'),
(3561, 'admin', 2, 1, 2, '列表', '', '', '120.108.127.29', '2018-01-03 15:54:19'),
(3562, 'guest', 3, 1, 2, '列表', '', '', '211.21.65.1', '2018-01-03 15:56:23'),
(3563, 'test', 8, 2, 2, '列表', '', '', '59.127.37.46', '2018-01-03 15:57:11'),
(3564, 'test', 8, 1, 2, '列表', '', '', '59.127.37.46', '2018-01-03 15:57:14'),
(3565, 'test', 8, 2, 2, '列表', '', '', '59.127.37.46', '2018-01-03 15:57:16'),
(3566, 'guest', 7, 1, 2, '列表', '', '', '211.21.65.1', '2018-01-03 15:57:25'),
(3567, 'guest', 7, 3, 2, '列表', '', '', '211.21.65.1', '2018-01-03 15:57:27'),
(3568, 'test', 8, 1, 2, '列表', '', '', '59.127.37.46', '2018-01-03 15:57:28'),
(3569, 'guest', 7, 1, 2, '列表', '', '', '211.21.65.1', '2018-01-03 15:58:52'),
(3570, 'guest', 7, 3, 2, '列表', '', '', '211.21.65.1', '2018-01-03 16:00:45'),
(3571, 'guest', 7, 1, 2, '列表', '', '', '211.21.65.1', '2018-01-03 16:00:46'),
(3572, 'guest', 12, 2, 2, '列表', '', '', '211.21.65.1', '2018-01-03 16:00:48'),
(3573, 'guest', 12, 1, 2, '列表', '', '', '211.21.65.1', '2018-01-03 16:00:49'),
(3574, 'guest', 12, 2, 2, '列表', '', '', '211.21.65.1', '2018-01-03 16:00:52'),
(3575, 'guest', 4, 1, 2, '列表', '', '', '211.21.65.1', '2018-01-03 16:05:16'),
(3576, 'guest', 4, 2, 2, '列表', '', '', '211.21.65.1', '2018-01-03 16:05:17'),
(3577, 'guest', 5, 1, 2, '列表', '', '', '211.21.65.1', '2018-01-03 16:05:19'),
(3578, 'guest', 5, 2, 2, '列表', '', '', '211.21.65.1', '2018-01-03 16:05:20'),
(3579, 'admin', 8, 2, 2, '列表', '', '', '59.127.37.46', '2018-01-03 16:14:32'),
(3580, 'admin', 8, 1, 2, '列表', '', '', '59.127.37.46', '2018-01-03 16:14:34'),
(3581, 'admin', 0, 0, 1, 'admin登入成功', '', '', '59.127.37.46', '2018-01-03 17:58:07'),
(3582, 'admin', 8, 2, 2, '列表', '', '', '59.127.37.46', '2018-01-03 17:58:13'),
(3583, 'admin', 8, 1, 2, '列表', '', '', '59.127.37.46', '2018-01-03 17:58:23'),
(3584, 'admin', 0, 0, 1, 'admin登入成功', '', '', '59.127.37.46', '2018-01-03 18:08:08'),
(3585, 'admin', 3, 1, 2, '列表', '', '', '59.127.37.46', '2018-01-03 18:08:12'),
(3586, 'admin', 8, 2, 2, '列表', '', '', '59.127.37.46', '2018-01-03 18:08:26'),
(3587, 'admin', 8, 1, 2, '列表', '', '', '59.127.37.46', '2018-01-03 18:08:36'),
(3588, 'guest', 0, 0, 1, 'admin登入成功', '', '', '211.21.65.1', '2018-01-05 15:49:50'),
(3589, 'guest', 7, 2, 2, '列表', '', '', '211.21.65.1', '2018-01-05 16:05:49'),
(3590, 'test', 8, 1, 2, '列表', '', '', '211.21.65.1', '2018-01-05 16:07:26'),
(3591, 'test', 9, 1, 2, '列表', '', '', '211.21.65.1', '2018-01-05 16:08:16'),
(3592, 'test', 8, 1, 2, '列表', '', '', '211.21.65.1', '2018-01-05 16:54:43'),
(3593, 'admin', 0, 0, 1, 'admin登入成功', '', '', '36.234.154.141', '2018-01-08 00:28:37'),
(3594, 'admin', 4, 1, 2, '列表', '', '', '36.234.154.141', '2018-01-08 00:28:59'),
(3595, 'admin', 4, 2, 2, '列表', '', '', '36.234.154.141', '2018-01-08 00:29:15'),
(3596, 'admin', 4, 1, 2, '列表', '', '', '36.234.154.141', '2018-01-08 00:29:21'),
(3597, 'admin', 4, 2, 2, '列表', '', '', '36.234.154.141', '2018-01-08 00:29:53'),
(3598, 'admin', 0, 0, 1, 'admin登入成功', '', '', '59.126.125.105', '2018-01-08 11:34:04'),
(3599, 'admin', 4, 1, 2, '列表', '', '', '59.126.125.105', '2018-01-08 11:35:00'),
(3600, 'admin', 4, 2, 2, '列表', '', '', '59.126.125.105', '2018-01-08 11:35:12'),
(3601, 'admin', 0, 0, 1, 'admin登入成功', '', '', '59.126.125.105', '2018-01-08 15:10:49'),
(3602, 'admin', 4, 2, 2, '列表', '', '', '59.126.125.105', '2018-01-08 15:11:01'),
(3603, 'admin', 4, 1, 2, '列表', '', '', '59.126.125.105', '2018-01-08 15:11:45'),
(3604, 'admin', 4, 2, 2, '列表', '', '', '59.126.125.105', '2018-01-08 15:12:31'),
(3605, 'admin', 0, 0, 1, 'admin登入成功', '', '', '59.126.125.105', '2018-01-08 15:45:21'),
(3606, 'admin', 4, 1, 2, '列表', '', '', '59.126.125.105', '2018-01-08 15:45:26'),
(3607, 'admin', 4, 2, 2, '列表', '', '', '59.126.125.105', '2018-01-08 15:45:30'),
(3608, 'admin', 0, 0, 1, 'admin登入成功', '', '', '120.108.127.29', '2018-01-09 10:58:55'),
(3609, 'admin', 4, 1, 2, '列表', '', '', '120.108.127.29', '2018-01-09 10:59:02'),
(3610, 'admin', 4, 2, 2, '列表', '', '', '120.108.127.29', '2018-01-09 10:59:03'),
(3611, 'admin', 4, 1, 2, '列表', '', '', '120.108.127.29', '2018-01-09 10:59:13'),
(3612, 'admin', 4, 2, 2, '列表', '', '', '120.108.127.29', '2018-01-09 10:59:19'),
(3613, 'admin', 4, 1, 2, '列表', '', '', '120.108.127.29', '2018-01-09 10:59:25'),
(3614, 'admin', 4, 2, 2, '列表', '', '', '120.108.127.29', '2018-01-09 10:59:25'),
(3615, 'admin', 4, 1, 2, '列表', '', '', '120.108.127.29', '2018-01-09 10:59:27'),
(3616, 'admin', 4, 2, 2, '列表', '', '', '120.108.127.29', '2018-01-09 10:59:33'),
(3617, 'guest', 0, 0, 1, 'admin登入成功', '', '', '211.21.65.1', '2018-01-09 15:45:18'),
(3618, 'guest', 12, 1, 2, '列表', '', '', '211.21.65.1', '2018-01-09 15:45:25'),
(3619, 'guest', 12, 2, 2, '列表', '', '', '211.21.65.1', '2018-01-09 15:45:26'),
(3620, 'guest', 7, 1, 2, '列表', '', '', '211.21.65.1', '2018-01-09 15:45:28'),
(3621, 'guest', 7, 1, 8, '{id:1513660152', '', '', '211.21.65.1', '2018-01-09 15:45:50'),
(3622, 'guest', 8, 2, 2, '列表', '', '', '211.21.65.1', '2018-01-09 15:45:58'),
(3623, 'guest', 8, 1, 2, '列表', '', '', '211.21.65.1', '2018-01-09 15:45:59'),
(3624, 'guest', 9, 1, 2, '列表', '', '', '211.21.65.1', '2018-01-09 15:46:37'),
(3625, 'admin', 0, 0, 1, 'admin登入成功', '', '', '120.108.127.29', '2018-01-11 09:25:47'),
(3626, 'admin', 4, 2, 2, '列表', '', '', '120.108.127.29', '2018-01-11 09:26:00'),
(3627, 'TMCL', 0, 0, 1, 'admin登入失敗-帳密不正確', '', '', '122.116.150.119', '2018-01-11 13:43:57'),
(3628, 'TMCL', 0, 0, 1, 'admin登入失敗-帳密不正確', '', '', '122.116.150.119', '2018-01-11 13:44:06'),
(3629, 'admin', 0, 0, 1, 'admin登入成功', '', '', '122.116.150.119', '2018-01-11 13:44:44'),
(3630, 'admin', 3, 1, 2, '列表', '', '', '122.116.150.119', '2018-01-11 13:44:53'),
(3631, 'admin', 3, 5, 2, '列表', '', '', '122.116.150.119', '2018-01-11 13:44:59'),
(3632, 'admin', 3, 2, 2, '列表', '', '', '122.116.150.119', '2018-01-11 13:45:01'),
(3633, 'admin', 3, 3, 2, '列表', '', '', '122.116.150.119', '2018-01-11 13:45:03'),
(3634, 'admin', 3, 4, 2, '列表', '', '', '122.116.150.119', '2018-01-11 13:45:03'),
(3635, 'admin', 6, 1, 2, '列表', '', '', '122.116.150.119', '2018-01-11 13:45:11');

-- --------------------------------------------------------

--
-- 資料表結構 `managers`
--

CREATE TABLE `managers` (
  `no` int(11) NOT NULL COMMENT '流水號(PK)',
  `name` varchar(20) NOT NULL COMMENT '管理者姓名',
  `account` varchar(20) NOT NULL COMMENT '帳號',
  `password` varchar(100) NOT NULL COMMENT '密碼',
  `rights` int(11) NOT NULL COMMENT '權限角色表ID',
  `status` char(1) NOT NULL COMMENT '啟用(0:停用，1:啟用)',
  `addtime` datetime NOT NULL COMMENT '建立時間',
  `updatetime` datetime NOT NULL COMMENT '修改時間',
  `mid` varchar(100) NOT NULL COMMENT '「記住我」的加密代碼',
  `pic` varchar(50) NOT NULL COMMENT '使用者圖片',
  `logintime` datetime NOT NULL COMMENT '最後登入時間',
  `ip` char(15) NOT NULL COMMENT '最後登入IP'
) ENGINE=InnoDB DEFAULT CHARSET=utf8 COMMENT='後台管理員權限';

--
-- 資料表的匯出資料 `managers`
--

INSERT INTO `managers` (`no`, `name`, `account`, `password`, `rights`, `status`, `addtime`, `updatetime`, `mid`, `pic`, `logintime`, `ip`) VALUES
(1, '無名管理員', 'admin', 'f6fdffe48c908deb0f4c3bd36c032e72', 1, '1', '2017-10-31 00:00:00', '2017-11-06 15:04:39', '26dc8912a4dca7eca34c6ba5c347d91815156494845464363bonls22ioqljul1pf9bm1ag2', '201711061504369145.png', '2018-01-11 13:44:44', '122.116.150.119'),
(2, 'guest', 'guest', 'fe4ceeb01d43a6c29d8f4fe93313c6c1', 1, '1', '0000-00-00 00:00:00', '2017-11-30 15:16:58', '267fca8e4d7706e5032f9200783ec097151548391858065p6hf3jh3vai0qfrqumibsd8552', '201711071356422258.jpg', '2018-01-09 15:45:18', '211.21.65.1'),
(3, 'guestguest', 'guestguest', 'fe4ceeb01d43a6c29d8f4fe93313c6c1', 4, '1', '0000-00-00 00:00:00', '2017-11-30 15:40:27', '9f1977b6ff3a73a3b380e3577a9d7b6a1512027642632851vem7bbud0vubguncj3fr4smg5', '201711301539591532.jpg', '2017-11-30 15:40:42', '211.21.65.1');

-- --------------------------------------------------------

--
-- 資料表結構 `members`
--

CREATE TABLE `members` (
  `id` varchar(20) NOT NULL COMMENT '會員編號(zjttw_xxxxxxxxx) (PK)',
  `password` varchar(100) NOT NULL COMMENT '密碼(編碼後存放)',
  `name` varchar(20) NOT NULL COMMENT '姓名',
  `gender` varchar(1) NOT NULL COMMENT '性別(M/F)',
  `level` varchar(10) NOT NULL COMMENT '聘級 (直銷會員)',
  `levelname` varchar(20) NOT NULL COMMENT '聘級名稱 (直銷會員)',
  `myreferral` varchar(20) NOT NULL COMMENT '我的推薦者帳號 (一般會員)',
  `referral` varchar(20) NOT NULL COMMENT '推薦者帳號 (一般會員)',
  `birthday` date NOT NULL COMMENT '會員生日',
  `email` varchar(50) NOT NULL COMMENT '電子信箱 (為會員帳號)',
  `phone` varchar(10) NOT NULL COMMENT '聯繫電話',
  `mobile` varchar(10) NOT NULL COMMENT '手機',
  `company_no` varchar(10) NOT NULL COMMENT '統一編號',
  `invoice_title` varchar(100) NOT NULL COMMENT '發票抬頭',
  `zipcode` varchar(5) NOT NULL COMMENT '聯繫地址(郵遞區號)',
  `city` varchar(20) NOT NULL COMMENT '聯繫地址(縣市)',
  `area` varchar(20) NOT NULL COMMENT '聯繫地址(鄉鎮區)',
  `address` varchar(200) NOT NULL COMMENT '聯繫地址',
  `constore` varchar(250) NOT NULL COMMENT '便利商店取貨門市資料(包含門市編號no、門市名稱name、門市電話tel、門市地址addr、路順編號cvs等，資料以Array方式Serialize後存放資料庫)',
  `bonus` int(11) NOT NULL DEFAULT '0' COMMENT '紅利餘額(一般會員)',
  `bonuscoin` int(11) NOT NULL DEFAULT '0' COMMENT '電子錢包餘額 (直銷會員)',
  `regtime` datetime NOT NULL COMMENT '註冊時間',
  `verifycode` varchar(10) NOT NULL COMMENT '手機驗證碼',
  `verifytime` datetime NOT NULL COMMENT '驗證時間',
  `resaletime` datetime NOT NULL COMMENT '完成重銷時間',
  `upgradetime` datetime NOT NULL COMMENT '聘級升等時間',
  `type` char(1) NOT NULL COMMENT '會員類別(1:一般會員,2:直銷會員)',
  `status` char(1) NOT NULL COMMENT '會員狀態(0:未驗證,1:已驗證,9:停用)'
) ENGINE=InnoDB DEFAULT CHARSET=utf8 COMMENT='會員資料';

--
-- 資料表的匯出資料 `members`
--

INSERT INTO `members` (`id`, `password`, `name`, `gender`, `level`, `levelname`, `myreferral`, `referral`, `birthday`, `email`, `phone`, `mobile`, `company_no`, `invoice_title`, `zipcode`, `city`, `area`, `address`, `constore`, `bonus`, `bonuscoin`, `regtime`, `verifycode`, `verifytime`, `resaletime`, `upgradetime`, `type`, `status`) VALUES
('zjttw_20171107205310', '$2y$10$3pwhLuApfFWutsX0149bWuhjzsF7L9aUD/2BruqHc3fbZExeRYPcq', '潘信宏', 'M', '', '', '1qazxsw2', '', '1978-06-27', 'vincentpan2005@gmail.com', '0925102909', '0925102909', '12345678', 'XXX', '', '台中市', '大里區', '光正路', 'a:5:{s:2:\"no\";s:7:\"K000406\";s:4:\"name\";s:17:\"OK大里光正店\";s:3:\"tel\";s:11:\"04-36091287\";s:4:\"addr\";s:37:\"台中市大里區光正路116號1樓\";s:3:\"cvs\";s:4:\"DT05\";}', 0, 0, '2017-11-07 20:53:10', '', '0000-00-00 00:00:00', '0000-00-00 00:00:00', '0000-00-00 00:00:00', '1', '1'),
('zjttw_20171112233010', 'abcdefg', '周周凱', 'M', 'top', '', '8rZFGeUV', '', '2019-11-02', 'khai@yahoo.com.tw', '042222lkjf', '0988skskvs', '12345678', '數位有限公司', '', '台中市', '南區', '忠明南路1000號', '', 0, 0, '0000-00-00 00:00:00', '', '0000-00-00 00:00:00', '0000-00-00 00:00:00', '0000-00-00 00:00:00', '1', '1'),
('zjttw_20171114102220', '$2y$10$8tUfOMjTiys3iP6d4AAgLeC.E88cT0dp83QW75aCq0vKprQuO4Wqa', '小昭', 'M', '', '', 'UxgJNnS8', '', '1990-04-12', 'blueskyloverain@gmail.com', '', '0938088412', '', '', '', '新北市', '中和區', '景平路', 'a:5:{s:2:\"no\";s:7:\"K001047\";s:4:\"name\";s:17:\"OK三芝三民店\";s:3:\"tel\";s:11:\"02-66375096\";s:4:\"addr\";s:36:\"新北市三芝區三民街27巷2號\";s:3:\"cvs\";s:4:\"ST06\";}', 0, 0, '2017-11-14 10:22:20', '1512989635', '0000-00-00 00:00:00', '0000-00-00 00:00:00', '0000-00-00 00:00:00', '1', '1'),
('zjttw_20171114112110', '$2y$10$gQlYc/Bu2FvML5FqUoBl/.UgXa3.dQ98ZucYI7/vrE3d8J6BhuOk2', 'qqq', 'M', '', '', 'HELB4ALb', '', '1920-01-01', '1@aaa.bbb', '', '0000000000', '', '', '', '臺北市', '中正區', 'qqq', '', 0, 0, '2017-11-14 11:21:10', '', '0000-00-00 00:00:00', '0000-00-00 00:00:00', '0000-00-00 00:00:00', '1', '0'),
('zjttw_20171117094726', '$2y$10$k4fkY7g43L.fDm1WBon2k.EUNXwO5sRf4pLQuATf4Khz4.Lz3ycz6', 'aaa', 'M', '', '', 'p8cIyf5r', '', '1970-01-01', 'ryan6617@gmail.com', '', '0298765432', '', '', '', '臺北市', '中正區', '0298765432', '', 0, 0, '2017-11-17 09:47:26', '', '0000-00-00 00:00:00', '0000-00-00 00:00:00', '0000-00-00 00:00:00', '1', '0'),
('zjttw_20171121114046', '$2y$10$AaFcLba1vTpauDKz92o0S.lME31EARsn8O82urh3WLenmLBMXDyrK', '', '', '', '', 'Km7yHYEn', '', '0000-00-00', 'kevinchen0711@gmail.com', '', '', '', '', '', '', '', '', '', 0, 0, '2017-11-21 11:40:46', '', '0000-00-00 00:00:00', '0000-00-00 00:00:00', '0000-00-00 00:00:00', '1', '0'),
('zjttw_20171123212145', '$2y$10$ColHPqH10Mo2Wq7sfBkvpu3K4FoaL41Hu5oy1GKYQwdtxwYi7VCWS', '', '', '', '', 'CqWFWGPT', 'vincentpan2005@gmail', '0000-00-00', 'rainlover@ms35.url.com.tw', '', '', '', '', '', '', '', '', '', 0, 0, '2017-11-23 21:21:45', '', '0000-00-00 00:00:00', '0000-00-00 00:00:00', '0000-00-00 00:00:00', '1', '0'),
('zjttw_20171204170833', '$2y$10$gHcJsT3j.7AQ.oyzFEEVHuQAH0CuH8bodfRY.8xqmvPGwXpiC3w/C', '', '', '', '', 'qCvkhYvF', '', '0000-00-00', 'changtingweiforwork@gmail.com', '', '', '', '', '', '', '', '', '', 0, 0, '2017-12-04 17:08:33', '', '0000-00-00 00:00:00', '0000-00-00 00:00:00', '0000-00-00 00:00:00', '1', '0'),
('zjttw_20171206165949', '$2y$10$dVI0tm/5oY8tmV/NuppEL.5DBdxR/nYShWPOij37TemzK9iD8TJ.m', '', '', '', '', '5GmBUrZE', '', '2018-05-16', 'hikkiw@gmail.com', '', '', '', '', '', '', '', '', '', 0, 0, '2017-12-06 16:59:49', '1513583944', '0000-00-00 00:00:00', '0000-00-00 00:00:00', '0000-00-00 00:00:00', '2', '1'),
('zjttw_20171207213129', '$2y$10$6jbUOEvQumerv0wVI2RkbubhzRM0syNC6H/Jc1rfjmrN2xxhCIe6u', '', '', '', '', 'J59r3MLD', '', '0000-00-00', 'richard@coder.com.tw', '', '', '', '', '', '', '', '', '', 0, 0, '2017-12-07 21:31:29', '', '0000-00-00 00:00:00', '0000-00-00 00:00:00', '0000-00-00 00:00:00', '1', '0'),
('zjttw_20171224045146', '$2y$10$wwPN50tyxJ28XXytrNREp.ctOeWCLcBC5JvL1PqfM.ZBQcmNgLMFS', 'troy', 'M', '', '', 'Aufx5sFP', 'p8cIyf5r', '2016-01-01', '1@ymail.com', '', '0123456789', '', '', '', '', '', '0123', '', 0, 0, '2017-12-24 04:51:46', '', '0000-00-00 00:00:00', '0000-00-00 00:00:00', '0000-00-00 00:00:00', '1', '1'),
('zjttw_20171228154845', '$2y$10$hjCKNElhmIvYil6uNxu7OuZBEUzassq.MoVkwaXOEO2r5nBCiCIim', '陈瑜a1', '', '1', '一般會員', '', '', '0000-00-00', 'CN0000016', '1231231231', '', '', '', '', '', '', '', '', 0, 11802, '2017-12-28 15:48:45', '', '0000-00-00 00:00:00', '0000-00-00 00:00:00', '0000-00-00 00:00:00', '2', '9'),
('zjttw_test1', '$2y$10$hb6lyqe8B4LYCsaOwHVUueVbU1t3SH7vHqrWplU3lQuDGSBySVi6W', 'test1', 'M', '', '', 'test1', '', '0000-00-00', 'test1@mail.com', '', '', '', '', '', '', '', '', '', 0, 0, '2017-12-12 13:53:35', '', '0000-00-00 00:00:00', '0000-00-00 00:00:00', '0000-00-00 00:00:00', '1', '1'),
('zjttw_test10', '$2y$10$hb6lyqe8B4LYCsaOwHVUueVbU1t3SH7vHqrWplU3lQuDGSBySVi6W', 'test10', 'M', '', '', 'test10', 'zjttw_test9', '0000-00-00', 'test10@mail.com', '', '', '', '', '', '', '', '', '', 0, 0, '2017-12-12 13:53:35', '', '0000-00-00 00:00:00', '0000-00-00 00:00:00', '0000-00-00 00:00:00', '1', '1'),
('zjttw_test11', '$2y$10$hb6lyqe8B4LYCsaOwHVUueVbU1t3SH7vHqrWplU3lQuDGSBySVi6W', 'test11', 'M', '', '', 'test11', 'zjttw_test10', '0000-00-00', 'test11@mail.com', '', '', '', '', '', '', '', '', '', 0, 0, '2017-12-12 13:53:36', '', '0000-00-00 00:00:00', '0000-00-00 00:00:00', '0000-00-00 00:00:00', '1', '1'),
('zjttw_test12', '$2y$10$hb6lyqe8B4LYCsaOwHVUueVbU1t3SH7vHqrWplU3lQuDGSBySVi6W', 'test12', 'M', '', '', 'test12', 'zjttw_test11', '0000-00-00', 'test12@mail.com', '', '', '', '', '', '', '', '', '', 0, 0, '2017-12-12 13:53:36', '', '0000-00-00 00:00:00', '0000-00-00 00:00:00', '0000-00-00 00:00:00', '1', '1'),
('zjttw_test13', '$2y$10$hb6lyqe8B4LYCsaOwHVUueVbU1t3SH7vHqrWplU3lQuDGSBySVi6W', 'test13', 'M', '', '', 'test13', 'zjttw_test12', '0000-00-00', 'test13@mail.com', '', '', '', '', '', '', '', '', '', 0, 0, '2017-12-12 13:53:36', '', '0000-00-00 00:00:00', '0000-00-00 00:00:00', '0000-00-00 00:00:00', '1', '1'),
('zjttw_test2', '$2y$10$hb6lyqe8B4LYCsaOwHVUueVbU1t3SH7vHqrWplU3lQuDGSBySVi6W', 'test2', 'M', '', '', 'test2', 'zjttw_test1', '0000-00-00', 'test2@mail.com', '', '', '', '', '', '', '', '', '', 0, 0, '2017-12-12 13:53:35', '', '0000-00-00 00:00:00', '0000-00-00 00:00:00', '0000-00-00 00:00:00', '1', '1'),
('zjttw_test3', '$2y$10$hb6lyqe8B4LYCsaOwHVUueVbU1t3SH7vHqrWplU3lQuDGSBySVi6W', 'test3', 'M', '', '', 'test3', 'zjttw_test2', '0000-00-00', 'test3@mail.com', '', '', '', '', '', '', '', '', '', 0, 0, '2017-12-12 13:53:35', '', '0000-00-00 00:00:00', '0000-00-00 00:00:00', '0000-00-00 00:00:00', '1', '1'),
('zjttw_test4', '$2y$10$hb6lyqe8B4LYCsaOwHVUueVbU1t3SH7vHqrWplU3lQuDGSBySVi6W', 'test4', 'M', '', '', 'test4', 'zjttw_test3', '0000-00-00', 'test4@mail.com', '', '', '', '', '', '', '', '', '', 0, 0, '2017-12-12 13:53:35', '', '0000-00-00 00:00:00', '0000-00-00 00:00:00', '0000-00-00 00:00:00', '1', '1'),
('zjttw_test5', '$2y$10$hb6lyqe8B4LYCsaOwHVUueVbU1t3SH7vHqrWplU3lQuDGSBySVi6W', 'test5', 'M', '', '', 'test5', 'zjttw_test4', '0000-00-00', 'test5@mail.com', '', '', '', '', '', '', '', '', '', 0, 0, '2017-12-12 13:53:35', '', '0000-00-00 00:00:00', '0000-00-00 00:00:00', '0000-00-00 00:00:00', '1', '1'),
('zjttw_test6', '$2y$10$hb6lyqe8B4LYCsaOwHVUueVbU1t3SH7vHqrWplU3lQuDGSBySVi6W', 'test6', 'M', '', '', 'test6', 'zjttw_test5', '0000-00-00', 'test6@mail.com', '', '', '', '', '', '', '', '', '', 0, 0, '2017-12-12 13:53:35', '', '0000-00-00 00:00:00', '0000-00-00 00:00:00', '0000-00-00 00:00:00', '1', '1'),
('zjttw_test7', '$2y$10$hb6lyqe8B4LYCsaOwHVUueVbU1t3SH7vHqrWplU3lQuDGSBySVi6W', 'test7', 'M', '', '', 'test7', 'zjttw_test6', '0000-00-00', 'test7@mail.com', '', '', '', '', '', '', '', '', '', 0, 0, '2017-12-12 13:53:35', '', '0000-00-00 00:00:00', '0000-00-00 00:00:00', '0000-00-00 00:00:00', '1', '1'),
('zjttw_test8', '$2y$10$hb6lyqe8B4LYCsaOwHVUueVbU1t3SH7vHqrWplU3lQuDGSBySVi6W', 'test8', 'M', '', '', 'test8', 'zjttw_test7', '0000-00-00', 'test8@mail.com', '', '', '', '', '', '', '', '', '', 0, 0, '2017-12-12 13:53:35', '', '0000-00-00 00:00:00', '0000-00-00 00:00:00', '0000-00-00 00:00:00', '1', '1'),
('zjttw_test9', '$2y$10$hb6lyqe8B4LYCsaOwHVUueVbU1t3SH7vHqrWplU3lQuDGSBySVi6W', 'test9', 'M', '', '', 'test9', 'zjttw_test8', '0000-00-00', 'test9@mail.com', '', '', '', '', '', '', '', '', '', 0, 0, '2017-12-12 13:53:35', '', '0000-00-00 00:00:00', '0000-00-00 00:00:00', '0000-00-00 00:00:00', '1', '1');

-- --------------------------------------------------------

--
-- 資料表結構 `moneyflows`
--

CREATE TABLE `moneyflows` (
  `no` int(11) NOT NULL COMMENT '流水號(PK)',
  `name` varchar(50) NOT NULL COMMENT '金流業者名稱',
  `pic` varchar(50) NOT NULL COMMENT '圖片檔名',
  `addtime` datetime NOT NULL COMMENT '建立時間',
  `updatetime` datetime NOT NULL COMMENT '修改時間'
) ENGINE=InnoDB DEFAULT CHARSET=utf8 COMMENT='金流業者資料';

--
-- 資料表的匯出資料 `moneyflows`
--

INSERT INTO `moneyflows` (`no`, `name`, `pic`, `addtime`, `updatetime`) VALUES
(1, '紅陽', '201711161858136324.jpg', '0000-00-00 00:00:00', '2017-12-28 22:29:58');

-- --------------------------------------------------------

--
-- 資料表結構 `orderdetail`
--

CREATE TABLE `orderdetail` (
  `ordid` varchar(20) NOT NULL COMMENT '訂單編號(PK)',
  `odno` int(11) NOT NULL COMMENT '項目流水號(PK)',
  `proname` varchar(50) NOT NULL COMMENT '商品名稱',
  `proid` varchar(20) NOT NULL COMMENT '產品編號',
  `qty` int(11) NOT NULL COMMENT '數量',
  `price` int(11) NOT NULL COMMENT '售價',
  `subtotal` int(11) NOT NULL COMMENT '小計',
  `PV` int(11) NOT NULL DEFAULT '0' COMMENT 'PV值',
  `bonuce` int(11) NOT NULL DEFAULT '0' COMMENT '紅利值'
) ENGINE=InnoDB DEFAULT CHARSET=utf8 COMMENT='訂單子表';

--
-- 資料表的匯出資料 `orderdetail`
--

INSERT INTO `orderdetail` (`ordid`, `odno`, `proname`, `proid`, `qty`, `price`, `subtotal`, `PV`, `bonuce`) VALUES
('1513267763', 1, '萃取液test10', 'test10', 1, 2, 2, 3, 1),
('1513267763', 2, '不知道什麼test14', 'test14', 1, 11111, 11111, 1111, 11),
('1513267763', 3, '膠囊test08', 'test08', 1, 10, 10, 1, 2),
('1513325180', 4, '保養品test12', 'test12', 1, 100, 100, 200, 300),
('1513325681', 5, '保養品test12', 'test12', 1, 100, 100, 200, 300),
('1513327027', 6, '保養品test12', 'test12', 1, 100, 100, 200, 300),
('1513327462', 7, '保養品test12', 'test12', 1, 100, 100, 200, 300),
('1513327648', 8, '保養品test12', 'test12', 1, 100, 100, 200, 300),
('1513584561', 9, '保養品test11', 'test11', 1, 200, 200, 100, 1),
('1513589836', 10, '保養品test12', 'test12', 10, 100, 1000, 200, 300),
('1513611873', 11, '滴丸test04', 'test04', 1, 3000, 3000, 1320, 1320),
('1513654966', 12, '滴丸test02', 'test02', 1, 1000, 1000, 420, 420),
('1513660152', 13, '滴丸test03', 'test03', 1, 2000, 2000, 840, 840);

-- --------------------------------------------------------

--
-- 資料表結構 `orders`
--

CREATE TABLE `orders` (
  `ordid` varchar(20) NOT NULL COMMENT '訂單編號(PK)',
  `orddate` date NOT NULL COMMENT '訂單日期',
  `sub_account` varchar(20) NOT NULL COMMENT '訂購者帳號',
  `sub_name` varchar(20) NOT NULL COMMENT '訂購者姓名',
  `sub_level` varchar(10) NOT NULL COMMENT '訂購者聘級',
  `sub_phone` varchar(10) NOT NULL COMMENT '訂購者聯繫電話',
  `sub_mobile` varchar(10) NOT NULL COMMENT '訂購者手機號碼',
  `sub_email` varchar(50) NOT NULL COMMENT '訂購者Email',
  `sub_address` varchar(250) NOT NULL COMMENT '訂購者地址',
  `rec_name` varchar(20) NOT NULL COMMENT '收件者姓名',
  `rec_phone` varchar(10) NOT NULL COMMENT '收件者聯繫電話',
  `rec_mobile` varchar(10) NOT NULL COMMENT '收件者手機號碼',
  `rec_email` varchar(50) NOT NULL COMMENT '收件者Email',
  `rec_zip` varchar(5) NOT NULL COMMENT '配送地址(郵遞區號)',
  `rec_city` varchar(10) NOT NULL COMMENT '配送地址(縣市)',
  `rec_area` varchar(10) NOT NULL COMMENT '配送地址(區域)',
  `rec_address` varchar(100) NOT NULL COMMENT '配送地址',
  `invoice` varchar(20) NOT NULL COMMENT '發票號碼',
  `company_no` varchar(10) NOT NULL COMMENT '統一編號',
  `invoice_title` varchar(100) NOT NULL COMMENT '發票抬頭',
  `discount` varchar(20) NOT NULL COMMENT '折抵方式(0:不使用折抵,1:使用電子錢包折抵,2:使用紅利折抵)',
  `discount_price` int(11) NOT NULL COMMENT '折抵金額',
  `pay_no` int(11) NOT NULL COMMENT '付款方式(編號)',
  `pay_fee` varchar(20) NOT NULL COMMENT '金流手續費',
  `pay_price` int(11) NOT NULL COMMENT '付款金額',
  `ispay` char(1) NOT NULL COMMENT '付款狀態(0:未付款, 1:已付款)',
  `pay_fail_reason` varchar(100) NOT NULL COMMENT '付款失敗原因',
  `installment` smallint(6) NOT NULL COMMENT '分期期數(0:無分期一次付清,3,6,12,18,24: 分期期數)',
  `pay_time` datetime NOT NULL COMMENT '結帳時間',
  `ship_no` int(11) NOT NULL COMMENT '配送方式(編號)',
  `ship_fee` varchar(20) NOT NULL COMMENT '物流手續費',
  `constore` varchar(250) NOT NULL COMMENT '便利商店取貨門市資料',
  `suppstore_no` int(11) NOT NULL DEFAULT '0' COMMENT '共應商取貨門市(編號)',
  `store_addr` varchar(200) NOT NULL COMMENT '便利商店取貨門市地址(併入constore，此欄位不用)',
  `appredate` datetime NOT NULL COMMENT '鑑賞期日期',
  `total_price` int(11) NOT NULL COMMENT '訂單總金額(折抵前金額、不含運費)',
  `freight` int(11) NOT NULL COMMENT '運費金額',
  `PV` int(11) NOT NULL COMMENT '總PV值',
  `bonuce` int(11) NOT NULL COMMENT '總紅利',
  `cardno` varchar(4) NOT NULL COMMENT '刷卡卡號後4碼(信用卡交易使用)',
  `approvecode` varchar(10) NOT NULL COMMENT '交易授權碼(信用卡交易使用)',
  `ordstatus` char(1) NOT NULL COMMENT '訂單狀態(0:新訂單,1:處理中….9:訂單取消)',
  `shipstatus` char(1) NOT NULL COMMENT '是否出貨(0:否/1:是)',
  `moneyflow_no` varchar(20) NOT NULL COMMENT '金流單號',
  `logistic_no` varchar(20) NOT NULL COMMENT '物流單號',
  `units` smallint(6) NOT NULL DEFAULT '0' COMMENT '配送才數(新竹物流)',
  `shiptime` datetime NOT NULL COMMENT '出貨時間',
  `addtime` datetime NOT NULL COMMENT '建立時間',
  `updatetime` datetime NOT NULL COMMENT '修改時間',
  `returnapply` datetime NOT NULL COMMENT '申請退貨時間',
  `returntime` datetime NOT NULL COMMENT '實際退貨時間',
  `refundtime` datetime NOT NULL COMMENT '退款時間'
) ENGINE=InnoDB DEFAULT CHARSET=utf8 COMMENT='訂單主表';

--
-- 資料表的匯出資料 `orders`
--

INSERT INTO `orders` (`ordid`, `orddate`, `sub_account`, `sub_name`, `sub_level`, `sub_phone`, `sub_mobile`, `sub_email`, `sub_address`, `rec_name`, `rec_phone`, `rec_mobile`, `rec_email`, `rec_zip`, `rec_city`, `rec_area`, `rec_address`, `invoice`, `company_no`, `invoice_title`, `discount`, `discount_price`, `pay_no`, `pay_fee`, `pay_price`, `ispay`, `pay_fail_reason`, `installment`, `pay_time`, `ship_no`, `ship_fee`, `constore`, `suppstore_no`, `store_addr`, `appredate`, `total_price`, `freight`, `PV`, `bonuce`, `cardno`, `approvecode`, `ordstatus`, `shipstatus`, `moneyflow_no`, `logistic_no`, `units`, `shiptime`, `addtime`, `updatetime`, `returnapply`, `returntime`, `refundtime`) VALUES
('1513267763', '2017-12-15', '', 'troy', '', '', '0123456789', '1@ymail.com', '臺北市中正區01234', 'troy', '', '0123456789', '1@ymail.com', '', '', '', '臺北市中正區01234', '1', '', '', '0', 0, 1, '', 0, '0', '', 0, '2017-12-15 00:09:28', 0, '', 'a:5:{s:2:\"no\";s:7:\"F008393\";s:4:\"name\";s:21:\"全家中正新創店\";s:3:\"tel\";s:10:\"05-2722824\";s:4:\"addr\";s:50:\"嘉義縣民雄鄉大學路168號(共同科教室)\";s:3:\"cvs\";s:4:\"AT01\";}', 0, '', '0000-00-00 00:00:00', 11123, 0, 14, 0, '', '', '5', '0', '', '1000019064', 0, '2017-12-18 12:05:00', '2017-12-15 00:09:28', '2017-12-18 12:04:11', '0000-00-00 00:00:00', '0000-00-00 00:00:00', '0000-00-00 00:00:00'),
('1513325180', '2017-12-15', '', '潘信宏', '', '0925102909', '0925102909', 'vincentpan2005@gmail.com', '台中市大里區光正路', '潘信宏', '0925102909', '0925102909', 'vincentpan2005@gmail.com', '', '', '', '台中市大里區光正路', '1', '', '', '0', 0, 1, '', 0, '0', '', 0, '2017-12-15 16:06:45', 2, '', '', 0, '', '0000-00-00 00:00:00', 200, 100, 300, 0, '1903', 'T2NCCC', '5', '0', 'S0N0091712150000313', '1000019075', 0, '2017-12-22 13:05:00', '2017-12-15 16:06:45', '2017-12-22 13:02:53', '0000-00-00 00:00:00', '0000-00-00 00:00:00', '0000-00-00 00:00:00'),
('1513325681', '2017-12-15', '', '潘信宏', '', '0925102909', '0925102909', 'vincentpan2005@gmail.com', '台中市大里區光正路', '潘信宏', '0925102909', '0925102909', 'vincentpan2005@gmail.com', '', '', '', '台中市大里區光正路', '1', '', '', '0', 0, 1, '', 0, '0', '', 0, '2017-12-15 16:19:00', 2, '', '', 0, '', '0000-00-00 00:00:00', 200, 100, 300, 0, '1903', 'T2NCCC', '0', '0', 'S0N0091712150000331', '', 0, '0000-00-00 00:00:00', '2017-12-15 16:19:00', '2017-12-15 16:19:00', '0000-00-00 00:00:00', '0000-00-00 00:00:00', '0000-00-00 00:00:00'),
('1513327027', '2017-12-15', '', '潘信宏', '', '0925102909', '0925102909', 'vincentpan2005@gmail.com', '台中市大里區光正路', '潘信宏', '0925102909', '0925102909', 'vincentpan2005@gmail.com', '', '', '', '台中市大里區光正路', '1', '', '', '0', 0, 1, '', 0, '0', '', 0, '2017-12-15 16:37:37', 2, '', '', 0, '', '0000-00-00 00:00:00', 200, 100, 300, 0, '1903', 'T2NCCC', '0', '0', 'S0N0091712150000340', '', 0, '0000-00-00 00:00:00', '2017-12-15 16:37:37', '2017-12-15 16:37:37', '0000-00-00 00:00:00', '0000-00-00 00:00:00', '0000-00-00 00:00:00'),
('1513327462', '2017-12-15', '', '潘信宏', '', '0925102909', '0925102909', 'vincentpan2005@gmail.com', '台中市大里區光正路', '潘信宏', '0925102909', '0925102909', 'vincentpan2005@gmail.com', '', '', '', '台中市大里區光正路', '1', '', '', '0', 0, 2, '', 0, '0', '', 0, '2017-12-15 16:44:49', 2, '', '', 0, '', '0000-00-00 00:00:00', 200, 100, 300, 0, '', '', '5', '0', '8000091712150000359', '', 0, '2018-01-02 14:30:00', '2017-12-15 16:44:49', '2018-01-02 14:07:35', '0000-00-00 00:00:00', '0000-00-00 00:00:00', '0000-00-00 00:00:00'),
('1513327648', '2017-12-15', '', '潘信宏', '', '0925102909', '0925102909', 'vincentpan2005@gmail.com', '台中市大里區光正路', '潘信宏', '0925102909', '0925102909', 'vincentpan2005@gmail.com', '', '', '', '台中市大里區光正路', '1', '', '', '0', 0, 2, '', 0, '0', '', 0, '2017-12-15 16:48:01', 2, '', '', 0, '', '0000-00-00 00:00:00', 200, 100, 300, 0, '', '', '5', '0', '8000091712150000377', '', 0, '2017-12-28 21:35:00', '2017-12-15 16:48:01', '2017-12-28 21:32:59', '0000-00-00 00:00:00', '0000-00-00 00:00:00', '0000-00-00 00:00:00'),
('1513584561', '2017-12-18', '', 'H小姐', '', '', '0986060051', 'hikkiw@gmail.com', '台北市中山區松江路10000號樓', 'H小姐', '', '0986060051', 'hikkiw@gmail.com', '', '', '', '台北市中山區松江路10000號樓', '1', '', '', '2', 100, 2, '', 0, '0', '', 0, '2017-12-18 16:12:57', 1, '', '', 0, '', '0000-00-00 00:00:00', 300, 100, 1, 0, '', '', '0', '0', '8000091712180000150', '', 0, '0000-00-00 00:00:00', '2017-12-18 16:12:57', '2017-12-18 16:12:57', '0000-00-00 00:00:00', '0000-00-00 00:00:00', '0000-00-00 00:00:00'),
('1513589836', '2017-12-18', '', 'H小姐', '', '', '0986060060', 'hikkiw@gmail.com', '台北市中山區松江路10000號樓', 'H小姐', '', '0986060060', 'hikkiw@gmail.com', '', '', '', '台北市中山區松江路10000號樓', '1', '', '', '2', 1000, 1, '', 0, '0', '', 0, '2017-12-18 17:38:35', 1, '', '', 0, '', '0000-00-00 00:00:00', 1100, 100, 3000, 0, '1234', 'T2NCCC', '5', '1', 'S0N0091712180000178', '', 0, '0000-00-00 00:00:00', '2017-12-18 17:38:35', '2017-12-18 17:41:28', '0000-00-00 00:00:00', '0000-00-00 00:00:00', '0000-00-00 00:00:00'),
('1513611873', '2017-12-18', 'zjttw_test1', 'test1', '', '', '0912-34567', 'test1@mail.com', '台北市松山區南京東路五段188號4樓', 'test1', '', '0912-34567', 'test1@mail.com', '', '', '', '台北市松山區南京東路五段188號4樓', '1', '', '', '0', 0, 2, '', 3140, '1', '', 0, '2017-12-18 23:45:28', 2, '', '', 0, '', '0000-00-00 00:00:00', 3070, 70, 1320, 0, '', '', '0', '0', '8000091712180000365', '', 0, '2017-12-25 17:05:00', '2017-12-18 23:45:28', '2017-12-25 17:04:23', '0000-00-00 00:00:00', '0000-00-00 00:00:00', '0000-00-00 00:00:00'),
('1513654966', '2017-12-19', 'zjttw_test13', 'test13', '', '0934567890', '0934567890', 'test13@mail.com', '測試地址', 'test13', '0934567890', '0934567890', 'test13@mail.com', '', '', '', '測試地址', '1', '', '', '0', 0, 2, '', 1000, '1', '', 0, '2017-12-19 11:43:19', 0, '', '', 0, '', '0000-00-00 00:00:00', 1000, 0, 420, 0, '', '', '9', '0', '8000091712190000186', '', 0, '2017-12-19 11:45:00', '2017-12-19 11:43:19', '2017-12-31 13:14:06', '0000-00-00 00:00:00', '0000-00-00 00:00:00', '0000-00-00 00:00:00'),
('1513660152', '2017-12-19', 'zjttw_test13', 'test13', '', '0934567890', '0934567890', 'test13@mail.com', '測試地址', 'test13', '0934567890', '0934567890', 'test13@mail.com', '', '', '', '測試地址', '1', '', '', '0', 0, 2, '', 2000, '1', '', 0, '2017-12-19 13:09:41', 0, '', '', 0, '', '0000-00-00 00:00:00', 2000, 0, 840, 0, '', '', '0', '0', '8000091712190000211', '', 0, '2017-12-25 17:05:00', '2017-12-19 13:09:41', '2018-01-09 15:45:50', '0000-00-00 00:00:00', '0000-00-00 00:00:00', '0000-00-00 00:00:00');

-- --------------------------------------------------------

--
-- 資料表結構 `pages`
--

CREATE TABLE `pages` (
  `no` int(11) NOT NULL COMMENT '流水號(PK)',
  `name` varchar(20) NOT NULL COMMENT '頁面名稱',
  `content` text NOT NULL COMMENT '頁面內容',
  `lang` varchar(10) NOT NULL COMMENT '語系代碼',
  `addtime` datetime NOT NULL COMMENT '建立時間',
  `updatetime` datetime NOT NULL COMMENT '修改時間'
) ENGINE=InnoDB DEFAULT CHARSET=utf8 COMMENT='靜態頁面';

--
-- 資料表的匯出資料 `pages`
--

INSERT INTO `pages` (`no`, `name`, `content`, `lang`, `addtime`, `updatetime`) VALUES
(1, '關於我們', '123關於我們內容關於我們內容關於我們內容關於我們內容關於我們內容關於我們內容關於我們內容關於我們內容關於我們內容關於我們內容關於我們內容關於我們內容關於我們內容關於我們內容關於我們內容ㄒ關於我們內容關於我們內容關於我們內容關於我們內容關於我們內容關於我們內容關於我們內容關於我們內容關於我們內容關於我們內容關於我們內容關於我們內容關於我們內容關於我們內容<br />\r\n<img alt=\"\" src=\"upload/editor/201711131049325770.png\" /><br />\r\n關於我們內容關於我們內容關於我們內容關於我們內容關於我們內容關於我們內容關於我們內容關於我們內容關於我們內容關於我們內容關於我們內容關於我們內容關於我們內容關於我們內容關於我們內容ㄒ關於我們內容關於我們內容關於我們內容關於我們內容關於我們內容關於我們內容關於我們內容關於我們內容關於我們內容關於我們內容關於我們內容關於我們內容關於我們內容關於我們內容<br />\r\n&nbsp;', '', '0000-00-00 00:00:00', '2017-12-06 15:50:25'),
(2, '隱私權條款', '隱私權條款內容<br />\r\n２２２２２', '', '0000-00-00 00:00:00', '2017-11-28 15:18:17'),
(3, '服務政策', '服務政策內容<br />\r\n３３３３３３<br />\r\n&nbsp;', '', '0000-00-00 00:00:00', '2017-11-28 15:18:24'),
(4, '退貨須知', '退貨須知內容<br />\r\n４４４４４４４<br />\r\n&nbsp;', '', '0000-00-00 00:00:00', '2017-11-28 15:18:31'),
(5, '商品寄送', '商品寄送內容<br />\r\n５５５５５５５<br />\r\n&nbsp;', '', '0000-00-00 00:00:00', '2017-11-28 15:18:38'),
(6, '供應商資訊', '供應商資訊內容<br />\r\n６６６６６６６<br />\r\n&nbsp;', '', '0000-00-00 00:00:00', '2017-11-28 15:18:59'),
(7, '購物流程說明', '購物流程說明內容<br />\r\n７７７７７７７７', '', '0000-00-00 00:00:00', '2017-11-28 15:19:12'),
(8, '鑑賞期說明', '鑑賞期說明內容<br />\r\n８８８８８８８８８<br />\r\n&nbsp;', '', '0000-00-00 00:00:00', '2017-11-28 15:19:20');

-- --------------------------------------------------------

--
-- 資料表結構 `payments`
--

CREATE TABLE `payments` (
  `no` int(11) NOT NULL COMMENT '流水號(PK)',
  `mfno` int(11) NOT NULL COMMENT '金流業者編號',
  `name` varchar(20) NOT NULL COMMENT '付款方式名稱',
  `platform` varchar(10) NOT NULL DEFAULT '0' COMMENT '平台金額',
  `supplier` varchar(10) NOT NULL DEFAULT '0' COMMENT '供應商金額',
  `type` char(1) NOT NULL DEFAULT 'C' COMMENT '付款類別 (C: 信用卡, A: ATM)',
  `installment` smallint(6) NOT NULL DEFAULT '0' COMMENT '分期期數(0:無分期,3,6,12,18,24: 分期期數) 僅限信用卡',
  `forSupplier` char(1) NOT NULL COMMENT '供應商是否可用?(0:不可, 1:可用)',
  `status` char(1) NOT NULL COMMENT '狀態(0:停用, 1:啟用)',
  `addtime` datetime NOT NULL COMMENT '建立時間',
  `updatetime` datetime NOT NULL COMMENT '修改時間'
) ENGINE=InnoDB DEFAULT CHARSET=utf8 COMMENT='付款方式';

--
-- 資料表的匯出資料 `payments`
--

INSERT INTO `payments` (`no`, `mfno`, `name`, `platform`, `supplier`, `type`, `installment`, `forSupplier`, `status`, `addtime`, `updatetime`) VALUES
(1, 1, '信用卡(一次付清)', '10', '10', 'C', 0, '1', '1', '0000-00-00 00:00:00', '2017-12-28 22:29:58'),
(2, 1, 'ATM', '0', '0', 'A', 0, '1', '1', '0000-00-00 00:00:00', '2017-12-28 22:29:58'),
(4, 1, '信用卡(分3期)', '3%', '3%', 'C', 3, '1', '1', '2017-11-29 22:14:46', '2017-12-28 22:29:58'),
(5, 1, '信用卡(分6期)', '3%', '4%', 'C', 6, '1', '1', '2017-11-29 22:14:57', '2017-12-28 22:29:58'),
(6, 1, '信用卡(分9期)', '3%', '5%', 'C', 9, '1', '1', '2017-11-29 22:15:08', '2017-12-28 22:29:58'),
(7, 1, '信用卡(分12期)', '3%', '6%', 'C', 12, '1', '1', '2017-11-29 22:15:20', '2017-12-28 22:29:58'),
(8, 1, '信用卡(分18期)', '3%', '7%', 'C', 18, '1', '1', '2017-11-29 22:15:31', '2017-12-28 22:29:58'),
(9, 1, '信用卡(分24期)', '3%', '8%', 'C', 24, '1', '1', '2017-11-29 22:15:39', '2017-12-28 22:29:58');

-- --------------------------------------------------------

--
-- 資料表結構 `pay_list`
--

CREATE TABLE `pay_list` (
  `id` int(11) NOT NULL COMMENT '結帳ID (PK)',
  `s_date` date NOT NULL,
  `e_date` date NOT NULL,
  `total_pay` double NOT NULL,
  `admin` varchar(30) NOT NULL,
  `mktime` datetime NOT NULL COMMENT '建立時間'
) ENGINE=MyISAM DEFAULT CHARSET=utf8;

-- --------------------------------------------------------

--
-- 資料表結構 `proclass`
--

CREATE TABLE `proclass` (
  `no` int(11) NOT NULL COMMENT '類別編號 (PK)',
  `parent` int(11) NOT NULL COMMENT '上層編號(0:主類別，>0: 次類別)',
  `pcname` varchar(50) NOT NULL COMMENT '類別名稱',
  `sort` int(11) NOT NULL DEFAULT '1' COMMENT '類別順序(1最小)',
  `status` char(1) NOT NULL COMMENT '類別狀態(0:下架，1:上架)',
  `lang` varchar(10) NOT NULL COMMENT '語系代碼',
  `addtime` datetime NOT NULL COMMENT '建立時間',
  `updatetime` datetime NOT NULL COMMENT '修改時間'
) ENGINE=InnoDB DEFAULT CHARSET=utf8 COMMENT='商品類別';

--
-- 資料表的匯出資料 `proclass`
--

INSERT INTO `proclass` (`no`, `parent`, `pcname`, `sort`, `status`, `lang`, `addtime`, `updatetime`) VALUES
(5, 0, '健康食品-1', 51, '1', '', '2017-11-13 15:42:44', '2017-12-18 10:36:31'),
(6, 5, '套裝組合', 6, '1', '', '2017-11-13 15:42:57', '2017-11-13 15:42:57'),
(7, 5, '單品', 11, '1', '', '2017-11-13 15:43:10', '2017-11-13 15:43:10'),
(9, 6, 'Ａ組', 16, '1', '', '2017-11-13 15:43:58', '2017-11-13 15:43:58'),
(10, 6, 'Ｂ組', 21, '1', '', '2017-11-13 15:44:04', '2017-11-13 15:44:04'),
(11, 6, 'Ｃ組', 26, '1', '', '2017-11-13 15:44:10', '2017-11-13 15:44:10'),
(12, 6, 'Ｄ組', 31, '1', '', '2017-11-13 15:44:16', '2017-11-13 15:44:16'),
(13, 7, '萃取液', 36, '1', '', '2017-11-13 15:44:26', '2017-11-13 15:44:26'),
(14, 7, '滴丸', 41, '1', '', '2017-11-13 15:44:32', '2017-11-13 15:44:32'),
(15, 7, '膠囊', 46, '1', '', '2017-11-13 15:44:38', '2017-11-13 15:44:38'),
(16, 0, '保養化妝', 1, '1', '', '2017-11-13 16:59:54', '2017-11-20 15:01:39'),
(19, 0, '牛樟芝食品', 66, '1', '', '2017-11-13 17:00:36', '2017-11-13 17:00:36'),
(20, 19, '飲品', 71, '1', '', '2017-11-13 17:01:07', '2017-11-13 17:01:07'),
(21, 20, '茶類', 76, '1', '', '2017-11-13 17:01:14', '2017-11-13 17:01:14'),
(22, 16, '保養品', 81, '1', '', '2017-11-13 17:02:12', '2017-11-13 17:02:12'),
(23, 16, '化妝品', 86, '1', '', '2017-11-13 17:02:20', '2017-11-13 17:02:20'),
(24, 22, '面膜', 91, '1', '', '2017-11-13 17:02:28', '2017-11-13 17:02:28'),
(25, 23, '精華液', 96, '1', '', '2017-11-13 17:02:38', '2017-11-13 17:02:38');

-- --------------------------------------------------------

--
-- 資料表結構 `productclass`
--

CREATE TABLE `productclass` (
  `no` int(11) NOT NULL COMMENT '圖片流水號(PK)',
  `proid` varchar(20) NOT NULL COMMENT '商品編號',
  `pcno1` int(11) NOT NULL COMMENT '商品類別編號(第1層)',
  `pcno2` int(11) NOT NULL COMMENT '商品類別編號(第2層)',
  `pcno3` int(11) NOT NULL COMMENT '商品類別編號(第3層)',
  `addtime` datetime NOT NULL COMMENT '建立時間',
  `updatetime` datetime NOT NULL COMMENT '修改時間'
) ENGINE=InnoDB DEFAULT CHARSET=utf8;

--
-- 資料表的匯出資料 `productclass`
--

INSERT INTO `productclass` (`no`, `proid`, `pcno1`, `pcno2`, `pcno3`, `addtime`, `updatetime`) VALUES
(1, 'test01', 5, 7, 14, '2017-11-13 15:50:25', '2017-11-27 10:33:16'),
(2, 'test02', 5, 7, 14, '2017-11-13 16:35:05', '2017-11-13 16:35:25'),
(3, 'test03', 5, 7, 14, '2017-11-13 16:37:45', '2017-11-13 16:37:53'),
(4, 'test04', 5, 7, 14, '2017-11-13 16:41:25', '2017-11-13 16:41:31'),
(5, 'test05', 5, 7, 14, '2017-11-13 16:44:31', '2017-11-13 16:44:35'),
(6, 'test06', 5, 7, 15, '2017-11-13 16:49:22', '2017-11-13 16:49:30'),
(7, 'test07', 5, 7, 15, '2017-11-13 16:51:32', '2017-11-13 16:51:32'),
(8, 'test08', 5, 7, 15, '2017-11-13 16:53:29', '2017-11-13 16:53:33'),
(9, 'test09', 5, 7, 15, '2017-11-13 16:55:32', '2017-11-13 16:55:32'),
(10, 'test10', 5, 7, 13, '2017-11-13 16:57:52', '2017-11-23 21:42:10'),
(11, 'test11', 16, 22, 24, '2017-11-13 17:05:53', '2017-11-13 17:06:44'),
(12, 'test12', 16, 23, 25, '2017-11-13 17:10:08', '2017-11-13 17:10:08'),
(13, 'test13', 19, 20, 21, '2017-11-13 17:12:15', '2017-11-13 17:12:15'),
(14, 'test14', 5, 6, 9, '2017-11-13 17:14:56', '2017-11-30 17:23:40'),
(15, 'TEEEEEEST', 16, 22, 24, '2017-11-21 15:50:20', '2017-12-25 17:01:44'),
(16, 'vincent111', 19, 20, 21, '2017-11-23 21:35:25', '2017-11-23 21:39:51'),
(17, 'test1128', 5, 6, 9, '2017-11-28 11:18:02', '2017-11-28 16:50:14'),
(18, 'test1128', 16, 22, 24, '2017-11-28 11:18:02', '2017-11-28 16:50:14'),
(19, 'test1128', 19, 20, 21, '2017-11-28 11:20:50', '2017-11-28 16:50:14'),
(20, 'testtest02', 5, 6, 10, '2017-11-30 15:52:39', '2017-12-26 16:49:22');

-- --------------------------------------------------------

--
-- 資料表結構 `productpics`
--

CREATE TABLE `productpics` (
  `no` int(11) NOT NULL COMMENT '圖片流水號(PK)',
  `proid` varchar(20) NOT NULL COMMENT '商品編號',
  `picname` varchar(50) NOT NULL COMMENT '圖片名稱',
  `picfile` varchar(50) NOT NULL COMMENT '圖片檔名',
  `sort` int(11) NOT NULL COMMENT '圖片順序 (1:主圖，2~5:其他圖片)  一個商品連主圖共5張圖片',
  `addtime` datetime NOT NULL COMMENT '建立時間',
  `updatetime` datetime NOT NULL COMMENT '修改時間'
) ENGINE=InnoDB DEFAULT CHARSET=utf8 COMMENT='商品圖片';

--
-- 資料表的匯出資料 `productpics`
--

INSERT INTO `productpics` (`no`, `proid`, `picname`, `picfile`, `sort`, `addtime`, `updatetime`) VALUES
(1, 'test01', 'test01', '201711131549221544.jpg', 1, '2017-11-13 15:50:25', '2017-11-27 10:33:16'),
(2, 'test01', 'test01', '201711131549311248.jpg', 2, '2017-11-13 15:50:25', '2017-11-27 10:33:16'),
(3, 'test01', 'test01', '201711131549417890.jpg', 3, '2017-11-13 15:50:25', '2017-11-27 10:33:16'),
(4, 'test01', 'test01', '201711131550034499.jpg', 4, '2017-11-13 15:50:25', '2017-11-27 10:33:16'),
(5, 'test02', '滴丸test02', '201711131633537791.jpg', 1, '2017-11-13 16:35:05', '2017-11-13 16:35:25'),
(6, 'test02', '滴丸test02', '201711131634007534.jpg', 2, '2017-11-13 16:35:05', '2017-11-13 16:35:25'),
(7, 'test02', '滴丸test02', '201711131634076925.jpg', 3, '2017-11-13 16:35:05', '2017-11-13 16:35:25'),
(8, 'test02', '滴丸test02', '201711131634436337.jpg', 4, '2017-11-13 16:35:05', '2017-11-13 16:35:25'),
(9, 'test03', '滴丸test03', '201711131637285061.jpg', 1, '2017-11-13 16:37:45', '2017-11-13 16:37:53'),
(10, 'test03', '滴丸test03', '201711131637357246.jpg', 2, '2017-11-13 16:37:45', '2017-11-13 16:37:53'),
(11, 'test04', '滴丸test04', '201711131641002059.jpg', 1, '2017-11-13 16:41:25', '2017-11-13 16:41:31'),
(12, 'test04', '滴丸test04', '201711131641096160.jpg', 2, '2017-11-13 16:41:25', '2017-11-13 16:41:31'),
(13, 'test04', '滴丸test04', '201711131641174701.jpg', 3, '2017-11-13 16:41:25', '2017-11-13 16:41:31'),
(14, 'test05', '滴丸test05', '201711131644056688.jpg', 1, '2017-11-13 16:44:31', '2017-11-13 16:44:35'),
(15, 'test05', '滴丸test05', '201711131644142969.jpg', 2, '2017-11-13 16:44:31', '2017-11-13 16:44:35'),
(16, 'test06', '膠囊test06', '201711131649145673.jpg', 1, '2017-11-13 16:49:22', '2017-11-13 16:49:30'),
(17, 'test07', '膠囊test07', '201711131651061721.jpg', 1, '2017-11-13 16:51:32', '2017-11-13 16:51:32'),
(18, 'test08', '膠囊test08', '201711131653253755.jpg', 1, '2017-11-13 16:53:29', '2017-11-13 16:53:33'),
(19, 'test09', '膠囊test08', '201711131655256038.jpg', 1, '2017-11-13 16:55:32', '2017-11-13 16:55:32'),
(20, 'test10', '萃取液test10', '201711131657472079.jpg', 1, '2017-11-13 16:57:52', '2017-11-23 21:42:10'),
(21, 'test11', '保養品test11', '201711131705491141.png', 1, '2017-11-13 17:05:53', '2017-11-13 17:06:44'),
(22, 'test12', '保養品test11', '201711131710015658.jpg', 1, '2017-11-13 17:10:08', '2017-11-13 17:10:08'),
(23, 'test13', '保養品test13', '201711131712112280.png', 1, '2017-11-13 17:12:15', '2017-11-13 17:12:15'),
(24, 'test14', '不知道什麼test14', '201711131714521827.jpg', 1, '2017-11-13 17:14:56', '2017-11-30 17:23:40'),
(25, 'TEEEEEEST', 'TEEEEEEST', '201711210350177134.jpg', 1, '2017-11-21 15:50:20', '2017-12-25 17:01:44'),
(26, 'test1128', '1111', '201711281117572456.jpg', 1, '2017-11-28 11:18:02', '2017-11-28 16:50:14'),
(27, 'testtest02', '１', '201712260449017757.jpg', 1, '2017-12-26 16:49:22', '2017-12-26 16:49:22');

-- --------------------------------------------------------

--
-- 資料表結構 `products`
--

CREATE TABLE `products` (
  `proid` varchar(20) NOT NULL COMMENT '商品編號 (PK)',
  `suppid` varchar(20) NOT NULL COMMENT '供應商ID',
  `proname` varchar(50) NOT NULL COMMENT '商品名稱',
  `prointro` varchar(100) NOT NULL COMMENT '商品簡短說明',
  `pcno` int(11) NOT NULL COMMENT '商品主類別',
  `price` int(11) NOT NULL COMMENT '價格',
  `PV` int(11) NOT NULL COMMENT 'PV值',
  `bonuce` int(11) NOT NULL COMMENT '紅利',
  `stock` int(11) NOT NULL COMMENT '庫存量',
  `prodetail` text NOT NULL COMMENT '商品詳細說明',
  `protags` int(11) NOT NULL COMMENT '標籤編號(單選、標記效果) ',
  `weight` float NOT NULL DEFAULT '0' COMMENT '商品重量(KG)',
  `size` varchar(50) NOT NULL COMMENT '商品長寬高',
  `promo_start` datetime NOT NULL COMMENT '促銷起始時間',
  `promo_end` datetime NOT NULL COMMENT '促銷結束時間',
  `promo_price` int(11) NOT NULL COMMENT '促銷價格',
  `promo_PV` int(11) NOT NULL COMMENT '促銷PV值',
  `promo_bonuce` int(11) NOT NULL COMMENT '促銷紅利值',
  `uptime` datetime NOT NULL COMMENT '上架時間',
  `downtime` datetime NOT NULL COMMENT '下架時間',
  `memo` varchar(250) NOT NULL COMMENT '備註',
  `checkmemo` varchar(250) NOT NULL COMMENT '審核說明',
  `checktime` datetime NOT NULL COMMENT '審核時間',
  `status` char(1) NOT NULL DEFAULT '1' COMMENT '商品狀態(0:審核未通過,1:待審核,2:審核通過,3:上架,9:下架)',
  `lang` varchar(10) NOT NULL COMMENT '語系代碼',
  `viewcounts` int(11) NOT NULL DEFAULT '0' COMMENT '瀏覽次數',
  `addtime` datetime NOT NULL COMMENT '建立時間',
  `updatetime` datetime NOT NULL COMMENT '修改時間'
) ENGINE=InnoDB DEFAULT CHARSET=utf8 COMMENT='商品資料';

--
-- 資料表的匯出資料 `products`
--

INSERT INTO `products` (`proid`, `suppid`, `proname`, `prointro`, `pcno`, `price`, `PV`, `bonuce`, `stock`, `prodetail`, `protags`, `weight`, `size`, `promo_start`, `promo_end`, `promo_price`, `promo_PV`, `promo_bonuce`, `uptime`, `downtime`, `memo`, `checkmemo`, `checktime`, `status`, `lang`, `viewcounts`, `addtime`, `updatetime`) VALUES
('test01', '', '滴丸test01', '滴丸test01', 5, 500, 210, 210, 99, '滴丸test01滴丸test01滴丸test01滴丸test01滴丸test01滴丸test01滴丸test01滴丸test01滴丸test01滴丸test01滴丸test01滴丸test01滴丸test01<br />\r\n<em><strong>滴丸test01滴丸test01滴丸test01滴丸test01</strong></em><br />\r\n<span style=\"color:#FF0000;\">滴丸test01滴丸test01滴丸test01滴丸test01</span><br />\r\n<span style=\"color:#40E0D0;\">滴丸test01滴丸test01滴丸test01滴丸test01</span><br />\r\n<span style=\"color:#0000FF;\">滴丸test01滴丸test01滴丸test01滴丸test01<br />\r\n<img alt=\"\" src=\"upload/editor/201711131549003824.png\" /></span>', 0, 1, '[\"30\",\"40\",\"50\"]', '0000-00-00 00:00:00', '0000-00-00 00:00:00', 0, 0, 0, '2017-11-13 15:50:00', '2018-12-29 15:55:00', '', '11111', '2017-11-27 10:33:16', '3', '', 0, '2017-11-13 15:50:25', '2017-11-27 10:33:16'),
('test02', '', '滴丸test02', '滴丸test02', 5, 1000, 420, 420, 81, '滴丸test02滴丸test02滴丸test02滴丸test02滴丸test02滴丸test02滴丸test02滴丸test02滴丸test02滴丸test02滴丸test02滴丸test02滴丸test02滴丸test02滴丸test02滴丸test02滴丸test02滴丸test02滴丸test02滴丸test02滴丸test02滴丸test02滴丸test02滴丸test02滴丸test02滴丸test02滴丸test02滴丸test02滴丸test02', 1, 2, '[\"60\",\"50\",\"40\"]', '0000-00-00 00:00:00', '0000-00-00 00:00:00', 0, 0, 0, '2017-11-13 16:35:00', '2018-12-29 23:55:00', '', '', '2017-11-13 16:35:25', '3', '', 0, '2017-11-13 16:35:05', '2017-11-13 16:35:25'),
('test03', '', '滴丸test03', '滴丸test03', 5, 2000, 840, 840, 91, '滴丸test03滴丸test03滴丸test03滴丸test03滴丸test03滴丸test03滴丸test03滴丸test03滴丸test03滴丸test03滴丸test03滴丸test03滴丸test03滴丸test03滴丸test03滴丸test03滴丸test03滴丸test03滴丸test03滴丸test03滴丸test03滴丸test03滴丸test03滴丸test03滴丸test03滴丸test03滴丸test03滴丸test03滴丸test03滴丸test03滴丸test03滴丸test03滴丸test03滴丸test03滴丸test03', 1, 2, '[\"50\",\"50\",\"50\"]', '0000-00-00 00:00:00', '0000-00-00 00:00:00', 0, 0, 0, '2017-11-13 16:40:00', '2018-12-29 17:35:00', '', '', '2017-11-13 16:37:53', '3', '', 0, '2017-11-13 16:37:45', '2017-11-13 16:37:53'),
('test04', '', '滴丸test04', '滴丸test04滴丸test04滴丸test04滴丸test04滴丸test04滴丸test04滴丸test04滴丸test04滴丸test04', 5, 3000, 1320, 1320, 76, '滴丸test04滴丸test04滴丸test04滴丸test04滴丸test04滴丸test04滴丸test04滴丸test04滴丸test04滴丸test04滴丸test04滴丸test04滴丸test04滴丸test04滴丸test04滴丸test04', 1, 1, '[\"30\",\"30\",\"30\"]', '0000-00-00 00:00:00', '0000-00-00 00:00:00', 0, 0, 0, '2017-11-13 16:55:00', '2018-12-22 23:35:00', '', '', '2017-11-13 16:41:31', '3', '', 0, '2017-11-13 16:41:25', '2017-11-13 16:41:31'),
('test05', '', '滴丸test05', '滴丸test05', 5, 999, 100, 100, 104, '滴丸test05滴丸test05滴丸test05滴丸test05滴丸test05滴丸test05滴丸test05滴丸test05滴丸test05滴丸test05滴丸test05滴丸test05滴丸test05滴丸test05滴丸test05滴丸test05滴丸test05滴丸test05滴丸test05', 0, 0.5, '[\"30\",\"40\",\"20\"]', '0000-00-00 00:00:00', '0000-00-00 00:00:00', 0, 0, 0, '2017-11-13 16:45:00', '2018-12-31 23:40:00', '', '', '2017-11-13 16:44:35', '3', '', 0, '2017-11-13 16:44:31', '2017-11-13 16:44:35'),
('test06', '', '膠囊test06', '膠囊test06', 5, 999, 150, 100, 22, '膠囊test06膠囊test06膠囊test06膠囊test06膠囊test06膠囊test06膠囊test06膠囊test06膠囊test06', 1, 2, '[\"10\",\"10\",\"10\"]', '0000-00-00 00:00:00', '0000-00-00 00:00:00', 0, 0, 0, '2017-11-30 16:45:00', '2018-12-31 20:45:00', '', '', '2017-11-13 16:49:30', '3', '', 0, '2017-11-13 16:49:22', '2017-11-13 16:49:30'),
('test07', '', '膠囊test07', '膠囊test07', 5, 999, 50, 100, 12, '膠囊test07膠囊test07膠囊test07膠囊test07膠囊test07膠囊test07膠囊test07膠囊test07膠囊test07膠囊test07膠囊test07膠囊test07膠囊test07膠囊test07膠囊test07膠囊test07膠囊test07', 1, 3, '[\"10\",\"22\",\"33\"]', '0000-00-00 00:00:00', '0000-00-00 00:00:00', 0, 0, 0, '2017-11-14 16:45:00', '2018-12-31 23:45:00', '', '', '2017-11-13 16:51:32', '3', '', 0, '2017-11-13 16:51:32', '2017-11-13 16:51:32'),
('test08', '', '膠囊test08', '膠囊test08', 5, 10, 1, 2, 988, '膠囊test08膠囊test08膠囊test08膠囊test08膠囊test08膠囊test08膠囊test08膠囊test08膠囊test08膠囊test08膠囊test08膠囊test08膠囊test08膠囊test08膠囊test08膠囊test08膠囊test08膠囊test08膠囊test08', 0, 5, '[\"55\",\"11\",\"20\"]', '0000-00-00 00:00:00', '0000-00-00 00:00:00', 0, 0, 0, '2017-11-13 16:55:00', '2018-12-29 23:55:00', '', '', '2017-11-13 16:53:33', '3', '', 0, '2017-11-13 16:53:29', '2017-11-13 16:53:33'),
('test09', '', '膠囊test09', '膠囊test08', 5, 99, 111, 200, 199, '膠囊test08膠囊test08膠囊test08膠囊test08膠囊test08膠囊test08膠囊test08膠囊test08膠囊test08膠囊test08膠囊test08膠囊test08膠囊test08膠囊test08膠囊test08膠囊test08膠囊test08膠囊test08膠囊test08膠囊test08膠囊test08', 0, 0.5, '[\"9\",\"10\",\"11\"]', '0000-00-00 00:00:00', '0000-00-00 00:00:00', 0, 0, 0, '2017-11-13 16:55:00', '2018-12-31 17:50:00', '', '', '2017-11-13 16:55:32', '3', '', 0, '2017-11-13 16:55:32', '2017-11-13 16:55:32'),
('test10', '', '萃取液test10', '萃取液test10', 5, 2, 3, 1, 193, '萃取液test10萃取液test10萃取液test10萃取液test10萃取液test10萃取液test10萃取液test10萃取液test10萃取液test10萃取液test10萃取液test10萃取液test10萃取液test10萃取液test10萃取液test10萃取液test10萃取液test10', 2, 6, '[\"2\",\"3\",\"1\"]', '2017-11-23 21:45:00', '2017-12-31 21:45:00', 1, 1, 1, '2017-11-13 17:00:00', '2019-01-01 21:55:00', '', '', '2017-11-23 21:42:10', '3', '', 0, '2017-11-13 16:57:52', '2017-11-23 21:42:10'),
('test11', '', '保養品test11', '保養品test11', 16, 200, 100, 1, 19, '保養品test11保養品test11保養品test11保養品test11保養品test11保養品test11保養品test11保養品test11', 2, 2, '[\"10\",\"20\",\"30\"]', '2017-11-15 17:25:00', '2017-11-22 17:25:00', 100, 50, 66, '2017-11-13 17:45:00', '2019-08-08 13:45:00', '', '', '2017-11-13 17:06:44', '3', '', 0, '2017-11-13 17:05:53', '2017-11-13 17:06:44'),
('test12', '', '保養品test12', '保養品test11保養品test11保養品test11保養品test11保養品test11保養品test11保養品test11保養品test11保養品test11保養品test11保養品test11保', 16, 100, 200, 300, 178, '保養品test11保養品test11保養品test11保養品test11保養品test11保養品test11保養品test11保養品test11保養品test11保養品test11保養品test11保養品test11保養品test11', 2, 3, '[\"5\",\"10\",\"15\"]', '2017-11-14 17:25:00', '2017-11-22 17:25:00', 10, 10, 20, '2017-11-13 17:10:00', '2019-11-20 17:05:00', '', '', '2017-11-13 17:10:08', '3', '', 0, '2017-11-13 17:10:08', '2017-11-13 17:10:08'),
('test13', '', '保養品test13', '保養品test13保養品test13保養品test13', 19, 10, 20, 30, 486, '保養品test13保養品test13保養品test13保養品test13保養品test13保養品test13保養品test13保養品test13保養品test13保養品test13保養品test13', 2, 1, '[\"2\",\"1\",\"33\"]', '2017-11-15 17:10:00', '2019-01-01 13:10:00', 100, 2, 1, '2017-11-13 17:45:00', '2018-10-24 17:10:00', '', '', '2017-11-13 17:12:15', '3', '', 0, '2017-11-13 17:12:15', '2017-11-13 17:12:15'),
('test14', '', '不知道什麼test14', '不知道什麼test14', 5, 11111, 1111, 11, 298, '不知道什麼test14不知道什麼test14不知道什麼test14不知道什麼test14不知道什麼test14不知道什麼test14不知道什麼test14不知道什麼test14不知道什麼test14不知道什麼test14不知道什麼test14不知道什麼test14不知道什麼test14不知道什麼test14', 2, 1, '[\"1\",\"2\",\"3\"]', '2017-11-13 17:45:00', '2018-11-21 17:10:00', 2, 3, 1, '2017-11-13 17:15:00', '2017-11-30 17:25:00', '', '', '2017-11-30 17:23:40', '3', '', 0, '2017-11-13 17:14:56', '2017-11-30 17:23:40'),
('testtest02', 'test02', 'testtesttest', 'testtesttest', 5, 10, 1, 1, 10, '', 0, 1, '[\"1\",\"1\",\"1\"]', '0000-00-00 00:00:00', '0000-00-00 00:00:00', 0, 2, 3, '2017-11-30 15:55:00', '2017-12-14 15:50:00', '', '', '2017-12-18 10:38:45', '1', '', 0, '2017-11-30 15:52:39', '2017-12-26 16:49:22'),
('vincent111', '', 'vincent111', 'vincent111', 19, 1, 1, 1, 111, '<img alt=\"\" src=\"upload/editor/201711232137552980.jpg\" />vincent111', 1, 1, '[\"1\",\"1\",\"1\"]', '0000-00-00 00:00:00', '0000-00-00 00:00:00', 0, 0, 0, '2017-11-23 21:45:00', '2018-02-03 03:50:00', '', '', '2017-11-23 21:39:51', '0', '', 0, '2017-11-23 21:35:25', '2017-11-23 21:39:51');

-- --------------------------------------------------------

--
-- 資料表結構 `protags`
--

CREATE TABLE `protags` (
  `no` int(11) NOT NULL COMMENT '標籤編號(流水號) ',
  `name` varchar(20) NOT NULL COMMENT '標籤名稱',
  `pic` varchar(50) NOT NULL COMMENT '圖片檔名',
  `color` varchar(10) NOT NULL COMMENT '標籤色碼',
  `sort` int(11) NOT NULL DEFAULT '1' COMMENT '標籤順序(1最小)',
  `lang` varchar(10) NOT NULL COMMENT '語系代碼',
  `addtime` datetime NOT NULL COMMENT '建立時間',
  `updatetime` datetime NOT NULL COMMENT '修改時間'
) ENGINE=InnoDB DEFAULT CHARSET=utf8;

--
-- 資料表的匯出資料 `protags`
--

INSERT INTO `protags` (`no`, `name`, `pic`, `color`, `sort`, `lang`, `addtime`, `updatetime`) VALUES
(1, '新品上市', '201711061114393438.png', '#ff0000', 1, '', '0000-00-00 00:00:00', '2017-11-06 12:18:49'),
(2, '促銷商品', '201711061115319380.png', '#09a334', 2, '', '2017-11-06 11:15:43', '2017-11-06 12:18:55');

-- --------------------------------------------------------

--
-- 資料表結構 `recommendmap`
--

CREATE TABLE `recommendmap` (
  `no` int(11) NOT NULL COMMENT '流水號(PK)',
  `memid` varchar(20) NOT NULL COMMENT '會員編號(zjttw_xxxxxxxxx)',
  `referral` varchar(20) NOT NULL COMMENT '推薦者帳號 (上層會員)',
  `leveldiff` int(11) NOT NULL DEFAULT '0' COMMENT '線代差',
  `addtime` datetime NOT NULL COMMENT '建立時間',
  `updatetime` datetime NOT NULL COMMENT '修改時間'
) ENGINE=InnoDB DEFAULT CHARSET=utf8;

--
-- 資料表的匯出資料 `recommendmap`
--

INSERT INTO `recommendmap` (`no`, `memid`, `referral`, `leveldiff`, `addtime`, `updatetime`) VALUES
(1, 'zjttw_test2', 'test1', 1, '2017-12-12 22:33:06', '2017-12-12 22:33:06'),
(2, 'zjttw_test3', 'test1', 2, '2017-12-12 22:33:06', '2017-12-12 22:33:06'),
(3, 'zjttw_test3', 'test2', 1, '2017-12-12 22:33:06', '2017-12-12 22:33:06'),
(4, 'zjttw_test4', 'test1', 3, '2017-12-12 22:33:06', '2017-12-12 22:33:06'),
(5, 'zjttw_test4', 'test2', 2, '2017-12-12 22:33:06', '2017-12-12 22:33:06'),
(6, 'zjttw_test4', 'test3', 1, '2017-12-12 22:33:06', '2017-12-12 22:33:06'),
(7, 'zjttw_test5', 'test1', 4, '2017-12-12 22:33:06', '2017-12-12 22:33:06'),
(8, 'zjttw_test5', 'test2', 3, '2017-12-12 22:33:06', '2017-12-12 22:33:06'),
(9, 'zjttw_test5', 'test3', 2, '2017-12-12 22:33:06', '2017-12-12 22:33:06'),
(10, 'zjttw_test5', 'test4', 1, '2017-12-12 22:33:06', '2017-12-12 22:33:06'),
(11, 'zjttw_test6', 'test1', 5, '2017-12-12 22:33:06', '2017-12-12 22:33:06'),
(12, 'zjttw_test6', 'test2', 4, '2017-12-12 22:33:06', '2017-12-12 22:33:06'),
(13, 'zjttw_test6', 'test3', 3, '2017-12-12 22:33:06', '2017-12-12 22:33:06'),
(14, 'zjttw_test6', 'test4', 2, '2017-12-12 22:33:06', '2017-12-12 22:33:06'),
(15, 'zjttw_test6', 'test5', 1, '2017-12-12 22:33:06', '2017-12-12 22:33:06'),
(16, 'zjttw_test7', 'test1', 6, '2017-12-12 22:33:06', '2017-12-12 22:33:06'),
(17, 'zjttw_test7', 'test2', 5, '2017-12-12 22:33:06', '2017-12-12 22:33:06'),
(18, 'zjttw_test7', 'test3', 4, '2017-12-12 22:33:06', '2017-12-12 22:33:06'),
(19, 'zjttw_test7', 'test4', 3, '2017-12-12 22:33:06', '2017-12-12 22:33:06'),
(20, 'zjttw_test7', 'test5', 2, '2017-12-12 22:33:06', '2017-12-12 22:33:06'),
(21, 'zjttw_test7', 'test6', 1, '2017-12-12 22:33:06', '2017-12-12 22:33:06'),
(22, 'zjttw_test8', 'test1', 7, '2017-12-12 22:33:07', '2017-12-12 22:33:07'),
(23, 'zjttw_test8', 'test2', 6, '2017-12-12 22:33:07', '2017-12-12 22:33:07'),
(24, 'zjttw_test8', 'test3', 5, '2017-12-12 22:33:07', '2017-12-12 22:33:07'),
(25, 'zjttw_test8', 'test4', 4, '2017-12-12 22:33:07', '2017-12-12 22:33:07'),
(26, 'zjttw_test8', 'test5', 3, '2017-12-12 22:33:07', '2017-12-12 22:33:07'),
(27, 'zjttw_test8', 'test6', 2, '2017-12-12 22:33:07', '2017-12-12 22:33:07'),
(28, 'zjttw_test8', 'test7', 1, '2017-12-12 22:33:07', '2017-12-12 22:33:07'),
(29, 'zjttw_test9', 'test1', 8, '2017-12-12 22:33:07', '2017-12-12 22:33:07'),
(30, 'zjttw_test9', 'test2', 7, '2017-12-12 22:33:07', '2017-12-12 22:33:07'),
(31, 'zjttw_test9', 'test3', 6, '2017-12-12 22:33:07', '2017-12-12 22:33:07'),
(32, 'zjttw_test9', 'test4', 5, '2017-12-12 22:33:07', '2017-12-12 22:33:07'),
(33, 'zjttw_test9', 'test5', 4, '2017-12-12 22:33:07', '2017-12-12 22:33:07'),
(34, 'zjttw_test9', 'test6', 3, '2017-12-12 22:33:07', '2017-12-12 22:33:07'),
(35, 'zjttw_test9', 'test7', 2, '2017-12-12 22:33:07', '2017-12-12 22:33:07'),
(36, 'zjttw_test9', 'test8', 1, '2017-12-12 22:33:07', '2017-12-12 22:33:07'),
(37, 'zjttw_test10', 'test1', 9, '2017-12-12 22:33:07', '2017-12-12 22:33:07'),
(38, 'zjttw_test10', 'test2', 8, '2017-12-12 22:33:07', '2017-12-12 22:33:07'),
(39, 'zjttw_test10', 'test3', 7, '2017-12-12 22:33:07', '2017-12-12 22:33:07'),
(40, 'zjttw_test10', 'test4', 6, '2017-12-12 22:33:07', '2017-12-12 22:33:07'),
(41, 'zjttw_test10', 'test5', 5, '2017-12-12 22:33:07', '2017-12-12 22:33:07'),
(42, 'zjttw_test10', 'test6', 4, '2017-12-12 22:33:07', '2017-12-12 22:33:07'),
(43, 'zjttw_test10', 'test7', 3, '2017-12-12 22:33:07', '2017-12-12 22:33:07'),
(44, 'zjttw_test10', 'test8', 2, '2017-12-12 22:33:07', '2017-12-12 22:33:07'),
(45, 'zjttw_test10', 'test9', 1, '2017-12-12 22:33:07', '2017-12-12 22:33:07'),
(46, 'zjttw_test11', 'test1', 10, '2017-12-12 22:33:07', '2017-12-12 22:33:07'),
(47, 'zjttw_test11', 'test2', 9, '2017-12-12 22:33:07', '2017-12-12 22:33:07'),
(48, 'zjttw_test11', 'test3', 8, '2017-12-12 22:33:07', '2017-12-12 22:33:07'),
(49, 'zjttw_test11', 'test4', 7, '2017-12-12 22:33:07', '2017-12-12 22:33:07'),
(50, 'zjttw_test11', 'test5', 6, '2017-12-12 22:33:07', '2017-12-12 22:33:07'),
(51, 'zjttw_test11', 'test6', 5, '2017-12-12 22:33:07', '2017-12-12 22:33:07'),
(52, 'zjttw_test11', 'test7', 4, '2017-12-12 22:33:07', '2017-12-12 22:33:07'),
(53, 'zjttw_test11', 'test8', 3, '2017-12-12 22:33:07', '2017-12-12 22:33:07'),
(54, 'zjttw_test11', 'test9', 2, '2017-12-12 22:33:07', '2017-12-12 22:33:07'),
(55, 'zjttw_test11', 'test10', 1, '2017-12-12 22:33:07', '2017-12-12 22:33:07'),
(56, 'zjttw_test12', 'test1', 11, '2017-12-12 22:33:07', '2017-12-12 22:33:07'),
(57, 'zjttw_test12', 'test2', 10, '2017-12-12 22:33:07', '2017-12-12 22:33:07'),
(58, 'zjttw_test12', 'test3', 9, '2017-12-12 22:33:07', '2017-12-12 22:33:07'),
(59, 'zjttw_test12', 'test4', 8, '2017-12-12 22:33:07', '2017-12-12 22:33:07'),
(60, 'zjttw_test12', 'test5', 7, '2017-12-12 22:33:07', '2017-12-12 22:33:07'),
(61, 'zjttw_test12', 'test6', 6, '2017-12-12 22:33:07', '2017-12-12 22:33:07'),
(62, 'zjttw_test12', 'test7', 5, '2017-12-12 22:33:07', '2017-12-12 22:33:07'),
(63, 'zjttw_test12', 'test8', 4, '2017-12-12 22:33:07', '2017-12-12 22:33:07'),
(64, 'zjttw_test12', 'test9', 3, '2017-12-12 22:33:07', '2017-12-12 22:33:07'),
(65, 'zjttw_test12', 'test10', 2, '2017-12-12 22:33:07', '2017-12-12 22:33:07'),
(66, 'zjttw_test12', 'test11', 1, '2017-12-12 22:33:07', '2017-12-12 22:33:07'),
(67, 'zjttw_test13', 'test1', 12, '2017-12-12 22:33:07', '2017-12-12 22:33:07'),
(68, 'zjttw_test13', 'test2', 11, '2017-12-12 22:33:07', '2017-12-12 22:33:07'),
(69, 'zjttw_test13', 'test3', 10, '2017-12-12 22:33:07', '2017-12-12 22:33:07'),
(70, 'zjttw_test13', 'test4', 9, '2017-12-12 22:33:07', '2017-12-12 22:33:07'),
(71, 'zjttw_test13', 'test5', 8, '2017-12-12 22:33:07', '2017-12-12 22:33:07'),
(72, 'zjttw_test13', 'test6', 7, '2017-12-12 22:33:07', '2017-12-12 22:33:07'),
(73, 'zjttw_test13', 'test7', 6, '2017-12-12 22:33:07', '2017-12-12 22:33:07'),
(74, 'zjttw_test13', 'test8', 5, '2017-12-12 22:33:07', '2017-12-12 22:33:07'),
(75, 'zjttw_test13', 'test9', 4, '2017-12-12 22:33:07', '2017-12-12 22:33:07'),
(76, 'zjttw_test13', 'test10', 3, '2017-12-12 22:33:07', '2017-12-12 22:33:07'),
(77, 'zjttw_test13', 'test11', 2, '2017-12-12 22:33:07', '2017-12-12 22:33:07'),
(78, 'zjttw_test13', 'test12', 1, '2017-12-12 22:33:07', '2017-12-12 22:33:07'),
(79, 'zjttw_zjttw_20171224', 'p8cIyf5r', 1, '2017-12-24 04:51:46', '2017-12-24 04:51:46');

-- --------------------------------------------------------

--
-- 資料表結構 `rules`
--

CREATE TABLE `rules` (
  `r_id` int(11) NOT NULL COMMENT '流水號(PK)',
  `r_name` varchar(80) NOT NULL COMMENT '角色名稱',
  `r_depiction` text NOT NULL COMMENT '描述',
  `r_superadmin` tinyint(4) NOT NULL DEFAULT '0' COMMENT '是否為超級管理員(0:否,1:是)',
  `r_system` varchar(255) NOT NULL,
  `r_admin` varchar(20) NOT NULL COMMENT '管理員',
  `r_updatetime` datetime NOT NULL COMMENT '最後更新時間',
  `r_createtime` datetime NOT NULL COMMENT '建立時間'
) ENGINE=InnoDB DEFAULT CHARSET=utf8 COMMENT='權限角色';

--
-- 資料表的匯出資料 `rules`
--

INSERT INTO `rules` (`r_id`, `r_name`, `r_depiction`, `r_superadmin`, `r_system`, `r_admin`, `r_updatetime`, `r_createtime`) VALUES
(1, '超級管理員', '超級管理員', 1, '', 'admin', '2017-11-23 11:08:10', '0000-00-00 00:00:00'),
(2, 'customer', 'customer', 0, '', 'admin', '2017-11-27 19:08:17', '2017-10-31 20:34:33'),
(3, 'test', '', 1, '', 'test', '2017-11-30 14:15:01', '2017-11-14 13:41:55'),
(4, 'testtest', 'test', 0, '', 'guest', '2017-11-30 15:40:19', '2017-11-30 15:39:10');

-- --------------------------------------------------------

--
-- 資料表結構 `rules_auth`
--

CREATE TABLE `rules_auth` (
  `r_id` int(11) NOT NULL COMMENT '角色表ID',
  `ra_main_key` int(11) NOT NULL COMMENT '主功能key',
  `ra_fun_key` int(11) NOT NULL COMMENT '副功能key',
  `ra_auth` int(11) NOT NULL COMMENT '權限',
  `ra_admin` varchar(20) COLLATE utf8_unicode_ci NOT NULL COMMENT '管理員',
  `ra_updatetime` datetime NOT NULL COMMENT '更新時間',
  `ra_createtime` datetime NOT NULL COMMENT '建立時間'
) ENGINE=InnoDB DEFAULT CHARSET=utf8 COLLATE=utf8_unicode_ci COMMENT='權限記錄表';

--
-- 資料表的匯出資料 `rules_auth`
--

INSERT INTO `rules_auth` (`r_id`, `ra_main_key`, `ra_fun_key`, `ra_auth`, `ra_admin`, `ra_updatetime`, `ra_createtime`) VALUES
(1, 1, 1, 30, 'admin', '2017-11-23 11:08:10', '2017-11-23 11:08:10'),
(1, 2, 1, 30, 'admin', '2017-11-23 11:08:10', '2017-11-23 11:08:10'),
(1, 2, 2, 30, 'admin', '2017-11-23 11:08:10', '2017-11-23 11:08:10'),
(1, 3, 1, 30, 'admin', '2017-11-23 11:08:10', '2017-11-23 11:08:10'),
(1, 3, 2, 30, 'admin', '2017-11-23 11:08:10', '2017-11-23 11:08:10'),
(1, 3, 3, 30, 'admin', '2017-11-23 11:08:10', '2017-11-23 11:08:10'),
(1, 3, 4, 30, 'admin', '2017-11-23 11:08:10', '2017-11-23 11:08:10'),
(1, 3, 5, 30, 'admin', '2017-11-23 11:08:10', '2017-11-23 11:08:10'),
(1, 4, 1, 30, 'admin', '2017-11-23 11:08:10', '2017-11-23 11:08:10'),
(1, 5, 1, 30, 'admin', '2017-11-23 11:08:10', '2017-11-23 11:08:10'),
(1, 5, 2, 30, 'admin', '2017-11-23 11:08:10', '2017-11-23 11:08:10'),
(1, 5, 3, 30, 'admin', '2017-11-23 11:08:10', '2017-11-23 11:08:10'),
(1, 6, 1, 30, 'admin', '2017-11-23 11:08:10', '2017-11-23 11:08:10'),
(1, 7, 1, 30, 'admin', '2017-11-23 11:08:10', '2017-11-23 11:08:10'),
(1, 7, 2, 30, 'admin', '2017-11-23 11:08:10', '2017-11-23 11:08:10'),
(1, 7, 3, 30, 'admin', '2017-11-23 11:08:10', '2017-11-23 11:08:10'),
(1, 8, 1, 30, 'admin', '2017-11-23 11:08:10', '2017-11-23 11:08:10'),
(1, 8, 2, 30, 'admin', '2017-11-23 11:08:10', '2017-11-23 11:08:10'),
(1, 9, 1, 30, 'admin', '2017-11-23 11:08:10', '2017-11-23 11:08:10'),
(1, 10, 1, 30, 'admin', '2017-11-23 11:08:10', '2017-11-23 11:08:10'),
(1, 10, 2, 30, 'admin', '2017-11-23 11:08:10', '2017-11-23 11:08:10'),
(2, 3, 1, 30, 'admin', '2017-11-27 19:08:17', '2017-11-27 19:08:17'),
(2, 3, 2, 30, 'admin', '2017-11-27 19:08:17', '2017-11-27 19:08:17'),
(2, 3, 3, 30, 'admin', '2017-11-27 19:08:17', '2017-11-27 19:08:17'),
(2, 3, 4, 30, 'admin', '2017-11-27 19:08:17', '2017-11-27 19:08:17'),
(2, 3, 5, 30, 'admin', '2017-11-27 19:08:17', '2017-11-27 19:08:17'),
(2, 4, 1, 30, 'admin', '2017-11-27 19:08:17', '2017-11-27 19:08:17'),
(2, 5, 1, 30, 'admin', '2017-11-27 19:08:17', '2017-11-27 19:08:17'),
(2, 5, 2, 30, 'admin', '2017-11-27 19:08:17', '2017-11-27 19:08:17'),
(2, 5, 3, 30, 'admin', '2017-11-27 19:08:17', '2017-11-27 19:08:17'),
(2, 6, 1, 30, 'admin', '2017-11-27 19:08:17', '2017-11-27 19:08:17'),
(2, 6, 2, 30, 'admin', '2017-11-27 19:08:17', '2017-11-27 19:08:17'),
(2, 7, 1, 30, 'admin', '2017-11-27 19:08:17', '2017-11-27 19:08:17'),
(2, 7, 2, 30, 'admin', '2017-11-27 19:08:17', '2017-11-27 19:08:17'),
(2, 7, 3, 30, 'admin', '2017-11-27 19:08:17', '2017-11-27 19:08:17'),
(2, 8, 1, 30, 'admin', '2017-11-27 19:08:17', '2017-11-27 19:08:17'),
(2, 8, 2, 30, 'admin', '2017-11-27 19:08:17', '2017-11-27 19:08:17'),
(2, 9, 1, 30, 'admin', '2017-11-27 19:08:17', '2017-11-27 19:08:17'),
(2, 10, 1, 60, 'admin', '2017-11-27 19:08:17', '2017-11-27 19:08:17'),
(2, 10, 2, 30, 'admin', '2017-11-27 19:08:17', '2017-11-27 19:08:17'),
(2, 11, 1, 30, 'admin', '2017-11-27 19:08:17', '2017-11-27 19:08:17'),
(2, 11, 2, 30, 'admin', '2017-11-27 19:08:17', '2017-11-27 19:08:17'),
(4, 3, 1, 30, 'guest', '2017-11-30 15:40:19', '2017-11-30 15:40:19'),
(4, 3, 2, 30, 'guest', '2017-11-30 15:40:19', '2017-11-30 15:40:19'),
(4, 3, 3, 30, 'guest', '2017-11-30 15:40:19', '2017-11-30 15:40:19'),
(4, 3, 4, 30, 'guest', '2017-11-30 15:40:19', '2017-11-30 15:40:19'),
(4, 3, 5, 30, 'guest', '2017-11-30 15:40:19', '2017-11-30 15:40:19');

-- --------------------------------------------------------

--
-- 資料表結構 `settings`
--

CREATE TABLE `settings` (
  `no` int(11) NOT NULL COMMENT '流水號(PK)',
  `key` varchar(10) NOT NULL COMMENT '設定鍵值',
  `name` varchar(20) NOT NULL COMMENT '設定名稱',
  `value` varchar(200) NOT NULL COMMENT '設定值',
  `lang` varchar(10) NOT NULL COMMENT '語系代碼',
  `updatetime` datetime NOT NULL COMMENT '修改時間'
) ENGINE=InnoDB DEFAULT CHARSET=utf8 COMMENT='網站資料設定';

--
-- 資料表的匯出資料 `settings`
--

INSERT INTO `settings` (`no`, `key`, `name`, `value`, `lang`, `updatetime`) VALUES
(1, 'site_name', '網站名稱', '珍菌王商城', '', '2017-12-28 17:55:50'),
(2, 'co_name', '公司名稱', '無蟲', '', '2017-12-28 17:55:50'),
(3, 'co_name_en', '公司英文名稱', 'test', '', '2017-12-28 17:55:50'),
(4, 'co_address', '公司地址', 'test', '', '2017-12-28 17:55:50'),
(5, 'serv_time', '服務時間', 'AM09：00～PM17：00', '', '2017-12-28 17:55:50'),
(6, 'cs_phone', '客服電話', '0809123XXX', '', '2017-12-28 17:55:50'),
(7, 'cs_email', '客服電子郵件信箱', 'hikkiw@gmail.com', '', '2017-12-28 17:55:50'),
(8, 'keywords', '關鍵字', '', '', '2017-12-28 17:55:50'),
(9, 'descript', '網站描述', 'test', '', '2017-12-28 17:55:50'),
(10, 'out_time', '管理者登出時限(分鐘)', '1000000', '', '2017-12-28 17:55:50'),
(11, 'ga', 'GA代碼', '', '', '2017-12-28 17:55:50');

-- --------------------------------------------------------

--
-- 資料表結構 `shippings`
--

CREATE TABLE `shippings` (
  `no` int(11) NOT NULL COMMENT '流水號(PK)',
  `logno` int(11) NOT NULL COMMENT '物流業者編號',
  `shiptype` int(11) NOT NULL COMMENT '配送種類編號',
  `size` varchar(20) NOT NULL COMMENT '配送物品長+寬+高限制(cm) (便利達康)',
  `weight` float NOT NULL DEFAULT '0' COMMENT '配送物品重量限制(KG)  (便利達康)',
  `length` smallint(6) NOT NULL DEFAULT '0' COMMENT '單邊長度限制(cm) (便利達康)',
  `units` smallint(6) NOT NULL DEFAULT '0' COMMENT '才數(新竹物流)',
  `platform` int(11) NOT NULL DEFAULT '0' COMMENT '平台金額',
  `supplier` int(11) DEFAULT '0' COMMENT '供應商金額',
  `freight` int(11) NOT NULL DEFAULT '0' COMMENT '使用運費',
  `nocharge` int(11) NOT NULL COMMENT '免運費門檻',
  `forSupplier` char(1) NOT NULL COMMENT '供應商是否可用?(0:不可, 1:可用)',
  `status` char(1) NOT NULL COMMENT '狀態(0:停用, 1:啟用)',
  `addtime` datetime NOT NULL COMMENT '建立時間',
  `updatetime` datetime NOT NULL COMMENT '修改時間'
) ENGINE=InnoDB DEFAULT CHARSET=utf8 COMMENT='配送方式';

--
-- 資料表的匯出資料 `shippings`
--

INSERT INTO `shippings` (`no`, `logno`, `shiptype`, `size`, `weight`, `length`, `units`, `platform`, `supplier`, `freight`, `nocharge`, `forSupplier`, `status`, `addtime`, `updatetime`) VALUES
(1, 1, 2, '90', 5, 0, 0, 100, 50, 50, 1000, '1', '1', '0000-00-00 00:00:00', '0000-00-00 00:00:00'),
(2, 2, 1, '', 0, 0, 1, 70, 70, 70, 1000, '1', '1', '0000-00-00 00:00:00', '0000-00-00 00:00:00'),
(3, 2, 1, '', 0, 0, 2, 100, 100, 100, 1000, '1', '1', '0000-00-00 00:00:00', '0000-00-00 00:00:00');

-- --------------------------------------------------------

--
-- 資料表結構 `shiptypes`
--

CREATE TABLE `shiptypes` (
  `no` int(11) NOT NULL COMMENT '流水號(PK)',
  `name` varchar(20) NOT NULL COMMENT '配送名稱',
  `type` char(1) NOT NULL COMMENT '付款條件(1:需先付款,2:已付款,3:貨到付款)',
  `addtime` datetime NOT NULL COMMENT '建立時間',
  `updatetime` datetime NOT NULL COMMENT '修改時間'
) ENGINE=InnoDB DEFAULT CHARSET=utf8;

--
-- 資料表的匯出資料 `shiptypes`
--

INSERT INTO `shiptypes` (`no`, `name`, `type`, `addtime`, `updatetime`) VALUES
(1, '宅配/快遞', '1', '0000-00-00 00:00:00', '2017-12-28 22:31:31'),
(2, '便利商店取貨', '1', '0000-00-00 00:00:00', '2017-11-21 15:41:45'),
(3, '營業據點取貨', '1', '2017-12-28 22:32:02', '2017-12-28 22:32:02');

-- --------------------------------------------------------

--
-- 資料表結構 `smslogs`
--

CREATE TABLE `smslogs` (
  `no` int(11) NOT NULL COMMENT '流水號(PK)',
  `phone` varchar(20) NOT NULL COMMENT '發送電話號碼',
  `content` varchar(200) NOT NULL COMMENT '簡訊內容',
  `addtime` datetime NOT NULL COMMENT '建立時間'
) ENGINE=InnoDB DEFAULT CHARSET=utf8;

-- --------------------------------------------------------

--
-- 資料表結構 `supplierPC`
--

CREATE TABLE `supplierPC` (
  `suppid` varchar(20) NOT NULL COMMENT '供應商ID(PK)',
  `pc_no` int(11) NOT NULL COMMENT '商品類別編號(第一層類別) (PK)',
  `serviceP` int(11) NOT NULL DEFAULT '0' COMMENT '平台服務費%數',
  `PVP` int(11) NOT NULL DEFAULT '0' COMMENT 'PV值%數',
  `bonuceP` int(11) DEFAULT '0' COMMENT '紅利值%數',
  `addtime` datetime NOT NULL COMMENT '建立時間',
  `updatetime` datetime NOT NULL COMMENT '修改時間'
) ENGINE=InnoDB DEFAULT CHARSET=utf8;

--
-- 資料表的匯出資料 `supplierPC`
--

INSERT INTO `supplierPC` (`suppid`, `pc_no`, `serviceP`, `PVP`, `bonuceP`, `addtime`, `updatetime`) VALUES
('TEST001', 1, 5, 1, 1, '2017-11-06 15:19:51', '2017-11-06 15:19:51'),
('TEST001', 2, 5, 1, 1, '2017-11-06 15:19:51', '2017-11-06 15:19:51'),
('test02', 5, 10, 2, 3, '2017-11-30 14:59:29', '2017-12-11 18:13:37'),
('test02', 16, 5, 1, 2, '2017-11-30 14:59:29', '2017-12-11 18:13:37');

-- --------------------------------------------------------

--
-- 資料表結構 `suppliers`
--

CREATE TABLE `suppliers` (
  `suppid` varchar(20) NOT NULL COMMENT '供應商ID(PK)',
  `account` varchar(20) NOT NULL COMMENT '主帳號',
  `password` varchar(100) NOT NULL COMMENT '密碼',
  `rights` int(11) NOT NULL DEFAULT '1',
  `deputy_administrator_suppid` varchar(20) DEFAULT NULL COMMENT '子管理員所屬的供應商ID(NULL代表為供應商主管理者)',
  `name` varchar(50) NOT NULL COMMENT '供應商名稱',
  `platform` varchar(50) NOT NULL COMMENT '平台名稱',
  `name_en` varchar(50) NOT NULL COMMENT '供應商英文簡稱',
  `company_no` varchar(10) NOT NULL COMMENT '統一編號',
  `principal` varchar(50) NOT NULL COMMENT '負責人',
  `tel` varchar(20) NOT NULL COMMENT '聯繫電話',
  `fax` varchar(20) NOT NULL COMMENT '傳真',
  `reg_address` varchar(200) NOT NULL COMMENT '登記地址',
  `con_address` varchar(200) NOT NULL COMMENT '聯繫地址',
  `contact` varchar(20) NOT NULL COMMENT '聯絡人',
  `contact_phone` varchar(20) NOT NULL COMMENT '聯絡人電話',
  `bank` varchar(20) NOT NULL COMMENT '收款銀行',
  `bank_branch` varchar(20) NOT NULL COMMENT '分行名稱',
  `bank_code` varchar(5) NOT NULL COMMENT '分行代碼',
  `bank_account` varchar(20) NOT NULL COMMENT '收款帳號',
  `management_ip` varchar(20) NOT NULL COMMENT '管理後台IP位置',
  `mid` varchar(100) NOT NULL COMMENT '「記住我」的加密代碼',
  `status` tinyint(4) NOT NULL DEFAULT '1' COMMENT '啟用(0停用;1啟用)',
  `addtime` datetime NOT NULL COMMENT '建立時間',
  `updatetime` datetime NOT NULL COMMENT '修改時間',
  `logintime` datetime NOT NULL COMMENT '最近登入時間'
) ENGINE=InnoDB DEFAULT CHARSET=utf8 COMMENT='供應商資料';

--
-- 資料表的匯出資料 `suppliers`
--

INSERT INTO `suppliers` (`suppid`, `account`, `password`, `rights`, `deputy_administrator_suppid`, `name`, `platform`, `name_en`, `company_no`, `principal`, `tel`, `fax`, `reg_address`, `con_address`, `contact`, `contact_phone`, `bank`, `bank_branch`, `bank_code`, `bank_account`, `management_ip`, `mid`, `status`, `addtime`, `updatetime`, `logintime`) VALUES
('1111', 'testtest', '05a671c66aefea124cc08b76ea6d30bb', 2, 'TEST001', 'test', '', '', '', '', '', '', '', '', '', '', '', '', '', '', '', 'bc8770c9e6d7b90fdf0836a5777321b7151053960121679jm48k40c7blol6e2sshkq7nk34', 1, '2017-11-13 10:20:01', '2017-11-13 10:20:01', '0000-00-00 00:00:00'),
('111111', 'guest1234', 'fac38cbc2e0af6719ea5c399e832739e', 3, 'TEST001', 'guest', '', '', '', '', '', '', '', '', '', '', '', '', '', '', '', 'cfc58de03004c72d83b8615cbccafc81151140745049509n4b0abu9datcnphf3ek72n0aj6', 1, '2017-11-23 11:24:10', '2017-11-23 11:24:10', '0000-00-00 00:00:00'),
('TEST001', 'test', 'f6fdffe48c908deb0f4c3bd36c032e72', 1, NULL, 'TEST', 'TEST', 'TEST', '1234567890', 'TEST USER', '0922666555', '0422228888', 'TEST ADDRESS', 'TEST ADDRESS', 'TEST USER', '0933222333', '', '', '', '', '59.127.37.46', '76f2f46f054d07d9262a2ef272a38e6d151546946778219vqlh6hm5sesdufhah4a9bsblr1', 1, '2017-11-06 15:12:22', '2017-11-06 15:19:51', '2018-01-09 11:44:27'),
('test02', 'testtest02', '8878517d3fe47557af068e82a3411835', 1, NULL, 'test02', 'test02', 'tes', '11111', '', '0986ggdds', 'fdgdgsdg這', 'test', 'test', 'kjlkjlk', 'fdgdsgs', '台灣第一銀行', '火星分行', '0918', '09876655', '211.21.65.1', '08a5078ee4e3b52b6a0b636cf922e12515142728103201m80rtcl59q7bl26qb91qik9pu5', 1, '2017-11-30 14:58:18', '2017-12-11 18:13:37', '2017-12-26 15:20:10');

-- --------------------------------------------------------

--
-- 資料表結構 `supplierslogs`
--

CREATE TABLE `supplierslogs` (
  `no` int(11) NOT NULL COMMENT '流水號(PK)',
  `account` varchar(20) NOT NULL COMMENT '管理者帳號',
  `main_key` int(11) NOT NULL COMMENT '主功能鍵',
  `fun_key` int(11) NOT NULL COMMENT '副功能鍵',
  `action` int(11) NOT NULL COMMENT '動作',
  `descript` varchar(100) NOT NULL COMMENT '記錄描述',
  `table` varchar(20) NOT NULL COMMENT '資料表名稱',
  `data` text NOT NULL COMMENT '寫入資料內容',
  `suppid` varchar(20) NOT NULL COMMENT '所屬供應商ID',
  `ip` char(15) NOT NULL COMMENT '建立IP',
  `addtime` datetime NOT NULL COMMENT '建立時間'
) ENGINE=InnoDB DEFAULT CHARSET=utf8 COMMENT='供應商後台管理者操作紀錄';

--
-- 資料表的匯出資料 `supplierslogs`
--

INSERT INTO `supplierslogs` (`no`, `account`, `main_key`, `fun_key`, `action`, `descript`, `table`, `data`, `suppid`, `ip`, `addtime`) VALUES
(1, 'test', 0, 0, 1, 'suppliers登入成功', '', '', 'TEST001', '203.217.117.32', '2017-11-12 23:20:01'),
(2, 'test', 2, 1, 2, '列表', '', '', 'TEST001', '203.217.117.32', '2017-11-12 23:20:05'),
(3, 'test', 2, 2, 2, '列表', '', '', 'TEST001', '203.217.117.32', '2017-11-12 23:20:07'),
(4, 'test', 1, 1, 2, '列表', '', '', 'TEST001', '203.217.117.32', '2017-11-12 23:21:23'),
(5, 'test', 0, 0, 1, 'suppliers登入成功', '', '', 'TEST001', '175.182.69.145', '2017-11-12 23:30:57'),
(6, 'test', 0, 0, 1, 'suppliers登入成功', '', '', 'TEST001', '111.249.36.142', '2017-11-12 23:32:49'),
(7, 'test', 2, 1, 2, '列表', '', '', 'TEST001', '111.249.36.142', '2017-11-12 23:33:13'),
(8, 'test', 2, 2, 2, '列表', '', '', 'TEST001', '111.249.36.142', '2017-11-12 23:33:14'),
(9, 'test', 1, 1, 2, '列表', '', '', 'TEST001', '111.249.36.142', '2017-11-12 23:33:28'),
(10, 'test', 2, 2, 2, '列表', '', '', 'TEST001', '111.249.36.142', '2017-11-12 23:33:34'),
(11, 'test', 2, 1, 2, '列表', '', '', 'TEST001', '111.249.36.142', '2017-11-12 23:35:53'),
(12, 'test', 2, 2, 2, '列表', '', '', 'TEST001', '111.249.36.142', '2017-11-12 23:35:54'),
(13, 'test', 1, 1, 2, '列表', '', '', 'TEST001', '111.249.36.142', '2017-11-12 23:35:56'),
(14, 'test', 2, 1, 2, '列表', '', '', 'TEST001', '111.249.36.142', '2017-11-12 23:36:20'),
(15, 'test', 0, 0, 1, 'suppliers登入成功', '', '', 'TEST001', '36.235.191.202', '2017-11-12 23:54:49'),
(16, 'test', 2, 1, 2, '列表', '', '', 'TEST001', '36.235.191.202', '2017-11-12 23:55:27'),
(17, 'test', 2, 2, 2, '列表', '', '', 'TEST001', '36.235.191.202', '2017-11-12 23:55:28'),
(18, 'test', 1, 1, 2, '列表', '', '', 'TEST001', '36.235.191.202', '2017-11-12 23:55:30'),
(19, 'test', 2, 1, 2, '列表', '', '', 'TEST001', '36.235.191.202', '2017-11-12 23:55:34'),
(20, 'test', 2, 2, 2, '列表', '', '', 'TEST001', '36.235.191.202', '2017-11-12 23:55:35'),
(21, 'test', 0, 0, 1, 'suppliers登入成功', '', '', 'TEST001', '211.21.65.1', '2017-11-13 10:17:47'),
(22, 'test', 2, 1, 2, '列表', '', '', 'TEST001', '211.21.65.1', '2017-11-13 10:18:04'),
(23, 'test', 1, 1, 2, '列表', '', '', 'TEST001', '211.21.65.1', '2017-11-13 10:18:24'),
(24, 'test', 1, 1, 4, '管理者 id:2', '', '', 'TEST001', '211.21.65.1', '2017-11-13 10:19:06'),
(25, 'test', 2, 1, 2, '列表', '', '', 'TEST001', '211.21.65.1', '2017-11-13 10:19:12'),
(26, 'test', 2, 2, 2, '列表', '', '', 'TEST001', '211.21.65.1', '2017-11-13 10:19:14'),
(27, 'test', 2, 1, 2, '列表', '', '', 'TEST001', '211.21.65.1', '2017-11-13 10:19:15'),
(28, 'test', 2, 1, 4, 'testtest', '', '', 'TEST001', '211.21.65.1', '2017-11-13 10:20:01'),
(29, 'test', 2, 2, 2, '列表', '', '', 'TEST001', '211.21.65.1', '2017-11-13 10:20:09'),
(30, 'test', 1, 1, 2, '列表', '', '', 'TEST001', '211.21.65.1', '2017-11-13 13:53:15'),
(31, 'test', 2, 1, 2, '列表', '', '', 'TEST001', '211.21.65.1', '2017-11-13 13:53:42'),
(32, 'test', 2, 2, 2, '列表', '', '', 'TEST001', '211.21.65.1', '2017-11-13 13:55:06'),
(33, 'test', 2, 1, 2, '列表', '', '', 'TEST001', '211.21.65.1', '2017-11-13 13:56:32'),
(34, 'test', 2, 2, 2, '列表', '', '', 'TEST001', '211.21.65.1', '2017-11-13 13:56:32'),
(35, 'test', 1, 1, 2, '列表', '', '', 'TEST001', '211.21.65.1', '2017-11-13 13:56:44'),
(36, 'test', 2, 2, 2, '列表', '', '', 'TEST001', '211.21.65.1', '2017-11-13 14:21:30'),
(37, 'test', 0, 0, 1, 'suppliers登入成功', '', '', 'TEST001', '211.21.65.1', '2017-11-13 14:48:49'),
(38, 'test', 0, 0, 1, 'suppliers登入成功', '', '', 'TEST001', '59.127.37.46', '2017-11-13 15:05:37'),
(39, 'test', 1, 1, 2, '列表', '', '', 'TEST001', '211.21.65.1', '2017-11-13 15:22:40'),
(40, 'test', 0, 0, 1, 'suppliers登入成功', '', '', 'TEST001', '120.108.127.29', '2017-11-13 16:52:49'),
(41, 'test', 0, 0, 1, 'suppliers登入成功', '', '', 'TEST001', '211.21.65.1', '2017-11-14 10:15:26'),
(42, 'test', 2, 1, 2, '列表', '', '', 'TEST001', '211.21.65.1', '2017-11-14 10:53:29'),
(43, 'test', 2, 2, 2, '列表', '', '', 'TEST001', '211.21.65.1', '2017-11-14 10:53:30'),
(44, 'test', 0, 0, 1, 'suppliers登入成功', '', '', 'TEST001', '211.21.65.1', '2017-11-14 10:54:34'),
(45, 'test', 1, 1, 2, '列表', '', '', 'TEST001', '211.21.65.1', '2017-11-14 13:36:51'),
(46, 'test', 2, 1, 2, '列表', '', '', 'TEST001', '211.21.65.1', '2017-11-14 13:36:59'),
(47, 'test', 2, 2, 2, '列表', '', '', 'TEST001', '211.21.65.1', '2017-11-14 13:37:05'),
(48, 'test', 1, 1, 2, '列表', '', '', 'TEST001', '211.21.65.1', '2017-11-14 13:39:32'),
(49, 'test', 0, 0, 1, 'suppliers登入成功', '', '', 'TEST001', '211.21.65.1', '2017-11-14 17:36:00'),
(50, 'guest', 0, 0, 1, 'admin登入失敗-帳密不正確', '', '', '', '211.21.65.1', '2017-11-15 09:59:34'),
(51, 'test', 0, 0, 1, 'suppliers登入成功', '', '', 'TEST001', '211.21.65.1', '2017-11-15 09:59:46'),
(52, 'test', 0, 0, 1, 'suppliers登入成功', '', '', 'TEST001', '211.21.65.1', '2017-11-16 11:01:33'),
(53, 'test', 1, 1, 2, '列表', '', '', 'TEST001', '211.21.65.1', '2017-11-16 11:57:36'),
(54, 'test', 2, 1, 2, '列表', '', '', 'TEST001', '211.21.65.1', '2017-11-16 11:57:48'),
(55, 'test', 2, 2, 2, '列表', '', '', 'TEST001', '211.21.65.1', '2017-11-16 11:58:20'),
(56, 'test', 0, 0, 1, 'suppliers登入成功', '', '', 'TEST001', '211.21.65.1', '2017-11-16 13:46:39'),
(57, 'test', 0, 0, 1, 'suppliers登入成功', '', '', 'TEST001', '211.21.65.1', '2017-11-20 10:19:34'),
(58, 'test', 0, 0, 1, 'suppliers登入成功', '', '', 'TEST001', '59.127.37.46', '2017-11-20 10:46:23'),
(59, 'test', 4, 1, 2, '列表', '', '', 'TEST001', '59.127.37.46', '2017-11-20 10:46:28'),
(60, 'test', 4, 2, 2, '列表', '', '', 'TEST001', '59.127.37.46', '2017-11-20 10:46:30'),
(61, 'test', 3, 1, 2, '列表', '', '', 'TEST001', '59.127.37.46', '2017-11-20 10:46:37'),
(62, 'test', 1, 1, 2, '列表', '', '', 'TEST001', '59.127.37.46', '2017-11-20 10:47:05'),
(63, 'test', 0, 0, 1, 'suppliers登入成功', '', '', 'TEST001', '211.21.65.1', '2017-11-21 15:32:00'),
(64, 'test', 3, 1, 2, '列表', '', '', 'TEST001', '211.21.65.1', '2017-11-21 15:32:17'),
(65, 'test', 3, 1, 2, '列表', '', '', 'TEST001', '211.21.65.1', '2017-11-21 15:33:35'),
(66, 'test', 2, 2, 2, '列表', '', '', 'TEST001', '211.21.65.1', '2017-11-21 15:33:47'),
(67, 'test', 1, 1, 2, '列表', '', '', 'TEST001', '211.21.65.1', '2017-11-21 15:33:49'),
(68, 'test', 4, 1, 2, '列表', '', '', 'TEST001', '211.21.65.1', '2017-11-21 15:33:57'),
(69, 'test', 4, 3, 2, '列表', '', '', 'TEST001', '211.21.65.1', '2017-11-21 15:34:01'),
(70, 'test', 4, 2, 2, '列表', '', '', 'TEST001', '211.21.65.1', '2017-11-21 15:34:02'),
(71, 'test', 3, 1, 2, '列表', '', '', 'TEST001', '211.21.65.1', '2017-11-21 15:49:09'),
(72, 'test', 3, 1, 4, 'TEEEEEEST id:TEEEEEEST', '', '', 'TEST001', '211.21.65.1', '2017-11-21 15:50:20'),
(73, 'test', 3, 1, 2, '列表', '', '', 'TEST001', '211.21.65.1', '2017-11-21 15:51:20'),
(74, 'test', 3, 1, 2, '列表', '', '', 'TEST001', '211.21.65.1', '2017-11-21 15:51:32'),
(75, 'test', 3, 1, 8, 'TEEEEEES id:TEEEEEEST', '', '', 'TEST001', '211.21.65.1', '2017-11-21 15:52:02'),
(76, 'test', 3, 1, 2, '列表', '', '', 'TEST001', '211.21.65.1', '2017-11-21 15:52:24'),
(77, 'test', 4, 1, 2, '列表', '', '', 'TEST001', '211.21.65.1', '2017-11-21 15:53:05'),
(78, 'test', 4, 2, 2, '列表', '', '', 'TEST001', '211.21.65.1', '2017-11-21 15:53:06'),
(79, 'test', 4, 1, 2, '列表', '', '', 'TEST001', '211.21.65.1', '2017-11-21 15:53:09'),
(80, 'test', 4, 3, 2, '列表', '', '', 'TEST001', '211.21.65.1', '2017-11-21 15:53:09'),
(81, 'test', 3, 1, 2, '列表', '', '', 'TEST001', '211.21.65.1', '2017-11-21 15:53:10'),
(82, 'test', 3, 1, 8, 'TEEEEEES id:TEEEEEEST', '', '', 'TEST001', '211.21.65.1', '2017-11-21 15:55:24'),
(83, 'test', 3, 1, 8, 'TEEEEEES id:TEEEEEEST', '', '', 'TEST001', '211.21.65.1', '2017-11-21 15:56:46'),
(84, 'test', 1, 1, 2, '列表', '', '', 'TEST001', '211.21.65.1', '2017-11-21 16:12:01'),
(85, 'test', 2, 2, 2, '列表', '', '', 'TEST001', '211.21.65.1', '2017-11-21 16:12:04'),
(86, 'test', 2, 1, 2, '列表', '', '', 'TEST001', '211.21.65.1', '2017-11-21 16:12:05'),
(87, 'test', 3, 1, 2, '列表', '', '', 'TEST001', '211.21.65.1', '2017-11-21 16:14:45'),
(88, 'test', 4, 1, 2, '列表', '', '', 'TEST001', '211.21.65.1', '2017-11-21 16:26:03'),
(89, 'test', 4, 2, 2, '列表', '', '', 'TEST001', '211.21.65.1', '2017-11-21 16:26:05'),
(90, 'test', 4, 3, 2, '列表', '', '', 'TEST001', '211.21.65.1', '2017-11-21 16:26:06'),
(91, 'test', 4, 1, 2, '列表', '', '', 'TEST001', '211.21.65.1', '2017-11-21 16:26:07'),
(92, 'test', 1, 1, 2, '列表', '', '', 'TEST001', '211.21.65.1', '2017-11-21 16:30:46'),
(93, 'test', 4, 1, 2, '列表', '', '', 'TEST001', '211.21.65.1', '2017-11-21 16:30:48'),
(94, 'test', 4, 2, 2, '列表', '', '', 'TEST001', '211.21.65.1', '2017-11-21 16:30:49'),
(95, 'test', 4, 3, 2, '列表', '', '', 'TEST001', '211.21.65.1', '2017-11-21 16:30:50'),
(96, 'test', 3, 1, 2, '列表', '', '', 'TEST001', '211.21.65.1', '2017-11-21 16:30:51'),
(97, 'test', 3, 1, 2, '列表', '', '', 'TEST001', '211.21.65.1', '2017-11-21 16:34:16'),
(98, 'test', 4, 1, 2, '列表', '', '', 'TEST001', '211.21.65.1', '2017-11-21 16:34:51'),
(99, 'test', 4, 2, 2, '列表', '', '', 'TEST001', '211.21.65.1', '2017-11-21 16:34:52'),
(100, 'test', 4, 3, 2, '列表', '', '', 'TEST001', '211.21.65.1', '2017-11-21 16:34:52'),
(101, 'test', 0, 0, 1, 'suppliers登入成功', '', '', 'TEST001', '211.21.65.1', '2017-11-21 16:41:01'),
(102, 'test', 0, 0, 1, 'suppliers登入成功', '', '', 'TEST001', '59.127.37.46', '2017-11-21 16:51:17'),
(103, 'test', 4, 1, 2, '列表', '', '', 'TEST001', '59.127.37.46', '2017-11-21 16:51:58'),
(104, 'test', 4, 2, 2, '列表', '', '', 'TEST001', '59.127.37.46', '2017-11-21 16:51:59'),
(105, 'test', 4, 3, 2, '列表', '', '', 'TEST001', '59.127.37.46', '2017-11-21 16:52:01'),
(106, 'test', 4, 2, 2, '列表', '', '', 'TEST001', '59.127.37.46', '2017-11-21 16:52:03'),
(107, 'test', 4, 1, 2, '列表', '', '', 'TEST001', '59.127.37.46', '2017-11-21 16:52:03'),
(108, 'test', 0, 0, 1, 'suppliers登入成功', '', '', 'TEST001', '125.227.11.67', '2017-11-21 16:52:03'),
(109, 'test', 3, 1, 2, '列表', '', '', 'TEST001', '59.127.37.46', '2017-11-21 16:52:05'),
(110, 'test', 1, 1, 2, '列表', '', '', 'TEST001', '125.227.11.67', '2017-11-21 16:52:37'),
(111, 'test', 4, 1, 2, '列表', '', '', 'TEST001', '59.127.37.46', '2017-11-21 16:53:41'),
(112, 'test', 3, 1, 2, '列表', '', '', 'TEST001', '59.127.37.46', '2017-11-21 16:53:41'),
(113, 'test', 4, 1, 2, '列表', '', '', 'TEST001', '59.127.37.46', '2017-11-21 16:53:41'),
(114, 'test', 4, 2, 2, '列表', '', '', 'TEST001', '59.127.37.46', '2017-11-21 16:53:42'),
(115, 'test', 3, 1, 2, '列表', '', '', 'TEST001', '59.127.37.46', '2017-11-21 16:53:45'),
(116, 'test', 4, 1, 2, '列表', '', '', 'TEST001', '59.127.37.46', '2017-11-21 16:54:55'),
(117, 'test', 3, 1, 2, '列表', '', '', 'TEST001', '59.127.37.46', '2017-11-21 16:55:02'),
(118, 'test', 4, 1, 2, '列表', '', '', 'TEST001', '211.21.65.1', '2017-11-21 17:16:29'),
(119, 'test', 4, 2, 2, '列表', '', '', 'TEST001', '211.21.65.1', '2017-11-21 17:16:30'),
(120, 'test', 4, 3, 2, '列表', '', '', 'TEST001', '211.21.65.1', '2017-11-21 17:16:31'),
(121, 'test', 3, 1, 2, '列表', '', '', 'TEST001', '211.21.65.1', '2017-11-21 17:16:34'),
(122, 'test', 1, 1, 2, '列表', '', '', 'TEST001', '211.21.65.1', '2017-11-21 17:16:41'),
(123, 'test', 2, 1, 2, '列表', '', '', 'TEST001', '211.21.65.1', '2017-11-21 17:16:55'),
(124, 'test', 4, 1, 2, '列表', '', '', 'TEST001', '211.21.65.1', '2017-11-21 17:17:06'),
(125, 'test', 4, 3, 2, '列表', '', '', 'TEST001', '211.21.65.1', '2017-11-21 17:17:10'),
(126, 'test', 3, 1, 2, '列表', '', '', 'TEST001', '211.21.65.1', '2017-11-21 17:17:12'),
(127, 'test', 0, 0, 1, 'suppliers登入成功', '', '', 'TEST001', '211.21.65.1', '2017-11-22 10:06:22'),
(128, 'test', 4, 1, 2, '列表', '', '', 'TEST001', '211.21.65.1', '2017-11-22 10:06:28'),
(129, 'test', 4, 2, 2, '列表', '', '', 'TEST001', '211.21.65.1', '2017-11-22 10:06:29'),
(130, 'test', 4, 3, 2, '列表', '', '', 'TEST001', '211.21.65.1', '2017-11-22 10:06:30'),
(131, 'test', 4, 1, 2, '列表', '', '', 'TEST001', '211.21.65.1', '2017-11-22 10:06:31'),
(132, 'test', 3, 1, 2, '列表', '', '', 'TEST001', '211.21.65.1', '2017-11-22 10:06:33'),
(133, 'test', 4, 2, 2, '列表', '', '', 'TEST001', '211.21.65.1', '2017-11-22 11:06:19'),
(134, 'test', 4, 3, 2, '列表', '', '', 'TEST001', '211.21.65.1', '2017-11-22 11:06:20'),
(135, 'test', 2, 1, 2, '列表', '', '', 'TEST001', '211.21.65.1', '2017-11-22 11:08:42'),
(136, 'test', 2, 2, 2, '列表', '', '', 'TEST001', '211.21.65.1', '2017-11-22 11:08:43'),
(137, 'test', 1, 1, 2, '列表', '', '', 'TEST001', '211.21.65.1', '2017-11-22 11:08:56'),
(138, 'test', 3, 1, 2, '列表', '', '', 'TEST001', '211.21.65.1', '2017-11-22 11:09:02'),
(139, 'test', 4, 1, 2, '列表', '', '', 'TEST001', '211.21.65.1', '2017-11-22 11:23:51'),
(140, 'test', 3, 1, 2, '列表', '', '', 'TEST001', '211.21.65.1', '2017-11-22 11:24:22'),
(141, 'test', 4, 1, 2, '列表', '', '', 'TEST001', '211.21.65.1', '2017-11-22 11:24:25'),
(142, 'test', 4, 2, 2, '列表', '', '', 'TEST001', '211.21.65.1', '2017-11-22 11:24:30'),
(143, 'test', 4, 3, 2, '列表', '', '', 'TEST001', '211.21.65.1', '2017-11-22 11:24:31'),
(144, 'test', 2, 2, 2, '列表', '', '', 'TEST001', '211.21.65.1', '2017-11-22 11:24:53'),
(145, 'test', 2, 1, 2, '列表', '', '', 'TEST001', '211.21.65.1', '2017-11-22 11:24:54'),
(146, 'test', 1, 1, 2, '列表', '', '', 'TEST001', '211.21.65.1', '2017-11-22 11:25:04'),
(147, 'test', 3, 1, 2, '列表', '', '', 'TEST001', '211.21.65.1', '2017-11-22 11:25:08'),
(148, 'test', 3, 1, 2, '列表', '', '', 'TEST001', '211.21.65.1', '2017-11-22 15:43:05'),
(149, 'test', 4, 1, 2, '列表', '', '', 'TEST001', '211.21.65.1', '2017-11-22 16:13:55'),
(150, 'test', 3, 1, 2, '列表', '', '', 'TEST001', '211.21.65.1', '2017-11-22 16:13:57'),
(151, 'test', 0, 0, 1, 'admin登入失敗-帳密不正確', '', '', '', '122.116.150.119', '2017-11-23 11:21:45'),
(152, 'test', 0, 0, 1, 'suppliers登入成功', '', '', 'TEST001', '122.116.150.119', '2017-11-23 11:22:12'),
(153, 'test', 1, 1, 2, '列表', '', '', 'TEST001', '122.116.150.119', '2017-11-23 11:22:22'),
(154, 'test', 1, 1, 8, '管理者 id:2', '', '', 'TEST001', '122.116.150.119', '2017-11-23 11:22:38'),
(155, 'test', 1, 1, 4, 'guest id:3', '', '', 'TEST001', '122.116.150.119', '2017-11-23 11:22:58'),
(156, 'test', 1, 1, 8, 'guest id:3', '', '', 'TEST001', '122.116.150.119', '2017-11-23 11:23:31'),
(157, 'test', 2, 1, 2, '列表', '', '', 'TEST001', '122.116.150.119', '2017-11-23 11:23:34'),
(158, 'test', 2, 1, 4, 'guest1234', '', '', 'TEST001', '122.116.150.119', '2017-11-23 11:24:10'),
(159, 'test', 4, 1, 2, '列表', '', '', 'TEST001', '122.116.150.119', '2017-11-23 11:24:27'),
(160, 'test', 3, 1, 2, '列表', '', '', 'TEST001', '122.116.150.119', '2017-11-23 11:24:30'),
(161, 'guest', 0, 0, 1, 'admin登入失敗-帳密不正確', '', '', '', '211.21.65.1', '2017-11-27 10:28:25'),
(162, 'test', 0, 0, 1, 'suppliers登入成功', '', '', 'TEST001', '211.21.65.1', '2017-11-27 10:28:35'),
(163, 'test', 0, 0, 1, 'suppliers登入成功', '', '', 'TEST001', '120.108.127.29', '2017-11-27 10:33:07'),
(164, 'test', 1, 1, 2, '列表', '', '', 'TEST001', '120.108.127.29', '2017-11-27 10:33:26'),
(165, 'test', 0, 0, 1, 'suppliers登入成功', '', '', 'TEST001', '59.127.37.46', '2017-11-27 10:39:41'),
(166, 'test', 5, 1, 8, 'a:1:{s:9:\"status1_1\";s:5:\"1_1_1\";}', '', '', 'TEST001', '59.127.37.46', '2017-11-27 10:40:52'),
(167, 'test', 4, 1, 2, '列表', '', '', 'TEST001', '59.127.37.46', '2017-11-27 11:03:05'),
(168, 'test', 0, 0, 1, 'suppliers登入成功', '', '', 'TEST001', '122.116.150.119', '2017-11-27 13:41:19'),
(169, 'test', 1, 1, 2, '列表', '', '', 'TEST001', '122.116.150.119', '2017-11-27 13:41:51'),
(170, 'test', 0, 0, 1, 'suppliers登入成功', '', '', 'TEST001', '59.127.37.46', '2017-11-27 14:38:37'),
(171, 'test', 1, 1, 2, '列表', '', '', 'TEST001', '59.127.37.46', '2017-11-27 14:38:42'),
(172, 'test', 2, 1, 2, '列表', '', '', 'TEST001', '59.127.37.46', '2017-11-27 14:40:12'),
(173, 'test', 1, 1, 2, '列表', '', '', 'TEST001', '59.127.37.46', '2017-11-27 14:40:20'),
(174, 'test', 0, 0, 1, 'suppliers登入成功', '', '', 'TEST001', '122.116.150.119', '2017-11-27 14:52:42'),
(175, 'test', 1, 1, 2, '列表', '', '', 'TEST001', '122.116.150.119', '2017-11-27 14:52:53'),
(176, 'test', 2, 1, 2, '列表', '', '', 'TEST001', '122.116.150.119', '2017-11-27 14:53:04'),
(177, 'test', 1, 1, 2, '列表', '', '', 'TEST001', '122.116.150.119', '2017-11-27 14:53:12'),
(178, 'test', 7, 1, 2, '列表', '', '', 'TEST001', '122.116.150.119', '2017-11-27 14:53:27'),
(179, 'test', 4, 1, 2, '列表', '', '', 'TEST001', '122.116.150.119', '2017-11-27 14:53:29'),
(180, 'test', 4, 2, 2, '列表', '', '', 'TEST001', '122.116.150.119', '2017-11-27 14:53:31'),
(181, 'test', 4, 3, 2, '列表', '', '', 'TEST001', '122.116.150.119', '2017-11-27 14:53:32'),
(182, 'admin', 0, 0, 1, 'admin登入失敗-帳密不正確', '', '', '', '122.116.150.119', '2017-11-27 17:43:42'),
(183, 'test', 0, 0, 1, 'suppliers登入成功', '', '', 'TEST001', '122.116.150.119', '2017-11-27 17:44:04'),
(184, 'test', 3, 1, 2, '列表', '', '', 'TEST001', '122.116.150.119', '2017-11-27 17:44:11'),
(185, 'test', 4, 1, 2, '列表', '', '', 'TEST001', '122.116.150.119', '2017-11-27 17:44:19'),
(186, 'test', 4, 3, 2, '列表', '', '', 'TEST001', '122.116.150.119', '2017-11-27 17:44:21'),
(187, 'test', 4, 1, 2, '列表', '', '', 'TEST001', '122.116.150.119', '2017-11-27 17:44:26'),
(188, 'test', 7, 1, 2, '列表', '', '', 'TEST001', '122.116.150.119', '2017-11-27 17:44:47'),
(189, 'test', 3, 1, 2, '列表', '', '', 'TEST001', '122.116.150.119', '2017-11-27 17:45:00'),
(190, 'test', 0, 0, 1, 'suppliers登入成功', '', '', 'TEST001', '59.127.37.46', '2017-11-27 17:55:29'),
(191, 'test', 2, 1, 2, '列表', '', '', 'TEST001', '59.127.37.46', '2017-11-27 17:55:36'),
(192, 'test', 1, 1, 2, '列表', '', '', 'TEST001', '59.127.37.46', '2017-11-27 17:55:38'),
(193, 'test', 0, 0, 1, 'suppliers登入成功', '', '', 'TEST001', '122.116.150.119', '2017-11-27 19:04:08'),
(194, 'test', 1, 1, 2, '列表', '', '', 'TEST001', '122.116.150.119', '2017-11-27 19:04:33'),
(195, 'test', 1, 1, 8, 'guest id:3', '', '', 'TEST001', '122.116.150.119', '2017-11-27 19:05:09'),
(196, 'test', 2, 1, 2, '列表', '', '', 'TEST001', '122.116.150.119', '2017-11-27 19:05:16'),
(197, 'test', 1, 1, 2, '列表', '', '', 'TEST001', '122.116.150.119', '2017-11-27 19:05:23'),
(198, 'test', 1, 1, 8, 'guest id:3', '', '', 'TEST001', '122.116.150.119', '2017-11-27 19:05:29'),
(199, 'test', 3, 1, 2, '列表', '', '', 'TEST001', '122.116.150.119', '2017-11-27 19:05:37'),
(200, 'test', 4, 1, 2, '列表', '', '', 'TEST001', '122.116.150.119', '2017-11-27 19:05:39'),
(201, 'test', 4, 2, 2, '列表', '', '', 'TEST001', '122.116.150.119', '2017-11-27 19:05:41'),
(202, 'test', 2, 1, 2, '列表', '', '', 'TEST001', '122.116.150.119', '2017-11-27 19:05:47'),
(203, 'test', 1, 1, 2, '列表', '', '', 'TEST001', '122.116.150.119', '2017-11-27 19:05:55'),
(204, 'test', 0, 0, 1, 'suppliers登入成功', '', '', 'TEST001', '211.21.65.1', '2017-11-28 11:00:12'),
(205, 'test', 4, 1, 2, '列表', '', '', 'TEST001', '211.21.65.1', '2017-11-28 11:07:52'),
(206, 'test', 3, 1, 2, '列表', '', '', 'TEST001', '211.21.65.1', '2017-11-28 11:07:54'),
(207, 'test', 7, 1, 2, '列表', '', '', 'TEST001', '211.21.65.1', '2017-11-28 11:09:13'),
(208, 'test', 2, 1, 2, '列表', '', '', 'TEST001', '211.21.65.1', '2017-11-28 11:09:27'),
(209, 'test', 2, 2, 2, '列表', '', '', 'TEST001', '211.21.65.1', '2017-11-28 11:09:29'),
(210, 'test', 1, 1, 2, '列表', '', '', 'TEST001', '211.21.65.1', '2017-11-28 11:09:32'),
(211, 'test', 3, 1, 2, '列表', '', '', 'TEST001', '211.21.65.1', '2017-11-28 11:09:36'),
(212, 'test', 4, 1, 2, '列表', '', '', 'TEST001', '211.21.65.1', '2017-11-28 11:10:47'),
(213, 'test', 3, 1, 2, '列表', '', '', 'TEST001', '211.21.65.1', '2017-11-28 11:11:52'),
(214, 'test', 3, 1, 4, 'test1128 id:test1128', '', '', 'TEST001', '211.21.65.1', '2017-11-28 11:18:02'),
(215, 'test', 3, 1, 2, '列表', '', '', 'TEST001', '211.21.65.1', '2017-11-28 11:20:57'),
(216, 'test', 3, 1, 8, 'test1128 id:test1128', '', '', 'TEST001', '211.21.65.1', '2017-11-28 11:21:04'),
(217, 'test', 0, 0, 1, 'suppliers登入成功', '', '', 'TEST001', '211.21.65.1', '2017-11-28 11:22:00'),
(218, 'test', 3, 1, 2, '列表', '', '', 'TEST001', '211.21.65.1', '2017-11-28 11:22:03'),
(219, 'test', 3, 1, 8, 'test1128 id:test1128', '', '', 'TEST001', '211.21.65.1', '2017-11-28 11:22:15'),
(220, 'test', 4, 1, 2, '列表', '', '', 'TEST001', '211.21.65.1', '2017-11-28 11:24:53'),
(221, 'test', 4, 2, 2, '列表', '', '', 'TEST001', '211.21.65.1', '2017-11-28 11:24:56'),
(222, 'test', 4, 1, 2, '列表', '', '', 'TEST001', '211.21.65.1', '2017-11-28 11:24:57'),
(223, 'test', 4, 2, 2, '列表', '', '', 'TEST001', '211.21.65.1', '2017-11-28 11:27:27'),
(224, 'test', 4, 3, 2, '列表', '', '', 'TEST001', '211.21.65.1', '2017-11-28 11:27:28'),
(225, 'test', 4, 1, 2, '列表', '', '', 'TEST001', '211.21.65.1', '2017-11-28 11:27:29'),
(226, 'test', 3, 1, 2, '列表', '', '', 'TEST001', '211.21.65.1', '2017-11-28 11:27:32'),
(227, 'test', 3, 1, 8, 'test1128 id:test1128', '', '', 'TEST001', '211.21.65.1', '2017-11-28 11:29:03'),
(228, 'test', 0, 0, 1, 'suppliers登入成功', '', '', 'TEST001', '211.21.65.1', '2017-11-28 15:06:24'),
(229, 'test', 3, 1, 2, '列表', '', '', 'TEST001', '211.21.65.1', '2017-11-28 15:06:28'),
(230, 'test', 3, 1, 8, '1筆資料下架(\'test1128\')', '', '', 'TEST001', '211.21.65.1', '2017-11-28 15:09:35'),
(231, 'test', 3, 1, 8, 'test1128 id:test1128', '', '', 'TEST001', '211.21.65.1', '2017-11-28 15:09:53'),
(232, 'test', 4, 1, 2, '列表', '', '', 'TEST001', '211.21.65.1', '2017-11-28 15:10:21'),
(233, 'test', 3, 1, 2, '列表', '', '', 'TEST001', '211.21.65.1', '2017-11-28 15:10:23'),
(234, 'test', 4, 1, 2, '列表', '', '', 'TEST001', '211.21.65.1', '2017-11-28 15:10:38'),
(235, 'test', 3, 1, 2, '列表', '', '', 'TEST001', '211.21.65.1', '2017-11-28 15:10:47'),
(236, 'test', 7, 1, 2, '列表', '', '', 'TEST001', '211.21.65.1', '2017-11-28 15:12:30'),
(237, 'test', 3, 1, 2, '列表', '', '', 'TEST001', '211.21.65.1', '2017-11-28 15:50:41'),
(238, 'test', 3, 1, 2, '列表', '', '', 'TEST001', '211.21.65.1', '2017-11-28 16:04:09'),
(239, 'test', 4, 1, 2, '列表', '', '', 'TEST001', '211.21.65.1', '2017-11-28 16:04:17'),
(240, 'test', 7, 1, 2, '列表', '', '', 'TEST001', '211.21.65.1', '2017-11-28 16:05:02'),
(241, 'test', 3, 1, 2, '列表', '', '', 'TEST001', '211.21.65.1', '2017-11-28 16:49:16'),
(242, 'test', 0, 0, 1, 'suppliers登入成功', '', '', 'TEST001', '59.127.37.46', '2017-11-29 13:08:35'),
(243, 'test', 8, 1, 2, '列表', '', '', 'TEST001', '59.127.37.46', '2017-11-29 13:08:41'),
(244, 'test', 0, 0, 1, 'suppliers登入成功', '', '', 'TEST001', '59.127.37.46', '2017-11-29 14:58:22'),
(245, 'test', 8, 1, 2, '列表', '', '', 'TEST001', '59.127.37.46', '2017-11-29 14:58:38'),
(246, 'test', 4, 1, 2, '列表', '', '', 'TEST001', '59.127.37.46', '2017-11-29 15:05:53'),
(247, 'test', 7, 1, 2, '列表', '', '', 'TEST001', '59.127.37.46', '2017-11-29 15:07:01'),
(248, 'test', 3, 1, 2, '列表', '', '', 'TEST001', '59.127.37.46', '2017-11-29 15:07:10'),
(249, 'test', 0, 0, 1, 'admin登入失敗-帳密不正確', '', '', '', '59.127.37.46', '2017-11-29 18:04:36'),
(250, 'test', 0, 0, 1, 'suppliers登入成功', '', '', 'TEST001', '59.127.37.46', '2017-11-29 18:04:46'),
(251, 'test', 8, 1, 2, '列表', '', '', 'TEST001', '59.127.37.46', '2017-11-29 18:04:50'),
(252, 'test', 0, 0, 1, 'suppliers登入成功', '', '', 'TEST001', '59.127.37.46', '2017-11-29 18:16:07'),
(253, 'test', 7, 1, 2, '列表', '', '', 'TEST001', '59.127.37.46', '2017-11-29 18:16:11'),
(254, 'test', 3, 1, 2, '列表', '', '', 'TEST001', '59.127.37.46', '2017-11-29 18:16:26'),
(255, 'test', 8, 1, 2, '列表', '', '', 'TEST001', '59.127.37.46', '2017-11-29 18:17:00'),
(256, 'test', 3, 1, 2, '列表', '', '', 'TEST001', '59.127.37.46', '2017-11-29 18:17:05'),
(257, 'test', 0, 0, 1, 'suppliers登入成功', '', '', 'TEST001', '211.21.65.1', '2017-11-29 18:25:59'),
(258, 'test', 3, 1, 2, '列表', '', '', 'TEST001', '211.21.65.1', '2017-11-29 18:26:18'),
(259, 'test', 4, 1, 2, '列表', '', '', 'TEST001', '211.21.65.1', '2017-11-29 18:26:20'),
(260, 'test', 4, 2, 2, '列表', '', '', 'TEST001', '211.21.65.1', '2017-11-29 18:26:21'),
(261, 'test', 4, 3, 2, '列表', '', '', 'TEST001', '211.21.65.1', '2017-11-29 18:26:22'),
(262, 'test', 7, 1, 2, '列表', '', '', 'TEST001', '211.21.65.1', '2017-11-29 18:26:24'),
(263, 'test', 3, 1, 2, '列表', '', '', 'TEST001', '211.21.65.1', '2017-11-29 18:27:21'),
(264, 'test', 7, 1, 2, '列表', '', '', 'TEST001', '211.21.65.1', '2017-11-29 18:47:43'),
(265, 'test', 0, 0, 1, 'suppliers登入成功', '', '', 'TEST001', '211.21.65.1', '2017-11-30 11:47:12'),
(266, 'test', 4, 1, 2, '列表', '', '', 'TEST001', '211.21.65.1', '2017-11-30 11:51:19'),
(267, 'test', 0, 0, 1, 'suppliers登入成功', '', '', 'TEST001', '211.21.65.1', '2017-11-30 13:39:12'),
(268, 'test', 3, 1, 2, '列表', '', '', 'TEST001', '211.21.65.1', '2017-11-30 13:39:19'),
(269, 'test', 7, 1, 2, '列表', '', '', 'TEST001', '211.21.65.1', '2017-11-30 13:39:40'),
(270, 'test', 8, 1, 2, '列表', '', '', 'TEST001', '211.21.65.1', '2017-11-30 13:39:43'),
(271, 'test', 2, 1, 2, '列表', '', '', 'TEST001', '211.21.65.1', '2017-11-30 14:16:49'),
(272, 'test', 2, 2, 2, '列表', '', '', 'TEST001', '211.21.65.1', '2017-11-30 14:16:50'),
(273, 'test', 7, 1, 2, '列表', '', '', 'TEST001', '211.21.65.1', '2017-11-30 14:18:44'),
(274, 'test', 1, 1, 2, '列表', '', '', 'TEST001', '211.21.65.1', '2017-11-30 14:18:49'),
(275, 'test', 8, 1, 2, '列表', '', '', 'TEST001', '211.21.65.1', '2017-11-30 14:19:20'),
(276, 'test', 1, 1, 2, '列表', '', '', 'TEST001', '211.21.65.1', '2017-11-30 14:19:23'),
(277, 'test', 3, 1, 2, '列表', '', '', 'TEST001', '211.21.65.1', '2017-11-30 14:38:54'),
(278, 'testtest02', 0, 0, 1, 'suppliers登入成功', '', '', 'test02', '211.21.65.1', '2017-11-30 14:58:36'),
(279, 'testtest02', 3, 1, 2, '列表', '', '', 'test02', '211.21.65.1', '2017-11-30 14:58:41'),
(280, 'testtest02', 2, 1, 2, '列表', '', '', 'test02', '211.21.65.1', '2017-11-30 14:58:44'),
(281, 'testtest02', 3, 1, 2, '列表', '', '', 'test02', '211.21.65.1', '2017-11-30 14:58:46'),
(282, 'testtest02', 0, 0, 1, 'suppliers登入成功', '', '', 'test02', '211.21.65.1', '2017-11-30 15:51:46'),
(283, 'testtest02', 3, 1, 2, '列表', '', '', 'test02', '211.21.65.1', '2017-11-30 15:51:49'),
(284, 'testtest02', 3, 1, 4, 'testtesttest id:testtest02', '', '', 'test02', '211.21.65.1', '2017-11-30 15:52:39'),
(285, 'testtest02', 1, 1, 2, '列表', '', '', 'test02', '211.21.65.1', '2017-11-30 15:53:53'),
(286, 'testtest02', 2, 1, 2, '列表', '', '', 'test02', '211.21.65.1', '2017-11-30 15:53:56'),
(287, 'testtest02', 2, 2, 2, '列表', '', '', 'test02', '211.21.65.1', '2017-11-30 15:53:57'),
(288, 'testtest02', 4, 1, 2, '列表', '', '', 'test02', '211.21.65.1', '2017-11-30 15:54:13'),
(289, 'testtest02', 4, 2, 2, '列表', '', '', 'test02', '211.21.65.1', '2017-11-30 15:54:14'),
(290, 'testtest02', 4, 3, 2, '列表', '', '', 'test02', '211.21.65.1', '2017-11-30 15:54:15'),
(291, 'testtest02', 3, 1, 2, '列表', '', '', 'test02', '211.21.65.1', '2017-11-30 15:54:17'),
(292, 'testtest02', 6, 1, 8, 'a:7:{s:9:\"status1_1\";s:5:\"1_1_1\";s:9:\"status1_2\";s:5:\"1_2_1\";s:9:\"status1_5\";s:5:\"1_5_1\";s:9:\"status', '', '', 'test02', '211.21.65.1', '2017-11-30 15:54:49'),
(293, 'testtest02', 4, 1, 2, '列表', '', '', 'test02', '211.21.65.1', '2017-11-30 15:54:55'),
(294, 'testtest02', 3, 1, 2, '列表', '', '', 'test02', '211.21.65.1', '2017-11-30 15:55:02'),
(295, 'testtest02', 2, 1, 2, '列表', '', '', 'test02', '211.21.65.1', '2017-11-30 15:56:38'),
(296, 'testtest02', 2, 2, 2, '列表', '', '', 'test02', '211.21.65.1', '2017-11-30 15:56:39'),
(297, 'testtest02', 1, 1, 2, '列表', '', '', 'test02', '211.21.65.1', '2017-11-30 15:56:42'),
(298, 'testtest02', 8, 1, 2, '列表', '', '', 'test02', '211.21.65.1', '2017-11-30 15:56:48'),
(299, 'testtest02', 7, 1, 2, '列表', '', '', 'test02', '211.21.65.1', '2017-11-30 15:56:50'),
(300, 'testtest02', 4, 1, 2, '列表', '', '', 'test02', '211.21.65.1', '2017-11-30 15:56:51'),
(301, 'testtest02', 3, 1, 2, '列表', '', '', 'test02', '211.21.65.1', '2017-11-30 15:56:53'),
(302, 'testtest02', 8, 1, 2, '列表', '', '', 'test02', '211.21.65.1', '2017-11-30 16:02:10'),
(303, 'testtest02', 7, 1, 2, '列表', '', '', 'test02', '211.21.65.1', '2017-11-30 16:19:47'),
(304, 'testtest02', 3, 1, 2, '列表', '', '', 'test02', '211.21.65.1', '2017-11-30 16:20:01'),
(305, 'testtest02', 4, 1, 2, '列表', '', '', 'test02', '211.21.65.1', '2017-11-30 16:42:14'),
(306, 'testtest02', 4, 2, 2, '列表', '', '', 'test02', '211.21.65.1', '2017-11-30 16:42:15'),
(307, 'testtest02', 4, 3, 2, '列表', '', '', 'test02', '211.21.65.1', '2017-11-30 16:42:16'),
(308, 'testtest02', 3, 1, 2, '列表', '', '', 'test02', '211.21.65.1', '2017-11-30 16:42:18'),
(309, 'testtest02', 7, 1, 2, '列表', '', '', 'test02', '211.21.65.1', '2017-11-30 16:42:20'),
(310, 'testtest02', 8, 1, 2, '列表', '', '', 'test02', '211.21.65.1', '2017-11-30 16:42:21'),
(311, 'testtest02', 2, 1, 2, '列表', '', '', 'test02', '211.21.65.1', '2017-11-30 16:42:38'),
(312, 'testtest02', 2, 2, 2, '列表', '', '', 'test02', '211.21.65.1', '2017-11-30 16:42:39'),
(313, 'testtest02', 1, 1, 2, '列表', '', '', 'test02', '211.21.65.1', '2017-11-30 16:42:41'),
(314, 'testtest02', 3, 1, 2, '列表', '', '', 'test02', '211.21.65.1', '2017-11-30 16:49:23'),
(315, 'testtest02', 3, 1, 2, '列表', '', '', 'test02', '211.21.65.1', '2017-11-30 17:19:59'),
(316, 'test', 0, 0, 1, 'suppliers登入成功', '', '', 'TEST001', '211.21.65.1', '2017-12-01 11:16:36'),
(317, 'test', 0, 0, 1, 'suppliers登入成功', '', '', 'TEST001', '211.21.65.1', '2017-12-01 13:39:48'),
(318, 'test', 8, 1, 2, '列表', '', '', 'TEST001', '211.21.65.1', '2017-12-01 16:39:43'),
(319, 'test', 3, 1, 2, '列表', '', '', 'TEST001', '211.21.65.1', '2017-12-01 17:13:58'),
(320, 'test', 4, 1, 2, '列表', '', '', 'TEST001', '211.21.65.1', '2017-12-01 17:14:02'),
(321, 'test', 4, 2, 2, '列表', '', '', 'TEST001', '211.21.65.1', '2017-12-01 17:14:06'),
(322, 'test', 4, 3, 2, '列表', '', '', 'TEST001', '211.21.65.1', '2017-12-01 17:14:07'),
(323, 'test', 7, 1, 2, '列表', '', '', 'TEST001', '211.21.65.1', '2017-12-01 17:14:09'),
(324, 'test', 2, 1, 2, '列表', '', '', 'TEST001', '211.21.65.1', '2017-12-01 17:14:33'),
(325, 'test', 2, 2, 2, '列表', '', '', 'TEST001', '211.21.65.1', '2017-12-01 17:14:38'),
(326, 'test', 1, 1, 2, '列表', '', '', 'TEST001', '211.21.65.1', '2017-12-01 17:14:42'),
(327, 'test', 3, 1, 2, '列表', '', '', 'TEST001', '211.21.65.1', '2017-12-01 17:16:15'),
(328, 'test', 7, 1, 2, '列表', '', '', 'TEST001', '211.21.65.1', '2017-12-01 17:16:17'),
(329, 'test', 8, 1, 2, '列表', '', '', 'TEST001', '211.21.65.1', '2017-12-01 17:16:18'),
(330, 'test', 2, 1, 2, '列表', '', '', 'TEST001', '211.21.65.1', '2017-12-01 17:16:24'),
(331, 'test', 2, 2, 2, '列表', '', '', 'TEST001', '211.21.65.1', '2017-12-01 17:16:25'),
(332, 'test', 1, 1, 2, '列表', '', '', 'TEST001', '211.21.65.1', '2017-12-01 17:16:26'),
(333, 'test', 0, 0, 1, 'suppliers登入成功', '', '', 'TEST001', '211.21.65.1', '2017-12-01 18:05:02'),
(334, 'test', 2, 1, 2, '列表', '', '', 'TEST001', '211.21.65.1', '2017-12-01 18:06:39'),
(335, 'test', 2, 2, 2, '列表', '', '', 'TEST001', '211.21.65.1', '2017-12-01 18:06:40'),
(336, 'test', 8, 1, 2, '列表', '', '', 'TEST001', '211.21.65.1', '2017-12-01 18:07:41'),
(337, 'guest', 0, 0, 1, 'admin登入失敗-帳密不正確', '', '', '', '211.21.65.1', '2017-12-04 11:02:59'),
(338, 'guest', 0, 0, 1, 'admin登入失敗-帳密不正確', '', '', '', '211.21.65.1', '2017-12-04 11:03:03'),
(339, 'guest', 0, 0, 1, 'admin登入失敗-帳密不正確', '', '', '', '211.21.65.1', '2017-12-04 11:03:09'),
(340, 'test', 0, 0, 1, 'suppliers登入成功', '', '', 'TEST001', '211.21.65.1', '2017-12-04 11:03:16'),
(341, 'test', 0, 0, 1, 'suppliers登入成功', '', '', 'TEST001', '211.21.65.1', '2017-12-04 17:10:08'),
(342, 'test', 8, 1, 2, '列表', '', '', 'TEST001', '211.21.65.1', '2017-12-04 17:10:33'),
(343, 'test', 2, 1, 2, '列表', '', '', 'TEST001', '211.21.65.1', '2017-12-04 17:11:21'),
(344, 'test', 2, 2, 2, '列表', '', '', 'TEST001', '211.21.65.1', '2017-12-04 17:11:22'),
(345, 'test', 3, 1, 2, '列表', '', '', 'TEST001', '211.21.65.1', '2017-12-04 17:11:26'),
(346, 'test', 4, 1, 2, '列表', '', '', 'TEST001', '211.21.65.1', '2017-12-04 17:11:30'),
(347, 'test', 4, 2, 2, '列表', '', '', 'TEST001', '211.21.65.1', '2017-12-04 17:11:31'),
(348, 'test', 4, 3, 2, '列表', '', '', 'TEST001', '211.21.65.1', '2017-12-04 17:11:32'),
(349, 'test', 7, 1, 2, '列表', '', '', 'TEST001', '211.21.65.1', '2017-12-04 17:11:34'),
(350, 'test', 8, 1, 2, '列表', '', '', 'TEST001', '211.21.65.1', '2017-12-04 17:11:38'),
(351, 'test', 0, 0, 1, 'suppliers登入成功', '', '', 'TEST001', '211.21.65.1', '2017-12-04 18:05:54'),
(352, 'test', 3, 1, 2, '列表', '', '', 'TEST001', '211.21.65.1', '2017-12-04 18:06:20'),
(353, 'test', 8, 1, 2, '列表', '', '', 'TEST001', '211.21.65.1', '2017-12-04 18:21:22'),
(354, 'test', 7, 1, 2, '列表', '', '', 'TEST001', '211.21.65.1', '2017-12-04 18:21:26'),
(355, 'test', 4, 1, 2, '列表', '', '', 'TEST001', '211.21.65.1', '2017-12-04 18:21:28'),
(356, 'test', 4, 2, 2, '列表', '', '', 'TEST001', '211.21.65.1', '2017-12-04 18:21:29'),
(357, 'test', 4, 3, 2, '列表', '', '', 'TEST001', '211.21.65.1', '2017-12-04 18:21:30'),
(358, 'test', 3, 1, 2, '列表', '', '', 'TEST001', '211.21.65.1', '2017-12-04 18:21:32'),
(359, 'test', 0, 0, 1, 'suppliers登入成功', '', '', 'TEST001', '211.21.65.1', '2017-12-05 10:49:21'),
(360, 'admin', 0, 0, 1, 'admin登入失敗-帳密不正確', '', '', '', '122.116.150.119', '2017-12-06 14:31:26'),
(361, 'admin', 0, 0, 1, 'admin登入失敗-帳密不正確', '', '', '', '122.116.150.119', '2017-12-06 14:31:47'),
(362, 'admini', 0, 0, 1, 'admin登入失敗-帳密不正確', '', '', '', '122.116.150.119', '2017-12-06 14:32:12'),
(363, 'test', 0, 0, 1, 'admin登入失敗-帳密不正確', '', '', '', '122.116.150.119', '2017-12-06 14:33:17'),
(364, 'test', 0, 0, 1, 'suppliers登入成功', '', '', 'TEST001', '122.116.150.119', '2017-12-06 14:33:36'),
(365, 'test', 3, 1, 2, '列表', '', '', 'TEST001', '122.116.150.119', '2017-12-06 15:18:40'),
(366, 'test', 2, 1, 2, '列表', '', '', 'TEST001', '122.116.150.119', '2017-12-06 17:55:46'),
(367, 'test', 3, 1, 2, '列表', '', '', 'TEST001', '122.116.150.119', '2017-12-06 17:55:52'),
(368, 'test', 3, 1, 8, 'TEEEEEES id:TEEEEEEST', '', '', 'TEST001', '122.116.150.119', '2017-12-06 17:56:12'),
(369, 'test', 3, 1, 2, '列表', '', '', 'TEST001', '122.116.150.119', '2017-12-07 10:36:10'),
(370, 'admin', 0, 0, 1, 'admin登入失敗-帳密不正確', '', '', '', '120.108.127.29', '2017-12-07 14:36:52'),
(371, 'admin', 0, 0, 1, 'admin登入失敗-帳密不正確', '', '', '', '120.108.127.29', '2017-12-07 14:36:57'),
(372, 'test', 0, 0, 1, 'suppliers登入成功', '', '', 'TEST001', '211.21.65.1', '2017-12-07 15:03:48'),
(373, 'test', 0, 0, 1, 'suppliers登入成功', '', '', 'TEST001', '59.127.37.46', '2017-12-08 11:31:23'),
(374, 'test', 0, 0, 1, 'suppliers登入成功', '', '', 'TEST001', '59.127.37.46', '2017-12-11 19:23:24'),
(375, 'test', 4, 1, 2, '列表', '', '', 'TEST001', '59.127.37.46', '2017-12-11 19:23:27'),
(376, 'test', 0, 0, 1, 'suppliers登入成功', '', '', 'TEST001', '59.127.37.46', '2017-12-12 10:14:02'),
(377, 'test', 4, 1, 2, '列表', '', '', 'TEST001', '59.127.37.46', '2017-12-12 10:14:07'),
(378, 'test', 4, 2, 2, '列表', '', '', 'TEST001', '59.127.37.46', '2017-12-12 10:14:08'),
(379, 'test', 4, 3, 2, '列表', '', '', 'TEST001', '59.127.37.46', '2017-12-12 10:14:08'),
(380, 'test', 4, 2, 2, '列表', '', '', 'TEST001', '59.127.37.46', '2017-12-12 10:14:09'),
(381, 'test', 4, 1, 2, '列表', '', '', 'TEST001', '59.127.37.46', '2017-12-12 10:14:10'),
(382, 'test', 3, 1, 2, '列表', '', '', 'TEST001', '59.127.37.46', '2017-12-12 10:15:50'),
(383, 'test', 7, 1, 2, '列表', '', '', 'TEST001', '59.127.37.46', '2017-12-12 10:18:22'),
(384, 'test', 8, 1, 2, '列表', '', '', 'TEST001', '59.127.37.46', '2017-12-12 10:18:24'),
(385, 'test', 3, 1, 2, '列表', '', '', 'TEST001', '59.127.37.46', '2017-12-12 10:20:23'),
(386, 'test', 4, 1, 2, '列表', '', '', 'TEST001', '59.127.37.46', '2017-12-12 10:20:24'),
(387, 'test', 4, 3, 2, '列表', '', '', 'TEST001', '59.127.37.46', '2017-12-12 10:20:25'),
(388, 'test', 7, 1, 2, '列表', '', '', 'TEST001', '59.127.37.46', '2017-12-12 10:20:26'),
(389, 'admin', 0, 0, 1, 'admin登入失敗-帳密不正確', '', '', '', '122.116.150.119', '2017-12-12 10:21:22'),
(390, 'admin', 0, 0, 1, 'admin登入失敗-帳密不正確', '', '', '', '122.116.150.119', '2017-12-12 10:21:32'),
(391, 'admin', 0, 0, 1, 'admin登入失敗-帳密不正確', '', '', '', '122.116.150.119', '2017-12-12 10:22:20'),
(392, 'test', 0, 0, 1, 'suppliers登入成功', '', '', 'TEST001', '122.116.150.119', '2017-12-12 10:26:06'),
(393, 'test', 3, 1, 2, '列表', '', '', 'TEST001', '122.116.150.119', '2017-12-12 10:26:49'),
(394, 'test', 3, 1, 8, 'TEEEEEES id:TEEEEEEST', '', '', 'TEST001', '122.116.150.119', '2017-12-12 10:34:52'),
(395, 'test', 3, 1, 2, '列表', '', '', 'TEST001', '122.116.150.119', '2017-12-12 11:26:45'),
(396, 'test', 4, 1, 2, '列表', '', '', 'TEST001', '122.116.150.119', '2017-12-12 11:26:46'),
(397, 'test', 3, 1, 2, '列表', '', '', 'TEST001', '122.116.150.119', '2017-12-12 15:31:27'),
(398, 'test', 4, 1, 2, '列表', '', '', 'TEST001', '122.116.150.119', '2017-12-12 15:31:30'),
(399, 'test', 4, 1, 8, '{id:000000001', '', '', 'TEST001', '122.116.150.119', '2017-12-12 15:32:06'),
(400, 'test', 4, 2, 2, '列表', '', '', 'TEST001', '122.116.150.119', '2017-12-12 15:32:10'),
(401, 'test', 4, 3, 2, '列表', '', '', 'TEST001', '122.116.150.119', '2017-12-12 15:32:14'),
(402, 'test', 7, 1, 2, '列表', '', '', 'TEST001', '122.116.150.119', '2017-12-12 15:33:17'),
(403, 'test', 8, 1, 2, '列表', '', '', 'TEST001', '122.116.150.119', '2017-12-12 15:37:19'),
(404, 'test', 7, 1, 2, '列表', '', '', 'TEST001', '122.116.150.119', '2017-12-12 15:37:42'),
(405, 'test', 8, 1, 2, '列表', '', '', 'TEST001', '122.116.150.119', '2017-12-12 15:37:45'),
(406, 'test', 0, 0, 1, 'admin登入失敗-帳密不正確', '', '', '', '59.127.37.46', '2017-12-12 17:05:44'),
(407, 'test', 0, 0, 1, 'suppliers登入成功', '', '', 'TEST001', '59.127.37.46', '2017-12-12 17:05:52'),
(408, 'test', 4, 1, 2, '列表', '', '', 'TEST001', '59.127.37.46', '2017-12-12 17:06:04'),
(409, 'test', 4, 2, 2, '列表', '', '', 'TEST001', '59.127.37.46', '2017-12-12 17:07:09'),
(410, 'test', 4, 1, 2, '列表', '', '', 'TEST001', '59.127.37.46', '2017-12-12 17:07:32'),
(411, 'test', 4, 2, 2, '列表', '', '', 'TEST001', '59.127.37.46', '2017-12-12 17:08:07'),
(412, 'test', 4, 1, 2, '列表', '', '', 'TEST001', '59.127.37.46', '2017-12-12 17:08:11'),
(413, 'test', 4, 2, 2, '列表', '', '', 'TEST001', '59.127.37.46', '2017-12-12 17:09:15'),
(414, 'test', 4, 1, 2, '列表', '', '', 'TEST001', '59.127.37.46', '2017-12-12 17:09:21'),
(415, 'test', 4, 1, 8, '{id:000000001', '', '', 'TEST001', '59.127.37.46', '2017-12-12 17:10:14'),
(416, 'test', 4, 2, 2, '列表', '', '', 'TEST001', '59.127.37.46', '2017-12-12 17:10:15'),
(417, 'test', 4, 1, 2, '列表', '', '', 'TEST001', '59.127.37.46', '2017-12-12 17:10:19'),
(418, 'test', 4, 2, 2, '列表', '', '', 'TEST001', '59.127.37.46', '2017-12-12 17:10:21'),
(419, 'test', 4, 1, 2, '列表', '', '', 'TEST001', '59.127.37.46', '2017-12-12 17:10:29'),
(420, 'test', 4, 2, 2, '列表', '', '', 'TEST001', '59.127.37.46', '2017-12-12 17:10:35'),
(421, 'test', 0, 0, 1, 'suppliers登入成功', '', '', 'TEST001', '211.21.65.1', '2017-12-13 10:24:16'),
(422, 'test', 3, 1, 2, '列表', '', '', 'TEST001', '211.21.65.1', '2017-12-13 10:24:21'),
(423, 'test', 4, 1, 2, '列表', '', '', 'TEST001', '211.21.65.1', '2017-12-13 10:24:48'),
(424, 'test', 4, 2, 2, '列表', '', '', 'TEST001', '211.21.65.1', '2017-12-13 10:24:50'),
(425, 'test', 7, 1, 2, '列表', '', '', 'TEST001', '211.21.65.1', '2017-12-13 10:25:05'),
(426, 'test', 1, 1, 2, '列表', '', '', 'TEST001', '211.21.65.1', '2017-12-13 10:25:29'),
(427, 'test', 3, 1, 2, '列表', '', '', 'TEST001', '211.21.65.1', '2017-12-13 10:25:33'),
(428, 'test', 4, 1, 2, '列表', '', '', 'TEST001', '211.21.65.1', '2017-12-13 10:25:35'),
(429, 'test', 4, 2, 2, '列表', '', '', 'TEST001', '211.21.65.1', '2017-12-13 10:25:36'),
(430, 'test', 4, 3, 2, '列表', '', '', 'TEST001', '211.21.65.1', '2017-12-13 10:25:37'),
(431, 'test', 4, 1, 2, '列表', '', '', 'TEST001', '211.21.65.1', '2017-12-13 10:25:38'),
(432, 'test', 7, 1, 2, '列表', '', '', 'TEST001', '211.21.65.1', '2017-12-13 10:25:40'),
(433, 'test', 8, 1, 2, '列表', '', '', 'TEST001', '211.21.65.1', '2017-12-13 10:25:42'),
(434, 'test', 0, 0, 1, 'suppliers登入成功', '', '', 'TEST001', '211.21.65.1', '2017-12-14 11:01:39'),
(435, 'test', 0, 0, 1, 'suppliers登入成功', '', '', 'TEST001', '59.127.37.46', '2017-12-16 14:29:08'),
(436, 'test', 4, 1, 2, '列表', '', '', 'TEST001', '59.127.37.46', '2017-12-16 14:29:13'),
(437, 'test', 4, 2, 2, '列表', '', '', 'TEST001', '59.127.37.46', '2017-12-16 14:29:15'),
(438, 'test', 4, 3, 2, '列表', '', '', 'TEST001', '59.127.37.46', '2017-12-16 14:29:15'),
(439, 'test', 4, 2, 2, '列表', '', '', 'TEST001', '59.127.37.46', '2017-12-16 14:29:18'),
(440, 'test', 4, 1, 2, '列表', '', '', 'TEST001', '59.127.37.46', '2017-12-16 14:29:19'),
(441, 'test', 7, 1, 2, '列表', '', '', 'TEST001', '59.127.37.46', '2017-12-16 14:29:21'),
(442, 'test', 8, 1, 2, '列表', '', '', 'TEST001', '59.127.37.46', '2017-12-16 14:29:23'),
(443, 'test', 2, 1, 2, '列表', '', '', 'TEST001', '59.127.37.46', '2017-12-16 14:29:41'),
(444, 'test', 2, 2, 2, '列表', '', '', 'TEST001', '59.127.37.46', '2017-12-16 14:29:45'),
(445, 'test', 1, 1, 2, '列表', '', '', 'TEST001', '59.127.37.46', '2017-12-16 14:29:48'),
(446, 'test', 7, 1, 2, '列表', '', '', 'TEST001', '59.127.37.46', '2017-12-16 14:29:54'),
(447, 'test', 3, 1, 2, '列表', '', '', 'TEST001', '59.127.37.46', '2017-12-16 14:29:57'),
(448, 'test', 0, 0, 1, 'suppliers登入成功', '', '', 'TEST001', '175.182.69.145', '2017-12-17 21:26:47'),
(449, 'test', 4, 1, 2, '列表', '', '', 'TEST001', '175.182.69.145', '2017-12-17 21:26:50'),
(450, 'test', 0, 0, 1, 'suppliers登入成功', '', '', 'TEST001', '59.127.37.46', '2017-12-18 11:36:23'),
(451, 'test', 4, 1, 2, '列表', '', '', 'TEST001', '59.127.37.46', '2017-12-18 11:36:27'),
(452, 'test', 5, 2, 2, '列表', '', '', 'TEST001', '59.127.37.46', '2017-12-18 11:36:31'),
(453, 'test', 3, 1, 2, '列表', '', '', 'TEST001', '59.127.37.46', '2017-12-18 11:36:37'),
(454, 'test', 4, 1, 2, '列表', '', '', 'TEST001', '59.127.37.46', '2017-12-18 11:36:40'),
(455, 'test', 4, 3, 2, '列表', '', '', 'TEST001', '59.127.37.46', '2017-12-18 11:36:41'),
(456, 'test', 4, 1, 2, '列表', '', '', 'TEST001', '59.127.37.46', '2017-12-18 11:36:42'),
(457, 'test', 4, 3, 2, '列表', '', '', 'TEST001', '59.127.37.46', '2017-12-18 11:36:46'),
(458, 'test', 4, 1, 2, '列表', '', '', 'TEST001', '59.127.37.46', '2017-12-18 11:36:47'),
(459, 'test', 4, 3, 2, '列表', '', '', 'TEST001', '59.127.37.46', '2017-12-18 11:36:48'),
(460, 'test', 7, 1, 2, '列表', '', '', 'TEST001', '59.127.37.46', '2017-12-18 11:36:49'),
(461, 'test', 4, 1, 2, '列表', '', '', 'TEST001', '59.127.37.46', '2017-12-18 11:45:57'),
(462, 'test', 4, 3, 2, '列表', '', '', 'TEST001', '59.127.37.46', '2017-12-18 11:45:58'),
(463, 'test', 4, 1, 2, '列表', '', '', 'TEST001', '59.127.37.46', '2017-12-18 11:45:58'),
(464, 'test', 4, 3, 2, '列表', '', '', 'TEST001', '59.127.37.46', '2017-12-18 11:45:59'),
(465, 'test', 3, 1, 2, '列表', '', '', 'TEST001', '59.127.37.46', '2017-12-18 12:00:34'),
(466, 'test', 4, 1, 2, '列表', '', '', 'TEST001', '59.127.37.46', '2017-12-18 12:00:44'),
(467, 'test', 4, 3, 2, '列表', '', '', 'TEST001', '59.127.37.46', '2017-12-18 12:00:45'),
(468, 'test', 4, 1, 2, '列表', '', '', 'TEST001', '59.127.37.46', '2017-12-18 12:03:29'),
(469, 'test', 8, 1, 2, '列表', '', '', 'TEST001', '59.127.37.46', '2017-12-18 12:03:34'),
(470, 'test', 5, 2, 2, '列表', '', '', 'TEST001', '59.127.37.46', '2017-12-18 12:03:37'),
(471, 'test', 4, 1, 2, '列表', '', '', 'TEST001', '59.127.37.46', '2017-12-18 12:03:41'),
(472, 'test', 4, 1, 8, '{id:1513267763', '', '', 'TEST001', '59.127.37.46', '2017-12-18 12:04:11'),
(473, 'test', 5, 2, 2, '列表', '', '', 'TEST001', '59.127.37.46', '2017-12-18 12:04:15'),
(474, 'test', 0, 0, 1, 'suppliers登入成功', '', '', 'TEST001', '122.116.150.119', '2017-12-18 15:09:41'),
(475, 'test', 0, 0, 1, 'suppliers登入成功', '', '', 'TEST001', '122.116.150.119', '2017-12-19 11:56:18'),
(476, 'test', 0, 0, 1, 'suppliers登入成功', '', '', 'TEST001', '59.127.37.46', '2017-12-21 14:25:57'),
(477, 'test', 0, 0, 1, 'suppliers登入成功', '', '', 'TEST001', '59.127.37.46', '2017-12-22 11:46:37'),
(478, 'test', 3, 1, 2, '列表', '', '', 'TEST001', '59.127.37.46', '2017-12-22 11:46:42'),
(479, 'test', 4, 1, 2, '列表', '', '', 'TEST001', '59.127.37.46', '2017-12-22 11:46:45'),
(480, 'test', 4, 3, 2, '列表', '', '', 'TEST001', '59.127.37.46', '2017-12-22 11:46:46'),
(481, 'test', 4, 1, 2, '列表', '', '', 'TEST001', '59.127.37.46', '2017-12-22 11:46:47'),
(482, 'test', 5, 2, 2, '列表', '', '', 'TEST001', '59.127.37.46', '2017-12-22 11:46:51'),
(483, 'test', 3, 1, 2, '列表', '', '', 'TEST001', '59.127.37.46', '2017-12-22 13:02:01'),
(484, 'test', 4, 1, 2, '列表', '', '', 'TEST001', '59.127.37.46', '2017-12-22 13:02:11'),
(485, 'test', 4, 1, 8, '{id:1513325180', '', '', 'TEST001', '59.127.37.46', '2017-12-22 13:02:53'),
(486, 'test', 5, 2, 2, '列表', '', '', 'TEST001', '59.127.37.46', '2017-12-22 13:02:57'),
(487, 'test', 3, 1, 2, '列表', '', '', 'TEST001', '59.127.37.46', '2017-12-22 14:53:41'),
(488, 'test', 5, 2, 2, '列表', '', '', 'TEST001', '59.127.37.46', '2017-12-22 14:58:43'),
(489, 'test', 3, 1, 2, '列表', '', '', 'TEST001', '59.127.37.46', '2017-12-22 15:37:21'),
(490, 'test', 5, 2, 2, '列表', '', '', 'TEST001', '59.127.37.46', '2017-12-22 15:44:50'),
(491, 'test', 0, 0, 1, 'suppliers登入成功', '', '', 'TEST001', '211.21.65.1', '2017-12-25 16:54:59'),
(492, 'test', 3, 1, 2, '列表', '', '', 'TEST001', '211.21.65.1', '2017-12-25 17:01:09'),
(493, 'test', 0, 0, 1, 'suppliers登入成功', '', '', 'TEST001', '211.21.65.1', '2017-12-26 09:50:36'),
(494, 'guest', 0, 0, 1, 'admin登入失敗-帳密不正確', '', '', '', '211.21.65.1', '2017-12-26 14:55:15'),
(495, 'test', 0, 0, 1, 'suppliers登入成功', '', '', 'TEST001', '211.21.65.1', '2017-12-26 14:55:23'),
(496, 'test', 3, 1, 2, '列表', '', '', 'TEST001', '211.21.65.1', '2017-12-26 14:55:28'),
(497, 'test', 3, 1, 8, 'TEEEEEES id:TEEEEEEST', '', '', 'TEST001', '211.21.65.1', '2017-12-26 14:56:03'),
(498, 'test', 4, 1, 2, '列表', '', '', 'TEST001', '211.21.65.1', '2017-12-26 14:56:08'),
(499, 'test', 4, 3, 2, '列表', '', '', 'TEST001', '211.21.65.1', '2017-12-26 14:56:19'),
(500, 'test', 4, 1, 2, '列表', '', '', 'TEST001', '211.21.65.1', '2017-12-26 14:56:21'),
(501, 'test', 8, 1, 2, '列表', '', '', 'TEST001', '211.21.65.1', '2017-12-26 14:56:51'),
(502, 'test', 5, 2, 2, '列表', '', '', 'TEST001', '211.21.65.1', '2017-12-26 14:57:01'),
(503, 'test', 8, 1, 2, '列表', '', '', 'TEST001', '211.21.65.1', '2017-12-26 14:58:05'),
(504, 'test', 7, 1, 2, '列表', '', '', 'TEST001', '211.21.65.1', '2017-12-26 14:58:07'),
(505, 'test', 4, 1, 2, '列表', '', '', 'TEST001', '211.21.65.1', '2017-12-26 14:58:09'),
(506, 'test', 4, 3, 2, '列表', '', '', 'TEST001', '211.21.65.1', '2017-12-26 14:58:10'),
(507, 'test', 8, 1, 2, '列表', '', '', 'TEST001', '211.21.65.1', '2017-12-26 15:16:27'),
(508, 'testtest02', 0, 0, 1, 'suppliers登入成功', '', '', 'test02', '211.21.65.1', '2017-12-26 15:20:10'),
(509, 'testtest02', 3, 1, 2, '列表', '', '', 'test02', '211.21.65.1', '2017-12-26 15:20:15'),
(510, 'testtest02', 4, 1, 2, '列表', '', '', 'test02', '211.21.65.1', '2017-12-26 15:20:20'),
(511, 'testtest02', 4, 3, 2, '列表', '', '', 'test02', '211.21.65.1', '2017-12-26 15:20:21'),
(512, 'testtest02', 7, 1, 2, '列表', '', '', 'test02', '211.21.65.1', '2017-12-26 15:20:22'),
(513, 'testtest02', 3, 1, 2, '列表', '', '', 'test02', '211.21.65.1', '2017-12-26 15:22:03'),
(514, 'testtest02', 4, 1, 2, '列表', '', '', 'test02', '211.21.65.1', '2017-12-26 15:23:07'),
(515, 'testtest02', 4, 3, 2, '列表', '', '', 'test02', '211.21.65.1', '2017-12-26 15:23:08'),
(516, 'testtest02', 7, 1, 2, '列表', '', '', 'test02', '211.21.65.1', '2017-12-26 15:23:09'),
(517, 'testtest02', 4, 1, 2, '列表', '', '', 'test02', '211.21.65.1', '2017-12-26 16:39:21'),
(518, 'testtest02', 3, 1, 2, '列表', '', '', 'test02', '211.21.65.1', '2017-12-26 16:41:31'),
(519, 'testtest02', 4, 1, 2, '列表', '', '', 'test02', '211.21.65.1', '2017-12-26 16:42:21'),
(520, 'testtest02', 4, 3, 2, '列表', '', '', 'test02', '211.21.65.1', '2017-12-26 16:42:22'),
(521, 'testtest02', 3, 1, 2, '列表', '', '', 'test02', '211.21.65.1', '2017-12-26 16:48:47'),
(522, 'testtest02', 3, 1, 8, 'testtesttest id:testtest02', '', '', 'test02', '211.21.65.1', '2017-12-26 16:49:22'),
(523, 'testtest02', 3, 1, 2, '列表', '', '', 'test02', '211.21.65.1', '2017-12-26 16:49:31'),
(524, 'testtest02', 4, 1, 2, '列表', '', '', 'test02', '211.21.65.1', '2017-12-26 16:49:44'),
(525, 'testtest02', 4, 3, 2, '列表', '', '', 'test02', '211.21.65.1', '2017-12-26 16:49:46'),
(526, 'testtest02', 7, 1, 2, '列表', '', '', 'test02', '211.21.65.1', '2017-12-26 16:49:47'),
(527, 'testtest02', 8, 1, 2, '列表', '', '', 'test02', '211.21.65.1', '2017-12-26 16:49:49'),
(528, 'testtest02', 2, 1, 2, '列表', '', '', 'test02', '211.21.65.1', '2017-12-26 16:51:55'),
(529, 'testtest02', 2, 2, 2, '列表', '', '', 'test02', '211.21.65.1', '2017-12-26 16:51:56'),
(530, 'testtest02', 2, 1, 2, '列表', '', '', 'test02', '211.21.65.1', '2017-12-26 16:52:00'),
(531, 'testtest02', 2, 2, 2, '列表', '', '', 'test02', '211.21.65.1', '2017-12-26 16:52:01'),
(532, 'testtest02', 1, 1, 2, '列表', '', '', 'test02', '211.21.65.1', '2017-12-26 16:52:02'),
(533, 'testtest02', 4, 1, 2, '列表', '', '', 'test02', '211.21.65.1', '2017-12-26 16:52:09'),
(534, 'testtest02', 4, 3, 2, '列表', '', '', 'test02', '211.21.65.1', '2017-12-26 16:52:10'),
(535, 'testtest02', 7, 1, 2, '列表', '', '', 'test02', '211.21.65.1', '2017-12-26 16:52:12'),
(536, 'testtest02', 8, 1, 2, '列表', '', '', 'test02', '211.21.65.1', '2017-12-26 16:52:15'),
(537, 'testtest02', 5, 2, 2, '列表', '', '', 'test02', '211.21.65.1', '2017-12-26 16:52:17'),
(538, 'testtest02', 2, 1, 2, '列表', '', '', 'test02', '211.21.65.1', '2017-12-26 16:52:27'),
(539, 'testtest02', 2, 2, 2, '列表', '', '', 'test02', '211.21.65.1', '2017-12-26 16:52:29'),
(540, 'testtest02', 1, 1, 2, '列表', '', '', 'test02', '211.21.65.1', '2017-12-26 16:52:31'),
(541, 'testtest02', 1, 1, 4, '111 id:4', '', '', 'test02', '211.21.65.1', '2017-12-26 16:52:45'),
(542, 'testtest02', 1, 1, 2, '列表', '', '', 'test02', '211.21.65.1', '2017-12-26 16:52:47'),
(543, 'testtest02', 2, 1, 2, '列表', '', '', 'test02', '211.21.65.1', '2017-12-26 16:52:50'),
(544, 'test', 0, 0, 1, 'suppliers登入成功', '', '', 'TEST001', '211.21.65.1', '2017-12-27 16:49:56'),
(545, 'test', 0, 0, 1, 'suppliers登入成功', '', '', 'TEST001', '211.21.65.1', '2017-12-27 17:20:12'),
(546, 'test', 3, 1, 2, '列表', '', '', 'TEST001', '211.21.65.1', '2017-12-27 17:20:16'),
(547, 'test', 6, 1, 8, 'a:9:{s:9:\"status1_1\";s:5:\"1_1_1\";s:9:\"status1_2\";s:5:\"1_2_1\";s:9:\"status1_3\";s:5:\"1_3_1\";s:9:\"status', '', '', 'TEST001', '211.21.65.1', '2017-12-27 17:20:28'),
(548, 'test', 5, 1, 8, 'a:2:{s:9:\"status1_2\";s:5:\"1_2_1\";s:9:\"status2_1\";s:5:\"2_1_1\";}', '', '', 'TEST001', '211.21.65.1', '2017-12-27 17:20:42'),
(549, 'test', 3, 1, 2, '列表', '', '', 'TEST001', '211.21.65.1', '2017-12-27 17:20:54'),
(550, 'test', 3, 1, 8, 'TEEEEEES id:TEEEEEEST', '', '', 'TEST001', '211.21.65.1', '2017-12-27 17:21:33'),
(551, 'test', 7, 1, 2, '列表', '', '', 'TEST001', '211.21.65.1', '2017-12-27 17:26:54'),
(552, 'test', 3, 1, 2, '列表', '', '', 'TEST001', '211.21.65.1', '2017-12-27 17:27:35'),
(553, 'test', 3, 1, 8, 'TEEEEEES id:TEEEEEEST', '', '', 'TEST001', '211.21.65.1', '2017-12-27 17:28:28'),
(554, 'test', 7, 1, 2, '列表', '', '', 'TEST001', '211.21.65.1', '2017-12-27 17:31:19'),
(555, 'test', 4, 1, 2, '列表', '', '', 'TEST001', '211.21.65.1', '2017-12-27 17:33:38'),
(556, 'test', 0, 0, 1, 'suppliers登入成功', '', '', 'TEST001', '59.127.37.46', '2017-12-27 17:35:06'),
(557, 'test', 8, 1, 2, '列表', '', '', 'TEST001', '211.21.65.1', '2017-12-27 17:35:17');
INSERT INTO `supplierslogs` (`no`, `account`, `main_key`, `fun_key`, `action`, `descript`, `table`, `data`, `suppid`, `ip`, `addtime`) VALUES
(558, 'test', 5, 2, 2, '列表', '', '', 'TEST001', '59.127.37.46', '2017-12-27 17:35:17'),
(559, 'test', 4, 1, 2, '列表', '', '', 'TEST001', '211.21.65.1', '2017-12-27 17:38:42'),
(560, 'test', 0, 0, 1, 'suppliers登入成功', '', '', 'TEST001', '175.182.69.145', '2017-12-27 17:46:02'),
(561, 'test', 0, 0, 1, 'suppliers登入成功', '', '', 'TEST001', '175.182.69.145', '2017-12-27 17:47:46'),
(562, 'test', 4, 1, 2, '列表', '', '', 'TEST001', '175.182.69.145', '2017-12-27 17:47:50'),
(563, 'test', 5, 2, 2, '列表', '', '', 'TEST001', '211.21.65.1', '2017-12-27 17:49:02'),
(564, 'test', 3, 1, 2, '列表', '', '', 'TEST001', '211.21.65.1', '2017-12-27 17:50:30'),
(565, 'test', 5, 2, 2, '列表', '', '', 'TEST001', '211.21.65.1', '2017-12-27 17:58:57'),
(566, 'guest', 0, 0, 1, 'admin登入失敗-帳密不正確', '', '', '', '211.21.65.1', '2017-12-28 17:06:43'),
(567, 'test', 0, 0, 1, 'suppliers登入成功', '', '', 'TEST001', '211.21.65.1', '2017-12-28 17:06:49'),
(568, 'test', 4, 1, 2, '列表', '', '', 'TEST001', '211.21.65.1', '2017-12-28 17:07:20'),
(569, 'test', 4, 3, 2, '列表', '', '', 'TEST001', '211.21.65.1', '2017-12-28 17:08:38'),
(570, 'test', 4, 1, 2, '列表', '', '', 'TEST001', '211.21.65.1', '2017-12-28 17:08:40'),
(571, 'test', 6, 1, 8, 'a:9:{s:9:\"status1_1\";s:5:\"1_1_1\";s:9:\"status1_2\";s:5:\"1_2_1\";s:9:\"status1_4\";s:5:\"1_4_1\";s:9:\"status', '', '', 'TEST001', '211.21.65.1', '2017-12-28 17:10:36'),
(572, 'test', 0, 0, 1, 'suppliers登入成功', '', '', 'TEST001', '211.21.65.1', '2017-12-28 17:55:20'),
(573, 'test', 3, 1, 2, '列表', '', '', 'TEST001', '211.21.65.1', '2017-12-28 17:56:51'),
(574, 'test', 7, 1, 2, '列表', '', '', 'TEST001', '211.21.65.1', '2017-12-28 17:57:03'),
(575, 'test', 8, 1, 2, '列表', '', '', 'TEST001', '211.21.65.1', '2017-12-28 17:57:05'),
(576, 'test', 5, 2, 2, '列表', '', '', 'TEST001', '211.21.65.1', '2017-12-28 17:57:08'),
(577, 'test', 4, 3, 2, '列表', '', '', 'TEST001', '211.21.65.1', '2017-12-28 17:57:19'),
(578, 'test', 3, 1, 2, '列表', '', '', 'TEST001', '211.21.65.1', '2017-12-28 17:57:22'),
(579, 'test', 2, 1, 2, '列表', '', '', 'TEST001', '211.21.65.1', '2017-12-28 17:57:26'),
(580, 'test', 2, 2, 2, '列表', '', '', 'TEST001', '211.21.65.1', '2017-12-28 17:57:26'),
(581, 'test', 2, 1, 2, '列表', '', '', 'TEST001', '211.21.65.1', '2017-12-28 17:57:40'),
(582, 'test', 2, 2, 2, '列表', '', '', 'TEST001', '211.21.65.1', '2017-12-28 17:57:41'),
(583, 'test', 2, 1, 2, '列表', '', '', 'TEST001', '211.21.65.1', '2017-12-28 17:57:44'),
(584, 'test', 2, 2, 2, '列表', '', '', 'TEST001', '211.21.65.1', '2017-12-28 17:57:52'),
(585, 'test', 0, 0, 1, 'suppliers登入成功', '', '', 'TEST001', '211.21.65.1', '2017-12-28 21:21:58'),
(586, 'test', 4, 1, 2, '列表', '', '', 'TEST001', '211.21.65.1', '2017-12-28 21:36:03'),
(587, 'test', 3, 1, 2, '列表', '', '', 'TEST001', '211.21.65.1', '2017-12-28 21:39:14'),
(588, 'test', 4, 1, 2, '列表', '', '', 'TEST001', '211.21.65.1', '2017-12-28 21:39:17'),
(589, 'test', 5, 2, 2, '列表', '', '', 'TEST001', '211.21.65.1', '2017-12-28 21:39:28'),
(590, 'test', 0, 0, 1, 'suppliers登入成功', '', '', 'TEST001', '211.21.65.1', '2017-12-29 15:35:01'),
(591, 'test', 0, 0, 1, 'suppliers登入成功', '', '', 'TEST001', '211.21.65.1', '2017-12-29 15:36:11'),
(592, 'test', 3, 1, 2, '列表', '', '', 'TEST001', '211.21.65.1', '2017-12-29 15:36:15'),
(593, 'test', 4, 1, 2, '列表', '', '', 'TEST001', '211.21.65.1', '2017-12-29 15:36:17'),
(594, 'test', 4, 3, 2, '列表', '', '', 'TEST001', '211.21.65.1', '2017-12-29 15:36:19'),
(595, 'test', 8, 1, 2, '列表', '', '', 'TEST001', '211.21.65.1', '2017-12-29 15:37:38'),
(596, 'test', 7, 1, 2, '列表', '', '', 'TEST001', '211.21.65.1', '2017-12-29 15:39:39'),
(597, 'test', 4, 1, 2, '列表', '', '', 'TEST001', '211.21.65.1', '2017-12-29 15:39:48'),
(598, 'test', 3, 1, 2, '列表', '', '', 'TEST001', '211.21.65.1', '2017-12-29 15:40:06'),
(599, 'test', 3, 1, 2, '列表', '', '', 'TEST001', '211.21.65.1', '2017-12-29 16:11:55'),
(600, 'test', 3, 1, 16, '1筆資料(\'TEEEEEEST\')', '', '', 'TEST001', '211.21.65.1', '2017-12-29 16:12:08'),
(601, 'test', 3, 1, 16, '1筆資料(\'test1128\')', '', '', 'TEST001', '211.21.65.1', '2017-12-29 16:12:11'),
(602, 'guest', 0, 0, 1, 'admin登入失敗-帳密不正確', '', '', '', '211.21.65.1', '2017-12-29 17:43:41'),
(603, 'test', 0, 0, 1, 'suppliers登入成功', '', '', 'TEST001', '211.21.65.1', '2017-12-29 17:43:58'),
(604, 'test', 8, 1, 2, '列表', '', '', 'TEST001', '211.21.65.1', '2017-12-29 17:44:02'),
(605, 'test', 5, 2, 2, '列表', '', '', 'TEST001', '211.21.65.1', '2017-12-29 17:44:05'),
(606, 'test', 0, 0, 1, 'suppliers登入成功', '', '', 'TEST001', '211.21.65.1', '2017-12-31 13:17:25'),
(607, 'test', 3, 1, 2, '列表', '', '', 'TEST001', '211.21.65.1', '2017-12-31 13:17:30'),
(608, 'test', 4, 1, 2, '列表', '', '', 'TEST001', '211.21.65.1', '2017-12-31 13:17:42'),
(609, 'test', 4, 3, 2, '列表', '', '', 'TEST001', '211.21.65.1', '2017-12-31 13:17:42'),
(610, 'test', 4, 1, 2, '列表', '', '', 'TEST001', '211.21.65.1', '2017-12-31 13:17:42'),
(611, 'test', 2, 2, 2, '列表', '', '', 'TEST001', '211.21.65.1', '2017-12-31 13:20:17'),
(612, 'test', 3, 1, 2, '列表', '', '', 'TEST001', '211.21.65.1', '2017-12-31 13:21:57'),
(613, 'test', 4, 1, 2, '列表', '', '', 'TEST001', '211.21.65.1', '2017-12-31 13:21:59'),
(614, 'test', 0, 0, 1, 'suppliers登入成功', '', '', 'TEST001', '211.21.65.1', '2017-12-31 14:45:50'),
(615, 'test', 7, 1, 2, '列表', '', '', 'TEST001', '211.21.65.1', '2017-12-31 14:46:00'),
(616, 'test', 8, 1, 2, '列表', '', '', 'TEST001', '211.21.65.1', '2017-12-31 14:46:02'),
(617, 'test', 0, 0, 1, 'suppliers登入成功', '', '', 'TEST001', '211.21.65.1', '2017-12-31 17:57:56'),
(618, 'test', 0, 0, 1, 'suppliers登入成功', '', '', 'TEST001', '211.21.65.1', '2017-12-31 18:11:55'),
(619, 'test', 2, 2, 2, '列表', '', '', 'TEST001', '211.21.65.1', '2017-12-31 18:12:04'),
(620, 'test', 7, 1, 2, '列表', '', '', 'TEST001', '211.21.65.1', '2017-12-31 18:14:19'),
(621, 'test', 8, 1, 2, '列表', '', '', 'TEST001', '211.21.65.1', '2017-12-31 18:14:42'),
(622, 'test', 4, 1, 2, '列表', '', '', 'TEST001', '211.21.65.1', '2017-12-31 18:15:05'),
(623, 'test', 0, 0, 1, 'suppliers登入成功', '', '', 'TEST001', '211.21.65.1', '2017-12-31 20:07:04'),
(624, 'test', 3, 1, 2, '列表', '', '', 'TEST001', '211.21.65.1', '2017-12-31 20:07:07'),
(625, 'test', 4, 1, 2, '列表', '', '', 'TEST001', '211.21.65.1', '2017-12-31 20:09:00'),
(626, 'test', 0, 0, 1, 'suppliers登入成功', '', '', 'TEST001', '59.127.37.46', '2018-01-02 14:05:12'),
(627, 'test', 5, 2, 2, '列表', '', '', 'TEST001', '59.127.37.46', '2018-01-02 14:05:38'),
(628, 'test', 4, 1, 2, '列表', '', '', 'TEST001', '59.127.37.46', '2018-01-02 14:06:48'),
(629, 'test', 5, 2, 2, '列表', '', '', 'TEST001', '59.127.37.46', '2018-01-02 14:09:19'),
(630, 'admin', 0, 0, 1, 'admin登入失敗-帳密不正確', '', '', '', '125.227.11.67', '2018-01-02 23:40:59'),
(631, 'test', 0, 0, 1, 'suppliers登入成功', '', '', 'TEST001', '125.227.11.67', '2018-01-02 23:41:27'),
(632, 'test', 5, 2, 2, '列表', '', '', 'TEST001', '125.227.11.67', '2018-01-02 23:53:42'),
(633, 'guest', 0, 0, 1, 'admin登入失敗-帳密不正確', '', '', '', '125.227.11.67', '2018-01-03 00:33:26'),
(634, 'guest', 0, 0, 1, 'admin登入失敗-帳密不正確', '', '', '', '125.227.11.67', '2018-01-03 00:34:05'),
(635, 'guest', 0, 0, 1, 'admin登入失敗-帳密不正確', '', '', '', '125.227.11.67', '2018-01-03 00:34:15'),
(636, 'guest', 0, 0, 1, 'admin登入失敗-帳密不正確', '', '', '', '125.227.11.67', '2018-01-03 00:34:36'),
(637, 'guest', 0, 0, 1, 'admin登入失敗-帳密不正確', '', '', '', '125.227.11.67', '2018-01-03 00:37:54'),
(638, 'admin', 0, 0, 1, 'admin登入失敗-帳密不正確', '', '', '', '125.227.11.67', '2018-01-03 00:38:08'),
(639, 'test', 0, 0, 1, 'suppliers登入成功', '', '', 'TEST001', '125.227.11.67', '2018-01-03 00:40:46'),
(640, 'test', 8, 1, 2, '列表', '', '', 'TEST001', '125.227.11.67', '2018-01-03 00:45:22'),
(641, 'test', 3, 1, 2, '列表', '', '', 'TEST001', '125.227.11.67', '2018-01-03 01:09:16'),
(642, 'test', 1, 1, 2, '列表', '', '', 'TEST001', '125.227.11.67', '2018-01-03 01:12:20'),
(643, 'admin', 0, 0, 1, 'admin登入失敗-帳密不正確', '', '', '', '59.127.37.46', '2018-01-03 11:06:04'),
(644, 'admin', 0, 0, 1, 'admin登入失敗-帳密不正確', '', '', '', '59.127.37.46', '2018-01-03 11:06:17'),
(645, 'admin', 0, 0, 1, 'admin登入失敗-帳密不正確', '', '', '', '59.127.37.46', '2018-01-03 11:08:19'),
(646, 'test', 0, 0, 1, 'suppliers登入成功', '', '', 'TEST001', '59.127.37.46', '2018-01-03 11:09:13'),
(647, 'test', 5, 2, 2, '列表', '', '', 'TEST001', '59.127.37.46', '2018-01-03 11:09:43'),
(648, 'test', 4, 2, 2, '列表', '', '', 'TEST001', '59.127.37.46', '2018-01-03 11:11:11'),
(649, 'test', 4, 1, 2, '列表', '', '', 'TEST001', '59.127.37.46', '2018-01-03 11:11:13'),
(650, 'test', 4, 2, 2, '列表', '', '', 'TEST001', '59.127.37.46', '2018-01-03 11:11:14'),
(651, 'test', 4, 3, 2, '列表', '', '', 'TEST001', '59.127.37.46', '2018-01-03 11:11:15'),
(652, 'test', 4, 1, 2, '列表', '', '', 'TEST001', '59.127.37.46', '2018-01-03 11:11:16'),
(653, 'test', 4, 2, 2, '列表', '', '', 'TEST001', '59.127.37.46', '2018-01-03 11:11:16'),
(654, 'test', 5, 2, 2, '列表', '', '', 'TEST001', '59.127.37.46', '2018-01-03 11:11:20'),
(655, 'test', 4, 2, 2, '列表', '', '', 'TEST001', '59.127.37.46', '2018-01-03 11:11:22'),
(656, 'test', 4, 1, 2, '列表', '', '', 'TEST001', '59.127.37.46', '2018-01-03 11:11:23'),
(657, 'test', 4, 2, 2, '列表', '', '', 'TEST001', '59.127.37.46', '2018-01-03 11:11:24'),
(658, 'test', 4, 3, 2, '列表', '', '', 'TEST001', '59.127.37.46', '2018-01-03 11:11:25'),
(659, 'test', 4, 1, 2, '列表', '', '', 'TEST001', '59.127.37.46', '2018-01-03 11:11:25'),
(660, 'test', 4, 2, 2, '列表', '', '', 'TEST001', '59.127.37.46', '2018-01-03 11:11:26'),
(661, 'test', 0, 0, 1, 'suppliers登入成功', '', '', 'TEST001', '120.108.127.29', '2018-01-03 15:52:58'),
(662, 'test', 4, 3, 2, '列表', '', '', 'TEST001', '120.108.127.29', '2018-01-03 15:53:07'),
(663, 'test', 2, 1, 2, '列表', '', '', 'TEST001', '120.108.127.29', '2018-01-03 15:54:39'),
(664, 'test', 5, 1, 8, 'a:2:{s:9:\"status1_2\";s:5:\"1_2_1\";s:9:\"status2_1\";s:5:\"2_1_1\";}', '', '', 'TEST001', '120.108.127.29', '2018-01-03 15:55:27'),
(665, 'test', 0, 0, 1, 'admin登入失敗-帳密不正確', '', '', '', '59.127.37.46', '2018-01-03 15:56:47'),
(666, 'test', 0, 0, 1, 'suppliers登入成功', '', '', 'TEST001', '59.127.37.46', '2018-01-03 15:56:53'),
(667, 'test', 8, 1, 2, '列表', '', '', 'TEST001', '59.127.37.46', '2018-01-03 15:56:56'),
(668, 'test', 0, 0, 1, 'suppliers登入成功', '', '', 'TEST001', '59.127.37.46', '2018-01-03 18:09:27'),
(669, 'test', 5, 1, 8, 'a:2:{s:9:\"status1_0\";s:5:\"1_0_0\";s:9:\"status2_0\";s:5:\"2_0_0\";}', '', '', 'TEST001', '59.127.37.46', '2018-01-03 18:10:00'),
(670, 'test', 5, 1, 8, 'a:2:{s:9:\"status1_0\";s:5:\"1_0_1\";s:9:\"status2_0\";s:5:\"2_0_1\";}', '', '', 'TEST001', '59.127.37.46', '2018-01-03 18:10:03'),
(671, 'test', 0, 0, 1, 'suppliers登入成功', '', '', 'TEST001', '211.21.65.1', '2018-01-05 15:49:37'),
(672, 'test', 0, 0, 1, 'suppliers登入成功', '', '', 'TEST001', '211.21.65.1', '2018-01-05 16:06:11'),
(673, 'test', 4, 1, 2, '列表', '', '', 'TEST001', '211.21.65.1', '2018-01-05 16:06:16'),
(674, 'test', 7, 1, 2, '列表', '', '', 'TEST001', '211.21.65.1', '2018-01-05 16:07:05'),
(675, 'test', 8, 1, 2, '列表', '', '', 'TEST001', '211.21.65.1', '2018-01-05 16:07:12'),
(676, 'test', 5, 2, 2, '列表', '', '', 'TEST001', '211.21.65.1', '2018-01-05 16:07:15'),
(677, 'test', 5, 1, 8, 'a:2:{s:9:\"status1_0\";s:5:\"1_0_1\";s:9:\"status2_0\";s:5:\"2_0_1\";}', '', '', 'TEST001', '211.21.65.1', '2018-01-05 16:55:10'),
(678, 'test', 0, 0, 1, 'suppliers登入成功', '', '', 'TEST001', '59.127.37.46', '2018-01-09 11:44:27'),
(679, 'test', 4, 2, 2, '列表', '', '', 'TEST001', '59.127.37.46', '2018-01-09 11:44:33');

-- --------------------------------------------------------

--
-- 資料表結構 `suppliers_rules`
--

CREATE TABLE `suppliers_rules` (
  `sr_id` int(11) NOT NULL COMMENT '流水號(PK)',
  `sr_name` varchar(80) NOT NULL COMMENT '角色名稱',
  `sr_depiction` text NOT NULL COMMENT '描述',
  `sr_superadmin` tinyint(4) NOT NULL DEFAULT '0' COMMENT '是否為超級管理員(0:否,1:是)',
  `sr_system` varchar(255) NOT NULL,
  `sr_suppid` varchar(20) NOT NULL COMMENT '所屬供應商',
  `sr_admin` varchar(20) NOT NULL COMMENT '管理員',
  `sr_updatetime` datetime NOT NULL COMMENT '最後更新時間',
  `sr_createtime` datetime NOT NULL COMMENT '建立時間'
) ENGINE=InnoDB DEFAULT CHARSET=utf8 COMMENT='權限角色';

--
-- 資料表的匯出資料 `suppliers_rules`
--

INSERT INTO `suppliers_rules` (`sr_id`, `sr_name`, `sr_depiction`, `sr_superadmin`, `sr_system`, `sr_suppid`, `sr_admin`, `sr_updatetime`, `sr_createtime`) VALUES
(1, '供應商主帳號', '供應商主帳號', 1, '', '', '', '0000-00-00 00:00:00', '0000-00-00 00:00:00'),
(2, '管理者', '', 0, '', 'TEST001', 'test', '2017-11-23 11:22:38', '2017-11-13 10:19:06'),
(3, 'guest', '', 0, '', 'TEST001', 'test', '2017-11-27 19:05:29', '2017-11-23 11:22:58'),
(4, '111', '', 1, '', 'test02', 'testtest02', '2017-12-26 16:52:45', '2017-12-26 16:52:45');

-- --------------------------------------------------------

--
-- 資料表結構 `suppliers_rules_auth`
--

CREATE TABLE `suppliers_rules_auth` (
  `sr_id` int(11) NOT NULL COMMENT '角色表ID',
  `sra_main_key` int(11) NOT NULL COMMENT '主功能key',
  `sra_fun_key` int(11) NOT NULL COMMENT '副功能key',
  `sra_auth` int(11) NOT NULL COMMENT '權限',
  `sra_admin` varchar(20) COLLATE utf8_unicode_ci NOT NULL COMMENT '管理員',
  `sra_updatetime` datetime NOT NULL COMMENT '更新時間',
  `sra_createtime` datetime NOT NULL COMMENT '建立時間'
) ENGINE=InnoDB DEFAULT CHARSET=utf8 COLLATE=utf8_unicode_ci COMMENT='權限記錄表';

--
-- 資料表的匯出資料 `suppliers_rules_auth`
--

INSERT INTO `suppliers_rules_auth` (`sr_id`, `sra_main_key`, `sra_fun_key`, `sra_auth`, `sra_admin`, `sra_updatetime`, `sra_createtime`) VALUES
(2, 1, 1, 30, 'test', '2017-11-23 11:22:38', '2017-11-23 11:22:38'),
(2, 2, 1, 30, 'test', '2017-11-23 11:22:38', '2017-11-23 11:22:38'),
(2, 2, 2, 30, 'test', '2017-11-23 11:22:38', '2017-11-23 11:22:38'),
(2, 2, 3, 2, 'test', '2017-11-23 11:22:38', '2017-11-23 11:22:38'),
(2, 3, 1, 30, 'test', '2017-11-23 11:22:38', '2017-11-23 11:22:38'),
(2, 4, 1, 30, 'test', '2017-11-23 11:22:38', '2017-11-23 11:22:38'),
(2, 4, 2, 30, 'test', '2017-11-23 11:22:38', '2017-11-23 11:22:38'),
(2, 4, 3, 30, 'test', '2017-11-23 11:22:38', '2017-11-23 11:22:38'),
(3, 2, 3, 2, 'test', '2017-11-27 19:05:29', '2017-11-27 19:05:29'),
(3, 3, 1, 30, 'test', '2017-11-27 19:05:29', '2017-11-27 19:05:29'),
(3, 4, 1, 30, 'test', '2017-11-27 19:05:29', '2017-11-27 19:05:29'),
(3, 4, 2, 30, 'test', '2017-11-27 19:05:29', '2017-11-27 19:05:29'),
(3, 4, 3, 30, 'test', '2017-11-27 19:05:29', '2017-11-27 19:05:29'),
(3, 5, 1, 8, 'test', '2017-11-27 19:05:29', '2017-11-27 19:05:29'),
(3, 6, 1, 8, 'test', '2017-11-27 19:05:29', '2017-11-27 19:05:29'),
(3, 7, 1, 30, 'test', '2017-11-27 19:05:29', '2017-11-27 19:05:29');

-- --------------------------------------------------------

--
-- 資料表結構 `supporderdetail`
--

CREATE TABLE `supporderdetail` (
  `ordid` varchar(20) NOT NULL COMMENT '訂單編號(PK)',
  `odno` int(11) NOT NULL COMMENT '項目流水號(PK)',
  `proname` varchar(50) NOT NULL COMMENT '商品名稱',
  `proid` varchar(20) NOT NULL COMMENT '產品編號',
  `qty` int(11) NOT NULL COMMENT '數量',
  `price` int(11) NOT NULL COMMENT '售價',
  `subtotal` int(11) NOT NULL COMMENT '小計',
  `PV` int(11) NOT NULL DEFAULT '0' COMMENT 'PV值',
  `bonuce` int(11) NOT NULL DEFAULT '0' COMMENT '紅利值'
) ENGINE=InnoDB DEFAULT CHARSET=utf8 COMMENT='供應商訂單子表';

--
-- 資料表的匯出資料 `supporderdetail`
--

INSERT INTO `supporderdetail` (`ordid`, `odno`, `proname`, `proid`, `qty`, `price`, `subtotal`, `PV`, `bonuce`) VALUES
('1513267763', 1, '萃取液test10', 'test10', 1, 2, 2, 3, 1),
('1513267763', 2, '不知道什麼test14', 'test14', 1, 11111, 11111, 1111, 11),
('1513267763', 3, '膠囊test08', 'test08', 1, 10, 10, 1, 2),
('1513325180', 4, '保養品test12', 'test12', 1, 100, 100, 200, 300),
('1513325681', 5, '保養品test12', 'test12', 1, 100, 100, 200, 300),
('1513327027', 6, '保養品test12', 'test12', 1, 100, 100, 200, 300),
('1513327462', 7, '保養品test12', 'test12', 1, 100, 100, 200, 300),
('1513327648', 8, '保養品test12', 'test12', 1, 100, 100, 200, 300),
('1513584561', 9, '保養品test11', 'test11', 1, 200, 200, 100, 1),
('1513589836', 10, '保養品test12', 'test12', 10, 100, 1000, 200, 300),
('1513611873', 11, '滴丸test04', 'test04', 1, 3000, 3000, 1320, 1320),
('1513654966', 12, '滴丸test02', 'test02', 1, 1000, 1000, 420, 420),
('1513660152', 13, '滴丸test03', 'test03', 1, 2000, 2000, 840, 840);

-- --------------------------------------------------------

--
-- 資料表結構 `supporders`
--

CREATE TABLE `supporders` (
  `ordid` varchar(20) NOT NULL COMMENT '訂單編號(PK)',
  `orddate` date NOT NULL COMMENT '訂單日期',
  `suppid` varchar(20) NOT NULL COMMENT '供應商ID',
  `discount` varchar(20) NOT NULL COMMENT '折抵方式',
  `discount_price` int(11) NOT NULL COMMENT '折抵金額',
  `pay_no` int(11) NOT NULL COMMENT '付款方式(編號)',
  `pay_price` int(11) NOT NULL COMMENT '付款金額',
  `ispay` char(1) NOT NULL COMMENT '付款狀態(0:未付款, 1:已付款)',
  `installment` smallint(6) NOT NULL COMMENT '分期期數',
  `total_price` int(11) NOT NULL COMMENT '訂單金額',
  `freight` int(11) NOT NULL COMMENT '運費金額',
  `PV` int(11) NOT NULL COMMENT 'PV值',
  `bonuce` int(11) NOT NULL COMMENT '紅利',
  `profit` int(11) NOT NULL COMMENT '利潤'
) ENGINE=InnoDB DEFAULT CHARSET=utf8 COMMENT='經銷商訂單';

--
-- 資料表的匯出資料 `supporders`
--

INSERT INTO `supporders` (`ordid`, `orddate`, `suppid`, `discount`, `discount_price`, `pay_no`, `pay_price`, `ispay`, `installment`, `total_price`, `freight`, `PV`, `bonuce`, `profit`) VALUES
('000000001', '2017-11-12', 'TEST001', '0', 0, 1, 1499, '0', 0, 0, 0, 0, 0, 0),
('1', '0000-00-00', 'TEST001', '', 0, 0, 0, '', 0, 0, 0, 0, 0, 0),
('1513267763', '2017-12-15', 'TEST001', '0', 0, 1, 0, '0', 0, 11123, 0, 14, 0, 0),
('1513325180', '2017-12-15', 'TEST001', '0', 0, 1, 0, '0', 0, 200, 100, 300, 0, 0),
('1513325681', '2017-12-15', 'TEST001', '0', 0, 1, 0, '0', 0, 200, 100, 300, 0, 0),
('1513327027', '2017-12-15', 'TEST001', '0', 0, 1, 0, '0', 0, 200, 100, 300, 0, 0),
('1513327462', '2017-12-15', 'TEST001', '0', 0, 2, 0, '0', 0, 200, 100, 300, 0, 0),
('1513327648', '2017-12-15', 'TEST001', '0', 0, 2, 0, '0', 0, 200, 100, 300, 0, 0),
('1513584561', '2017-12-18', '', '2', 100, 2, 0, '0', 0, 300, 100, 1, 0, 0),
('1513589836', '2017-12-18', '', '2', 1000, 1, 0, '0', 0, 1100, 100, 3000, 0, 0);

-- --------------------------------------------------------

--
-- 資料表結構 `supppayments`
--

CREATE TABLE `supppayments` (
  `no` int(11) NOT NULL COMMENT '流水號(PK)',
  `suppid` varchar(20) NOT NULL COMMENT '供應商ID',
  `mfno` int(11) NOT NULL COMMENT '金流業者編號',
  `payno` int(11) NOT NULL COMMENT '付款方式編號',
  `status` char(1) NOT NULL COMMENT '狀態(0:停用, 1:啟用)',
  `addtime` datetime NOT NULL COMMENT '建立時間',
  `updatetime` datetime NOT NULL COMMENT '修改時間'
) ENGINE=InnoDB DEFAULT CHARSET=utf8 COMMENT='經銷商付款方式';

--
-- 資料表的匯出資料 `supppayments`
--

INSERT INTO `supppayments` (`no`, `suppid`, `mfno`, `payno`, `status`, `addtime`, `updatetime`) VALUES
(1, 'test02', 1, 1, '1', '2017-11-30 15:54:49', '2017-11-30 15:54:52'),
(2, 'test02', 1, 2, '1', '2017-11-30 15:54:49', '2017-11-30 15:54:52'),
(3, 'test02', 1, 5, '1', '2017-11-30 15:54:49', '2017-11-30 15:54:52'),
(4, 'test02', 1, 6, '1', '2017-11-30 15:54:49', '2017-11-30 15:54:52'),
(5, 'test02', 1, 7, '1', '2017-11-30 15:54:49', '2017-11-30 15:54:52'),
(6, 'test02', 1, 8, '1', '2017-11-30 15:54:49', '2017-11-30 15:54:52'),
(7, 'test02', 1, 9, '1', '2017-11-30 15:54:49', '2017-11-30 15:54:52'),
(8, 'TEST001', 1, 1, '1', '2017-12-27 17:20:28', '2017-12-28 17:10:35'),
(9, 'TEST001', 1, 2, '1', '2017-12-27 17:20:28', '2017-12-28 17:10:35'),
(10, 'TEST001', 1, 3, '1', '2017-12-27 17:20:28', '2017-12-27 17:20:28'),
(11, 'TEST001', 1, 4, '1', '2017-12-27 17:20:28', '2017-12-28 17:10:35'),
(12, 'TEST001', 1, 5, '1', '2017-12-27 17:20:28', '2017-12-28 17:10:35'),
(13, 'TEST001', 1, 6, '1', '2017-12-27 17:20:28', '2017-12-28 17:10:35'),
(14, 'TEST001', 1, 7, '1', '2017-12-27 17:20:28', '2017-12-28 17:10:35'),
(15, 'TEST001', 1, 8, '1', '2017-12-27 17:20:28', '2017-12-28 17:10:35'),
(16, 'TEST001', 1, 9, '1', '2017-12-27 17:20:28', '2017-12-28 17:10:35'),
(17, 'TEST001', 1, 10, '1', '2017-12-28 17:10:35', '2017-12-28 17:10:35');

-- --------------------------------------------------------

--
-- 資料表結構 `suppshippings`
--

CREATE TABLE `suppshippings` (
  `no` int(11) NOT NULL COMMENT '流水號(PK)',
  `suppid` varchar(20) NOT NULL COMMENT '供應商ID',
  `logno` int(11) NOT NULL COMMENT '物流業者編號',
  `shipno` int(11) NOT NULL COMMENT '配送方式編號',
  `status` char(1) NOT NULL COMMENT '狀態(0:停用, 1:啟用)',
  `addtime` datetime NOT NULL COMMENT '建立時間',
  `updatetime` datetime NOT NULL COMMENT '修改時間'
) ENGINE=InnoDB DEFAULT CHARSET=utf8 COMMENT='經銷商配送方式';

--
-- 資料表的匯出資料 `suppshippings`
--

INSERT INTO `suppshippings` (`no`, `suppid`, `logno`, `shipno`, `status`, `addtime`, `updatetime`) VALUES
(1, 'TEST001', 1, 1, '1', '2017-11-27 10:40:52', '2017-11-27 10:40:52'),
(2, 'TEST001', 1, 2, '1', '2017-12-27 17:20:42', '2018-01-03 15:55:27'),
(3, 'TEST001', 2, 1, '1', '2017-12-27 17:20:42', '2018-01-03 15:55:27'),
(4, 'TEST001', 1, 0, '1', '2018-01-03 18:10:00', '2018-01-05 16:55:10'),
(5, 'TEST001', 2, 0, '1', '2018-01-03 18:10:00', '2018-01-05 16:55:10');

-- --------------------------------------------------------

--
-- 資料表結構 `suppstores`
--

CREATE TABLE `suppstores` (
  `no` int(11) NOT NULL COMMENT '流水號(PK)',
  `suppid` varchar(20) NOT NULL COMMENT '供應商ID',
  `store_name` varchar(50) NOT NULL COMMENT '門市名稱',
  `store_addr` varchar(250) NOT NULL COMMENT '門市地址',
  `store_tel` varchar(50) NOT NULL COMMENT '門市電話',
  `store_bustime` varchar(50) NOT NULL COMMENT '營業時間',
  `addtime` datetime NOT NULL COMMENT '建立時間',
  `updatetime` datetime NOT NULL COMMENT '修改時間'
) ENGINE=InnoDB DEFAULT CHARSET=utf8;

--
-- 資料表的匯出資料 `suppstores`
--

INSERT INTO `suppstores` (`no`, `suppid`, `store_name`, `store_addr`, `store_tel`, `store_bustime`, `addtime`, `updatetime`) VALUES
(2, 'TEST001', 'TEST', '台北市大安區TEST路', '0212345678', '10:00-22:00', '2018-01-03 15:55:27', '2018-01-05 16:55:10');

--
-- 已匯出資料表的索引
--

--
-- 資料表索引 `banners`
--
ALTER TABLE `banners`
  ADD PRIMARY KEY (`no`);

--
-- 資料表索引 `checkout`
--
ALTER TABLE `checkout`
  ADD PRIMARY KEY (`id`);

--
-- 資料表索引 `checkout_list`
--
ALTER TABLE `checkout_list`
  ADD PRIMARY KEY (`id`);

--
-- 資料表索引 `cstypes`
--
ALTER TABLE `cstypes`
  ADD PRIMARY KEY (`no`);

--
-- 資料表索引 `customerservices`
--
ALTER TABLE `customerservices`
  ADD PRIMARY KEY (`no`);

--
-- 資料表索引 `floginlogs`
--
ALTER TABLE `floginlogs`
  ADD PRIMARY KEY (`no`);

--
-- 資料表索引 `languages`
--
ALTER TABLE `languages`
  ADD PRIMARY KEY (`no`);

--
-- 資料表索引 `logistics`
--
ALTER TABLE `logistics`
  ADD PRIMARY KEY (`no`);

--
-- 資料表索引 `managerlogs`
--
ALTER TABLE `managerlogs`
  ADD PRIMARY KEY (`no`);

--
-- 資料表索引 `managers`
--
ALTER TABLE `managers`
  ADD PRIMARY KEY (`no`);

--
-- 資料表索引 `members`
--
ALTER TABLE `members`
  ADD PRIMARY KEY (`id`);

--
-- 資料表索引 `moneyflows`
--
ALTER TABLE `moneyflows`
  ADD PRIMARY KEY (`no`);

--
-- 資料表索引 `orderdetail`
--
ALTER TABLE `orderdetail`
  ADD PRIMARY KEY (`ordid`,`odno`);

--
-- 資料表索引 `orders`
--
ALTER TABLE `orders`
  ADD PRIMARY KEY (`ordid`);

--
-- 資料表索引 `pages`
--
ALTER TABLE `pages`
  ADD PRIMARY KEY (`no`);

--
-- 資料表索引 `payments`
--
ALTER TABLE `payments`
  ADD PRIMARY KEY (`no`);

--
-- 資料表索引 `pay_list`
--
ALTER TABLE `pay_list`
  ADD PRIMARY KEY (`id`);

--
-- 資料表索引 `proclass`
--
ALTER TABLE `proclass`
  ADD PRIMARY KEY (`no`);

--
-- 資料表索引 `productclass`
--
ALTER TABLE `productclass`
  ADD PRIMARY KEY (`no`);

--
-- 資料表索引 `productpics`
--
ALTER TABLE `productpics`
  ADD PRIMARY KEY (`no`);

--
-- 資料表索引 `products`
--
ALTER TABLE `products`
  ADD PRIMARY KEY (`proid`);

--
-- 資料表索引 `protags`
--
ALTER TABLE `protags`
  ADD PRIMARY KEY (`no`);

--
-- 資料表索引 `recommendmap`
--
ALTER TABLE `recommendmap`
  ADD PRIMARY KEY (`no`);

--
-- 資料表索引 `rules`
--
ALTER TABLE `rules`
  ADD UNIQUE KEY `a_id` (`r_id`);

--
-- 資料表索引 `rules_auth`
--
ALTER TABLE `rules_auth`
  ADD PRIMARY KEY (`r_id`,`ra_main_key`,`ra_fun_key`),
  ADD KEY `r_id` (`r_id`);

--
-- 資料表索引 `settings`
--
ALTER TABLE `settings`
  ADD PRIMARY KEY (`no`);

--
-- 資料表索引 `shippings`
--
ALTER TABLE `shippings`
  ADD PRIMARY KEY (`no`);

--
-- 資料表索引 `shiptypes`
--
ALTER TABLE `shiptypes`
  ADD PRIMARY KEY (`no`);

--
-- 資料表索引 `smslogs`
--
ALTER TABLE `smslogs`
  ADD PRIMARY KEY (`no`);

--
-- 資料表索引 `supplierPC`
--
ALTER TABLE `supplierPC`
  ADD PRIMARY KEY (`suppid`,`pc_no`);

--
-- 資料表索引 `suppliers`
--
ALTER TABLE `suppliers`
  ADD PRIMARY KEY (`suppid`),
  ADD UNIQUE KEY `account` (`account`);

--
-- 資料表索引 `supplierslogs`
--
ALTER TABLE `supplierslogs`
  ADD PRIMARY KEY (`no`);

--
-- 資料表索引 `suppliers_rules`
--
ALTER TABLE `suppliers_rules`
  ADD UNIQUE KEY `sr_id` (`sr_id`);

--
-- 資料表索引 `suppliers_rules_auth`
--
ALTER TABLE `suppliers_rules_auth`
  ADD PRIMARY KEY (`sr_id`,`sra_main_key`,`sra_fun_key`),
  ADD KEY `sr_id` (`sr_id`);

--
-- 資料表索引 `supporderdetail`
--
ALTER TABLE `supporderdetail`
  ADD PRIMARY KEY (`ordid`,`odno`);

--
-- 資料表索引 `supppayments`
--
ALTER TABLE `supppayments`
  ADD PRIMARY KEY (`no`);

--
-- 資料表索引 `suppshippings`
--
ALTER TABLE `suppshippings`
  ADD PRIMARY KEY (`no`);

--
-- 資料表索引 `suppstores`
--
ALTER TABLE `suppstores`
  ADD PRIMARY KEY (`no`);

--
-- 在匯出的資料表使用 AUTO_INCREMENT
--

--
-- 使用資料表 AUTO_INCREMENT `banners`
--
ALTER TABLE `banners`
  MODIFY `no` int(11) NOT NULL AUTO_INCREMENT COMMENT '流水號(PK)', AUTO_INCREMENT=7;
--
-- 使用資料表 AUTO_INCREMENT `checkout`
--
ALTER TABLE `checkout`
  MODIFY `id` int(11) NOT NULL AUTO_INCREMENT COMMENT '結帳ID (PK)', AUTO_INCREMENT=14;
--
-- 使用資料表 AUTO_INCREMENT `checkout_list`
--
ALTER TABLE `checkout_list`
  MODIFY `id` int(11) NOT NULL AUTO_INCREMENT COMMENT '結帳ID (PK)', AUTO_INCREMENT=3;
--
-- 使用資料表 AUTO_INCREMENT `cstypes`
--
ALTER TABLE `cstypes`
  MODIFY `no` int(11) NOT NULL AUTO_INCREMENT COMMENT '流水號(PK)', AUTO_INCREMENT=5;
--
-- 使用資料表 AUTO_INCREMENT `customerservices`
--
ALTER TABLE `customerservices`
  MODIFY `no` int(11) NOT NULL AUTO_INCREMENT COMMENT '流水號(PK)', AUTO_INCREMENT=7;
--
-- 使用資料表 AUTO_INCREMENT `floginlogs`
--
ALTER TABLE `floginlogs`
  MODIFY `no` int(11) NOT NULL AUTO_INCREMENT COMMENT '流水號(PK)';
--
-- 使用資料表 AUTO_INCREMENT `languages`
--
ALTER TABLE `languages`
  MODIFY `no` int(11) NOT NULL AUTO_INCREMENT COMMENT '流水號(PK)', AUTO_INCREMENT=2;
--
-- 使用資料表 AUTO_INCREMENT `logistics`
--
ALTER TABLE `logistics`
  MODIFY `no` int(11) NOT NULL AUTO_INCREMENT COMMENT '流水號(PK)', AUTO_INCREMENT=3;
--
-- 使用資料表 AUTO_INCREMENT `managerlogs`
--
ALTER TABLE `managerlogs`
  MODIFY `no` int(11) NOT NULL AUTO_INCREMENT COMMENT '流水號(PK)', AUTO_INCREMENT=3636;
--
-- 使用資料表 AUTO_INCREMENT `managers`
--
ALTER TABLE `managers`
  MODIFY `no` int(11) NOT NULL AUTO_INCREMENT COMMENT '流水號(PK)', AUTO_INCREMENT=4;
--
-- 使用資料表 AUTO_INCREMENT `moneyflows`
--
ALTER TABLE `moneyflows`
  MODIFY `no` int(11) NOT NULL AUTO_INCREMENT COMMENT '流水號(PK)', AUTO_INCREMENT=2;
--
-- 使用資料表 AUTO_INCREMENT `pages`
--
ALTER TABLE `pages`
  MODIFY `no` int(11) NOT NULL AUTO_INCREMENT COMMENT '流水號(PK)', AUTO_INCREMENT=9;
--
-- 使用資料表 AUTO_INCREMENT `payments`
--
ALTER TABLE `payments`
  MODIFY `no` int(11) NOT NULL AUTO_INCREMENT COMMENT '流水號(PK)', AUTO_INCREMENT=10;
--
-- 使用資料表 AUTO_INCREMENT `pay_list`
--
ALTER TABLE `pay_list`
  MODIFY `id` int(11) NOT NULL AUTO_INCREMENT COMMENT '結帳ID (PK)';
--
-- 使用資料表 AUTO_INCREMENT `proclass`
--
ALTER TABLE `proclass`
  MODIFY `no` int(11) NOT NULL AUTO_INCREMENT COMMENT '類別編號 (PK)', AUTO_INCREMENT=26;
--
-- 使用資料表 AUTO_INCREMENT `productclass`
--
ALTER TABLE `productclass`
  MODIFY `no` int(11) NOT NULL AUTO_INCREMENT COMMENT '圖片流水號(PK)', AUTO_INCREMENT=21;
--
-- 使用資料表 AUTO_INCREMENT `productpics`
--
ALTER TABLE `productpics`
  MODIFY `no` int(11) NOT NULL AUTO_INCREMENT COMMENT '圖片流水號(PK)', AUTO_INCREMENT=28;
--
-- 使用資料表 AUTO_INCREMENT `protags`
--
ALTER TABLE `protags`
  MODIFY `no` int(11) NOT NULL AUTO_INCREMENT COMMENT '標籤編號(流水號) ', AUTO_INCREMENT=3;
--
-- 使用資料表 AUTO_INCREMENT `recommendmap`
--
ALTER TABLE `recommendmap`
  MODIFY `no` int(11) NOT NULL AUTO_INCREMENT COMMENT '流水號(PK)', AUTO_INCREMENT=80;
--
-- 使用資料表 AUTO_INCREMENT `rules`
--
ALTER TABLE `rules`
  MODIFY `r_id` int(11) NOT NULL AUTO_INCREMENT COMMENT '流水號(PK)', AUTO_INCREMENT=5;
--
-- 使用資料表 AUTO_INCREMENT `settings`
--
ALTER TABLE `settings`
  MODIFY `no` int(11) NOT NULL AUTO_INCREMENT COMMENT '流水號(PK)', AUTO_INCREMENT=12;
--
-- 使用資料表 AUTO_INCREMENT `shippings`
--
ALTER TABLE `shippings`
  MODIFY `no` int(11) NOT NULL AUTO_INCREMENT COMMENT '流水號(PK)', AUTO_INCREMENT=4;
--
-- 使用資料表 AUTO_INCREMENT `shiptypes`
--
ALTER TABLE `shiptypes`
  MODIFY `no` int(11) NOT NULL AUTO_INCREMENT COMMENT '流水號(PK)', AUTO_INCREMENT=4;
--
-- 使用資料表 AUTO_INCREMENT `smslogs`
--
ALTER TABLE `smslogs`
  MODIFY `no` int(11) NOT NULL AUTO_INCREMENT COMMENT '流水號(PK)';
--
-- 使用資料表 AUTO_INCREMENT `supplierslogs`
--
ALTER TABLE `supplierslogs`
  MODIFY `no` int(11) NOT NULL AUTO_INCREMENT COMMENT '流水號(PK)', AUTO_INCREMENT=680;
--
-- 使用資料表 AUTO_INCREMENT `suppliers_rules`
--
ALTER TABLE `suppliers_rules`
  MODIFY `sr_id` int(11) NOT NULL AUTO_INCREMENT COMMENT '流水號(PK)', AUTO_INCREMENT=5;
--
-- 使用資料表 AUTO_INCREMENT `supppayments`
--
ALTER TABLE `supppayments`
  MODIFY `no` int(11) NOT NULL AUTO_INCREMENT COMMENT '流水號(PK)', AUTO_INCREMENT=18;
--
-- 使用資料表 AUTO_INCREMENT `suppshippings`
--
ALTER TABLE `suppshippings`
  MODIFY `no` int(11) NOT NULL AUTO_INCREMENT COMMENT '流水號(PK)', AUTO_INCREMENT=6;
--
-- 使用資料表 AUTO_INCREMENT `suppstores`
--
ALTER TABLE `suppstores`
  MODIFY `no` int(11) NOT NULL AUTO_INCREMENT COMMENT '流水號(PK)', AUTO_INCREMENT=3;
--
-- 已匯出資料表的限制(Constraint)
--

--
-- 資料表的 Constraints `rules_auth`
--
ALTER TABLE `rules_auth`
  ADD CONSTRAINT `rules_auth_ibfk_1` FOREIGN KEY (`r_id`) REFERENCES `rules` (`r_id`) ON DELETE CASCADE ON UPDATE CASCADE;

--
-- 資料表的 Constraints `suppliers_rules_auth`
--
ALTER TABLE `suppliers_rules_auth`
  ADD CONSTRAINT `suppliers_rules_auth_ibfk_1` FOREIGN KEY (`sr_id`) REFERENCES `suppliers_rules` (`sr_id`) ON DELETE CASCADE ON UPDATE CASCADE;
COMMIT;

/*!40101 SET CHARACTER_SET_CLIENT=@OLD_CHARACTER_SET_CLIENT */;
/*!40101 SET CHARACTER_SET_RESULTS=@OLD_CHARACTER_SET_RESULTS */;
/*!40101 SET COLLATION_CONNECTION=@OLD_COLLATION_CONNECTION */;
